TF,target,importance
KLRC1,SNX24,7.695602835503233
PRKACA,CTD-2620I22.7,6.745051816500649
RP11-488C13.5,RHOV,6.50796825782236
OS9,CGN,6.480485315683302
RP4-635E18.8,RP11-196O16.1,6.439167520039393
RPL3,LINC00638,6.359047445467731
IL32,RP11-81H3.2,5.813907342140603
RGS2,AL049829.1,5.63655077211499
ZMYND8,GRIN2C,5.625948327237381
DLG4,FOXE1,5.525767062169519
SATB2,SOX13,5.379632632614402
RCE1,FOXE1,5.216699548753056
KLRC2,DNAJC28,5.065678547681713
PLXDC2,MTBP,5.021933187450723
RP11-295P9.3,RP4-635E18.7,5.001810414258666
B2M,RP11-81H3.2,4.969980844289772
RUNX3,RP11-524F11.2,4.768150546277492
RFNG,GYPE,4.6844496809918486
TBX1,C1orf177,4.673036302455232
NEAT1,AGAP9,4.672743391800111
ADAP2,CTD-2192J16.26,4.627546831119966
LILRB1,DNAJC28,4.586778943112123
ARAP1,CENPI,4.538216694599919
FASN,CGN,4.530674196417067
SLC25A35,CTRC,4.514890091224416
TSPAN4,FAM47E,4.5112947470357465
MAFB,ZFHX2,4.440241051859927
SELP,RP11-423C15.3,4.415387145898726
IER3,ESPL1,4.380983673715702
TPTEP1,RP11-118K6.3,4.209277447704098
WBP2,AL049829.1,4.169931176075929
AHNAK,AC108025.2,4.143617599593966
ANXA2,SNRK-AS1,4.117835988894917
CTSD,AC108025.2,4.083987512122688
TFEB,RBL1-1,4.06058598646235
KLRG1,CTD-3194G12.2,4.015780038550524
MT-ND1,RP11-722E23.2,3.99805014569569
IFITM10,RP11-787I22.3,3.992810992033837
LYAR,DIRC3,3.97401103039696
DGCR2,MTTP,3.868324360137082
TMSB4X,DCLRE1A,3.8613047310322535
NUDT9,DCLRE1A,3.848783553108204
DMTN,CTD-2620I22.7,3.8362771208266575
CENPB,RP11-456K23.1,3.8246538708854954
NPLOC4,FAM47E,3.770247337920495
C1orf21,RP11-314A20.5,3.752801989966166
B2M,CAPN9,3.731709394460076
RP11-505P4.6,NODAL,3.73115069671578
SNN,RP1-122O8.7,3.705621307151513
KIF19,ARNTL2,3.692308574529549
KIR3DL2,RP11-769O8.2,3.6475684596640474
SAT1,APCDD1,3.643449032546968
PHRF1,BBS5,3.6417792454380384
APOBEC3G,TNS4,3.621935801256298
GIGYF1,CTC-503J8.4,3.5973081494663024
LRP3,RET,3.575668280135416
PRF1,RP11-358L4.1,3.5751998609430764
RP11-110I1.14,GJC2,3.5739200488939105
CD74,AC000068.5,3.5651487094649483
TSPO,FANCE,3.5645963196991253
GRAP2,AGAP9,3.560690559376556
TOX2,DDR2,3.5513163399628187
PPIF,RP11-423C15.3,3.547416047314184
MIDN,HSPA12B,3.5268356147022097
MLC1,CTD-2081C10.7,3.4651429025759297
RPF2,S100A3,3.4611137352738552
CFD,C17orf96,3.4587719036121274
CYB561A3,AC108025.2,3.448575906534304
DUSP2,FANCE,3.44579341788378
TTC7A,RP11-54O7.1,3.4457162176019698
DMXL2,RFX8,3.433184549572508
SLC35E1,IL17A,3.429059334297216
GNLY,RP11-314C16.1,3.4239575793345915
LGALS3,RP11-358L4.1,3.421748224510653
GSTO1,FANCE,3.409789042898376
RFNG,ZFHX2,3.394322821788464
SETD5-AS1,NLGN3,3.3870557306811486
FSIP2,HSPA12B,3.377573483985448
TSC22D1,RP11-122G18.5,3.3515837220558584
DUSP2,WWC2-AS2,3.343750906899002
IRF5,C1orf111,3.3427528089077825
CCL3,KRBOX1-1,3.3423828139992096
AC078883.3,LINC00951,3.339620787946872
CAMKK2,ELMOD1,3.327893892935932
KLF16,RP11-505P4.7,3.318700730921205
KDM5A,GRIN2C,3.3089828628803177
C12orf75,RP11-168O16.1,3.28067516130254
IQSEC1,IQSEC3,3.277845750298256
CTNNA1,RP11-665G4.1,3.2735743440637632
GGA1,PTH2,3.2708230903889315
CRIP2,LONRF2,3.2633154670482307
SNAI3,MTTP,3.258437851551802
PDZK1IP1,RP11-546M21.6,3.2270835658670576
TSPAN2,LONRF2,3.226670270370356
ARID5A,CLDN22,3.2232326350713048
AC022007.5,DNAJB5,3.220592872245325
PRR24,CTD-2527I21.7,3.213863217065154
TIMP1,CTC-498J12.3,3.1951083545888417
TNK2,IQSEC3,3.1889396374347507
R3HDM2,CGN,3.1821888075652014
LAG3,HCG20,3.152449924566783
SLC35F3,APCDD1,3.143834494210171
APOBR,RP11-686D22.4,3.142028249202967
CTSH,C11orf45,3.122094125626995
MAX,AC000068.5,3.0468375079152974
RP11-611L7.1,RP11-168O16.1,3.043578010994108
F13A1,CCDC110,3.0413593344095773
RAMP1,C2orf48,3.0307712670589746
KIAA1109,RP11-665G4.1,3.029760930323894
TPP1,MST1R,3.025731337010474
NCOA4,RP11-168O16.1,3.020205949636926
RAB3D,RP11-225B17.2,3.006791205299047
TTC38,RP11-362K14.6,3.004063302130184
DDX42,RP3-323N1.2,2.9978353272174605
CXCR3,AL049829.1,2.9865690850150117
HLA-DQB1,RP4-677H15.4,2.9865232141641807
ROBO3,UNC13A,2.9801734073800565
BIRC6,FANCE,2.972957610514114
KHNYN,RP11-456K23.1,2.9714374103485275
CD97,RP11-787I22.3,2.9622848326198574
OSCAR,SPTB,2.958720514454251
HBD,RP1-86C11.7,2.951306270307244
ACTB,CCR8,2.949841973417492
STAG3,EPN2-AS1,2.93547005549764
TMSB10,RP11-81H3.2,2.926389419493028
RP11-490O6.2,RP11-276E15.4,2.924837930718275
ARID5B,AGAP9,2.9163735920544545
PGRMC2,RP11-276E15.4,2.907189989119033
HMOX1,PLCD4,2.905290456667632
MIR155HG,RP11-787I22.3,2.902866626924654
MIDN,RIPK4,2.8928645368941592
DYNLT1,RP11-665G4.1,2.8914019279812804
CD68,RP11-29H23.4,2.8875761824722948
CD8B,AC079354.5,2.885150006136812
GNLY,KRBOX1-1,2.8802618022564825
TNPO2,RBL1-1,2.8506591455930206
RP11-505K9.1,RP11-314C16.1,2.847248851060707
SNORD3D,CTD-2619J13.3,2.835689811898332
CCNY,AC016738.4,2.8321733464602223
GNLY,MPP4,2.8263239603805306
SPIB,JAG2,2.822606506053672
IGF2R,FOXE1,2.817464198834837
VIM,LINC00638,2.811132801264528
GLIPR2,LINC00951,2.793859882036272
MFSD1,APCDD1,2.79172900964262
SNX29,RP11-713D19.1,2.791344567078823
IFITM2,PLCD4,2.7815090650310097
MALAT1,CTD-3224K15.3,2.775534240647292
AC115618.1,ADAM20,2.7719991325052464
AKAP13,RFX8,2.765051511604681
HSPG2,AC068282.3,2.764811575434844
FGFBP2,RP11-118K6.3,2.748763494773832
APOBEC3G,C17orf96,2.7485341079938617
CX3CR1,CTD-2081C10.7,2.733724123962653
FAM26F,HCG20,2.723294212650084
RP11-707G14.7,LIF,2.715143106646792
SLC22A4,TMEM105,2.7135116275560747
ZNF562,EPAS1,2.7106563993317847
CD300A,CTD-2619J13.3,2.704744658126882
APMAP,RP11-54O7.1,2.7024950206848417
CDKN2D,RP11-15A1.7,2.693981021729358
PPIF,AC000068.5,2.693526895490801
QSER1,CTD-3194G12.2,2.677009872566865
MMD,SCML2,2.6749856994330936
EPHB6,RP11-54O7.1,2.67295872394178
TPST2,RP11-722E23.2,2.6722079345620755
TTC7B,RP11-546M21.6,2.668490886321929
SOX4,RFX8,2.668155444842893
FAM129A,RP11-314C16.1,2.665654583891474
HLA-DRB5,RP11-142C4.6,2.654876955548352
ERBB2,VNN3,2.6490476270049266
HSPA2,PTH2,2.6488662673086223
SYNE2,MTBP,2.6476109739282885
RPF2,RP11-524F11.2,2.635738154818002
MT-ATP6,COL1A1,2.615333612834827
HLA-DPB1,CXXC4,2.6145000492812285
ZNF683,RP4-677H15.4,2.6125632453976126
C7orf50,CTC-498J12.3,2.6000220728528096
SERPINE1,AC015969.3,2.5907645186887733
SETD5-AS1,C17orf96,2.5843082962746813
CRIP2,CCR8,2.576933683109816
ASCL2,RP11-118K6.3,2.57472642439912
IRF7,TTC39A,2.573607326420463
CHD6,HCG20,2.563359877843191
MT-ND2,RP11-196O16.1,2.559178119243523
HGD,RGS9BP,2.537235463328078
HELB,CTD-2527I21.7,2.536961710754872
PPM1F,AP3B2,2.5346427595505485
NPEPPS,CTC-498J12.3,2.534041724431764
INTS1,C17orf96,2.524245476114867
RP11-468E2.4,VASN,2.521446883772762
FAM110A,IL10,2.5039101934813086
DPP3,RP11-142C4.6,2.4992229001965995
DENND4B,FAM47E,2.498620028668534
NAGK,AC000068.5,2.49860244480924
CCNK,CYP46A1,2.4979277506190254
MT-CO1,CYP46A1,2.483749742437037
GPX1,IL10,2.4808775767096587
UBXN6,C11orf45,2.4782511356384798
LTB,ASB9,2.475507364939736
MBOAT2,MAEL,2.4743103031006117
HIST1H1C,AC009312.1,2.457079035512627
PRF1,CTC-523E23.1,2.4477776770938733
MZB1,HCAR1,2.4453709109678865
GGA1,C19orf44,2.4451671128641963
SLAMF7,AF131215.5,2.44269115406378
PITPNM1,RP11-167N5.5,2.4363974164676656
PDCD7,RP11-168O16.1,2.4331255854788054
TMSB4X,AF131215.5,2.4310872755655253
RBM12B,TMEM105,2.4308702487506544
MRPS24,PAPL,2.4221785581631314
PPP1R12C,CYP46A1,2.4187782666888604
LTB,GSG2,2.4079989522541188
RGL2,CCR8,2.397069851902327
MT-CO1,AGAP9,2.3951196943333786
FERMT3,AC009312.1,2.393867600535088
ARID2,LIF,2.389724636220812
LILRB3,FBXO30,2.3892878615420976
JOSD2,PTH2,2.388326990002786
RUFY1,GABRD,2.3850195609735274
FRMD4B,ARNTL2,2.3843225486150024
ZEB2,PTH2,2.379035108145229
AP001055.6,CAPN9,2.378859828875871
NAP1L5,RP11-665G4.1,2.365562180097061
MTURN,RP3-323N1.2,2.3600892467698475
OAZ1,FOXE1,2.3592239274989004
S100A4,EPAS1,2.3591541239731018
COTL1,HCG20,2.359094065483045
TCL1A,RP11-142C4.6,2.353967327053763
APMAP,RP11-325I22.2,2.3531299076394365
GZMA,C1orf111,2.347219253154809
TNPO2,RP4-677H15.4,2.344908786157633
KLRC4,RP11-686D22.4,2.3443418135381995
MYO9B,RP4-635E18.7,2.341263830579934
PFN1,ACTG2,2.339304031119458
KLRD1,CTD-2081C10.7,2.334341672306881
PPP1R12C,IL17A,2.3337072037999738
PDZD4,PTPRR,2.327729049514345
AC115618.1,RP11-722E23.2,2.3164889982025163
OASL,AC000068.5,2.315610297160079
HLA-DRB5,C17orf96,2.313765490530462
CCR10,PAPL,2.3064055182279906
MAX,RP11-713D19.1,2.3030128719938747
LAT2,LHX1,2.3029421876343656
BCL2L11,RP11-414H17.5,2.3024435081109687
IQGAP1,GJC2,2.296560129692807
CTSA,MST1R,2.2937220253557795
EIF4EBP1,CSN1S1,2.2905644633790323
ST8SIA6,RP11-362K14.6,2.2903386893882383
CEBPA,CLDN22,2.289664913331137
GRAP2,RP11-722E23.2,2.2877030671984717
FGFBP2,GRIN2C,2.2741474570686493
SNN,RP11-167N5.5,2.272084990041844
KDM5C,ACTG2,2.271395689830804
IL3RA,RP11-167N5.5,2.269624977090059
ID3,RP11-196O16.1,2.2681132179796197
ARHGAP18,AC015969.3,2.267691538801766
RPP25L,PSD3,2.2673632631324536
RPLP1,CAPN9,2.2639325744942003
RP3-337D23.3,IL17A,2.262535995809672
MT-ND1,AC068282.3,2.257428176080401
PTGR1,RP11-348N5.7,2.252962086156796
IER2,RHD,2.2506237110322447
IGFBP7,RP4-655J12.4,2.2496247466165564
TIGIT,RP11-55K13.1,2.2486825231901104
DNAJC1,RP11-15A1.7,2.248224673018141
NUDT9,SPTB,2.243043067322073
PDCD7,SPTB,2.242445723993871
F13A1,RHD,2.2410980308425548
HSCB,LAMB3,2.235934423037298
LYZ,CLDN23,2.234667187142497
PARVB,CTD-2619J13.3,2.2289986615492023
BRD2,RGS9BP,2.22880047991369
ARHGAP18,CSN1S1,2.227896003472654
S100A12,CLDN23,2.2273367111822333
KIF27,C19orf44,2.227316665080554
NGFRAP1,CYP46A1,2.223563065385793
YWHAH,FANCE,2.223103109137432
KIR3DL2,MPP4,2.222852476503567
MGST2,CLDN22,2.222157547021212
IGFBP7,RP11-325I22.2,2.218889008594532
CD63,RP11-225B17.2,2.2128338801467087
CD151,NODAL,2.212789586026
GZMK,RP11-54O7.1,2.211661920646049
KAT2B,CCR8,2.208600949067584
PDCD1,HCG20,2.206807447112321
PDLIM1,COL1A1,2.2022821516552997
IGFBP7,RP3-323N1.2,2.201765071631294
RP11-336K24.12,ARNTL2,2.195939143921481
COTL1,FANCE,2.194789395589654
SRRM5,RP11-328M4.2,2.1939405972947945
GALK1,S100A3,2.1891561993953035
NCR3,RP11-769O8.2,2.188593299433021
CTDNEP1,RP11-269M20.3,2.184817279829769
PASK,AC068282.3,2.1828759644895603
C19orf83,CXXC4,2.175313173875588
WIPF2,DNAH12,2.17503193406053
FTH1,RP11-81H3.2,2.1747254712352486
GCHFR,DNAH12,2.168691067827736
RP11-154D17.1,IL10,2.165825119622219
FBXL19,CTD-2619J13.3,2.1636418298731708
TOX2,ACTG2,2.162838247362916
FBXW11,RP11-420L9.5,2.1624765953566283
NKAP,WFDC3,2.161883085393532
UBE2V2,FAM47E,2.161737065741716
MIR181A2HG,CTRC,2.161053666035915
CLEC7A,RP11-167N5.5,2.160256619791592
SERPINF2,TTC39A,2.1540889659558715
RGS18,PAPL,2.153687266679831
ETV6,LRP12,2.153529127985644
YWHAH,IL17A,2.152543582749522
GSTP1,AFAP1L1,2.151939095373919
CD1C,CLDN23,2.137534099368005
CD4,RIPK4,2.136178961195188
EPB41L2,RP11-362K14.6,2.132845119321353
FAM214B,CTC-503J8.4,2.131449898891825
CST7,CCDC81,2.1282266724868766
NEAT1,FAM225A,2.124476963873986
PYHIN1,RP11-456K23.1,2.121484586716006
MT-CO1,HM13-AS1,2.1156728349311718
RPL34,ARHGAP44,2.1145641544878453
TTC38,CTC-523E23.1,2.1102377543294843
LINC00884,AC000068.5,2.1094081127889384
TYK2,GRIN2D,2.108899040468127
LINC00926,GYPE,2.10500459588142
RP11-102N12.3,CTD-2527I21.7,2.1043269748513778
CHAC2,RBL1-1,2.101878822807679
PDE5A,MPP4,2.10033532008922
TNFRSF17,RGS9BP,2.0944734240824654
UNC93B1,RHOV,2.0941857701541235
GNPTAB,AC140481.2,2.090763656242484
PASK,CGN,2.086866198173757
ATG10,GRIN2C,2.085468896928244
MT-ND2,LINC00638,2.084466299589562
EIF4EBP1,SNRK-AS1,2.081345772506977
TUBA4A,CTD-3194G12.2,2.080350013790353
FCRL6,CLDN22,2.079820838701186
SNORD3B-2,FBXO30,2.074818417863173
RP11-758M4.4,PNMT,2.072194166719024
UBE2V2,USP27X-AS1,2.071127536326032
CDKN2D,AC009312.1,2.0678750108115462
CTSH,C15orf65,2.0664500256612173
ARHGAP18,RP11-328C8.4,2.0630672369366767
HVCN1,MST1R,2.0621510901123883
PTGDR,KRBOX1-1,2.0594729498620383
ZMYND8,RP11-362K14.7,2.058768331055908
TNFSF10,RP11-505P4.7,2.0575987922697463
SNAI3,RP11-325I22.2,2.0502180675097432
EIF4G3,RP11-505P4.7,2.043664386221833
ARID5A,RP11-713D19.1,2.042505304436256
HLA-DRA,RP11-276E15.4,2.039067453993149
MT2A,RP11-456K23.1,2.0389109186013195
LRIF1,RP11-686D22.4,2.035779687632332
PROCR,CTD-2619J13.3,2.033968121327059
VAC14,RP4-655J12.4,2.031574771566843
TLN1,MTBP,2.0248042806148003
KIAA1109,VSTM2B,2.0238043855492776
CCL4,ESPL1,2.023013237195761
TRIP10,BBS5,2.022648204673274
MFSD1,ZNF572,2.0210331655224016
SLC35E1,GSG2,2.0207270923504983
WBP2,BBS5,2.018512560074133
NPEPPS,RIPK4,2.0184815235214755
IFFO1,FANCE,2.017650739326388
NAGK,PSD3,2.0155080690425224
BIRC3,HM13-AS1,2.010114846425907
HLA-DRA,C15orf65,2.0088726977395623
IFI27L2,RP11-420L9.5,2.004917102809885
MT2A,AF131215.5,2.0025467190528663
LYN,HM13-AS1,2.000104107279177
MYO9A,KCNK5,1.998961357513341
TIGIT,FZD8,1.998823006811528
GIGYF2,AC000068.5,1.9987482956397595
PRSS23,RP11-456K23.1,1.9981885978561
ZCCHC17,PTH2,1.997058444491634
ANXA2,AF131215.5,1.9959803614959928
GZMB,XX-FW83128A1.2,1.990504663174196
GLIPR1,MTBP,1.986403200070712
FCRL1,UNC13A,1.9833849967925297
PSAP,APCDD1,1.977945064249628
YWHAH,CAPN9,1.97658357482044
ZNF683,DNAJC28,1.9764349457923245
KCNG1,WFDC3,1.975417228931342
VMO1,LYPD2,1.9722851059204305
ALOX5,CASC2,1.9713919030432208
TIMP2,CTD-3194G12.2,1.970501675102776
PDXK,RP11-348N5.7,1.9674902581819305
DYNLT1,LRP12,1.9674024105544423
SELPLG,RGS9BP,1.9638584067086664
S100A11,EPAS1,1.960206210412187
TBX21,RP11-362K14.7,1.9559105454808836
TSPAN2,GCSAML,1.9495230440481013
PTGDS,RP11-420L9.5,1.9482602888682403
CD74,LHX1,1.9455843476178944
IER2,PDE7B,1.944784687877782
BATF,DDR2,1.941538279378579
C14orf80,BBS5,1.937120611262487
RP11-488L18.10,ACTG2,1.9371036921611424
WDR11,AC007036.6,1.930445892889494
TNK2,RFX8,1.9300265482752463
IER5L,RP11-358L4.1,1.9246825249488009
CDC42EP3,ARNTL2,1.9229146895889813
BRD3,RP11-275I4.1,1.9214157450734848
CLEC4E,CYB5R2,1.9192386427530357
KPNA6,GRIN2D,1.913952478894752
KIF2A,C19orf44,1.9121179342667125
GAS2L1,ELMOD1,1.911285877658928
BATF,RP11-362K14.6,1.9102020335225336
FGFBP2,FBXO30,1.909859672056952
TUG1,CTC-498J12.3,1.909411359425492
AP5B1,RP11-196O16.1,1.9068134298518795
PPAPDC1B,WFDC3,1.905538026151431
APP,LIF,1.9044659643711337
TP53BP1,RP11-328C8.4,1.9005302546794964
GIGYF2,LONRF2,1.8994230342666176
CAST,KRBOX1-1,1.898371635322117
RP11-367G6.3,TNS4,1.897749386064831
MALAT1,AC079354.5,1.895356388248205
PRSS23,KRBOX1-1,1.8946981854376208
LGALS3,PAPL,1.893985401922572
PVRL1,HCAR1,1.892273339402787
FYN,AC140481.2,1.8915054763701955
RP4-633O19__A.1,FAM225A,1.891195743344815
TUBA4A,ASB9,1.8899766670905496
ZNF267,LONRF2,1.889619347003342
ZNF142,AMZ1,1.889448407504252
TMSB4X,HSPA12B,1.8887885191587643
KIF13B,RP1-261D10.2,1.8884164296174888
RCE1,RP11-167N5.5,1.887937175079576
GNAI2,KCNK5,1.8870559354007097
ITM2C,RP11-420L9.5,1.8817835752424068
RPLP1,C1orf101,1.8795769141463428
SYNGR1,RP11-456K23.1,1.878482846715676
ALOX5AP,C19orf44,1.8783258377839656
B2M,HSPA12B,1.8780629990829072
CD8B,C1orf101,1.877992735567353
R3HDM2,RP11-196O16.1,1.8739166292811065
ACTN1,RP11-713D19.1,1.8727140436658076
KLRG1,CCDC81,1.8712599531645728
VPREB3,RP11-505P4.7,1.8702567439036648
IER5,FKBP9,1.865734285068732
GPR68,XX-FW83128A1.2,1.8611863432840727
STK40,AGAP9,1.8588662467590675
RP1-202O8.3,EPN2-AS1,1.8577273091528916
PROCR,RP11-362K14.6,1.8561585569266068
SRF,C2orf48,1.855428928691556
NGFRAP1,AC108025.2,1.8530722592452509
FTH1,CTD-2527I21.7,1.8529841791287172
RP4-728D4.2,CENPI,1.8519805379902277
MAPKAPK2,PTH2,1.8479621273521016
KLRC1,HBA2,1.8466320034730288
HLA-DPB1,RP11-665G4.1,1.846541534931738
CD8B,RP11-722E23.2,1.8464311145352024
KIAA0513,HCG20,1.8454022375567567
CCNK,PLCD4,1.8414454243591167
MT2A,DNAH12,1.8405509679073664
LIMS1,RP11-713D19.1,1.8393930828681444
POMC,HBA2,1.838278060745265
TSPO,EPHB3,1.8375881580117843
MIDN,EPAS1,1.836814655296028
TIMP1,C2orf48,1.835807821832152
CD8A,AC015971.2,1.8356467445223168
SMPD3,CYP46A1,1.8351503405814924
CHN2,RIPK4,1.833339769048186
ITM2C,AFAP1L1,1.8303461285352365
PYCARD,MTBP,1.8292270770162489
ENDOD1,ARNTL2,1.828309534643065
RNASEK,CTD-2620I22.7,1.8273823769243087
IL21R,RP11-325I22.2,1.8265538270057635
CSF2RA,ZNF572,1.8260097857175568
GNG11,PDE1A,1.8245320812089512
JOSD2,RP11-196O16.1,1.823633286242479
PATL2,AC000068.5,1.821943111269504
ZNF554,AC079354.5,1.8217889259515463
FASLG,LONRF2,1.8209529424706743
IGJ,LHX1,1.8209278263274529
NUDT9,DNAH12,1.819799702947372
AKNA,FANCE,1.817986025351775
APP,RP11-524F11.2,1.8178207247473857
MT-ND2,SPTB,1.8160657144589936
CD40,CTD-2527I21.7,1.8122703470023385
DOPEY2,XX-FW83128A1.2,1.81065297565351
MPP1,SEZ6,1.8096780113920856
GZMB,RP1-261D10.2,1.8057145316083043
PRR24,SLC35D3,1.804957729465385
SRPK2,S100A3,1.8043021686456964
PKIG,GSG2,1.8041827441787093
TUBGCP4,AP3B2,1.8035144898546411
DERL3,EPN2-AS1,1.8015568730662737
YWHAH,ASB9,1.7972183431991289
PINLYP,ACTG2,1.790495979318937
TLE3,ESPL1,1.7897123825963537
CTBP2,XX-FW83128A1.2,1.7896408567063709
B2M,C19orf44,1.789599049855202
AP1S2,CCDC110,1.7868624112777405
ITPR2,STRIP2,1.7855629915260969
GBGT1,AFAP1L1,1.7850124556919371
ZFYVE1,C19orf44,1.7822396216152332
GGA1,MAEL,1.7819469999601123
LINC01137,CLDN23,1.770134442249065
C7orf50,RP11-511B23.2,1.769660135314253
LYAR,DDR2,1.767091397342587
RRBP1,CXXC4,1.7667727658875771
ZMYND11,PSD3,1.7654022424871545
APMAP,IL17A,1.765278057372071
C5orf56,DNAH12,1.764557485566896
PATL2,CTC-523E23.1,1.7637358899835716
ARRB1,RP11-358L4.1,1.7636532494104629
PKN2,STRIP2,1.7622912924390293
MT-CO1,KRBOX1-1,1.758165057869897
CFP,RP11-81H3.2,1.7560337308634502
MAPKAPK2,RP11-546M21.6,1.7557826458800756
APMAP,AC009312.1,1.755088851155734
ZEB2,CTD-3224K15.3,1.7550080957595835
MALAT1,ARHGAP44,1.7493744883961466
HLA-DMB,S100A3,1.7493701790391896
GP9,RHD,1.748099815105448
SIK3,ACTG2,1.7479538762090006
RAPGEF5,CTD-2081C10.7,1.7475053321878775
ARID5B,IL10,1.7450374038650376
FAM65A,C15orf65,1.7443828920583588
HEBP2,UNC13A,1.7405125383666225
TIMP1,USP27X-AS1,1.7394374467861775
WBP2,PDE7B,1.7346079043196558
IGJ,RP4-635E18.7,1.7333944486252602
ARHGAP4,SCML2,1.733180282654362
APOM,CLDN23,1.7300308793554942
BCL6,IQSEC3,1.7285726677035866
IFI27L2,CCR8,1.727711682040161
ZNF593,IL17A,1.72711278122367
PRF1,CTRC,1.7269654692761591
TMEM205,RP4-677H15.4,1.7268026766723086
GNLY,CCDC81,1.72497899063621
NMB,PTH2,1.7219129935641553
PMAIP1,RP11-275I4.1,1.7212107606759324
DUSP1,CCDC81,1.7200406220145996
ENDOD1,RP4-635E18.7,1.7198721101284469
PLAUR,MAEL,1.71962303446857
BLK,ZNF572,1.7151734113287953
CD81,RP11-54O7.1,1.71412001462369
MS4A1,HM13-AS1,1.7139596779599604
ECE1,GJC2,1.7115520193105758
PASK,RIPK4,1.7072894551296367
ZBTB16,CTC-523E23.1,1.7067674998775957
SYNGR1,FAM225A,1.7053596495019747
TP53INP2,FAM225A,1.7048094511175258
PMAIP1,RP11-686D22.4,1.704693174768246
TCHP,ZNF572,1.7046276247950736
PPIF,AF131215.5,1.704068168370653
ARMC7,C1orf111,1.7033239106075575
FTH1,AL049829.1,1.703301316919474
TMCO3,NLGN3,1.7032510471250757
ACTB,CAPN9,1.701540834557254
SLA,CASC2,1.6987336216906888
LINC00926,CTD-2527I21.7,1.6977706953512264
TMSB4X,GYPE,1.6955784589677965
PNPLA6,SNRK-AS1,1.6939981267787387
RBPMS2,MMP1,1.693406381758273
CD97,RP11-414H17.5,1.6914364867626626
IER2,CCR8,1.6845882723798842
FERMT3,AFAP1L1,1.6831038550474835
PHACTR1,MTTP,1.6802768432188266
OAZ1,UNC13A,1.6766478619035567
FAM26F,RP11-358L4.1,1.6763637575435957
APMAP,EPN2-AS1,1.6761523476094171
DENND1B,JAG2,1.674661451349429
RP4-728D4.2,RP11-769O8.2,1.6731507155132463
EHBP1L1,FZD8,1.6722166522967197
C1orf35,CTD-2620I22.7,1.669608382722764
CCDC82,LHX1,1.6676481774545358
SELPLG,RP11-787I22.3,1.66483704249421
SCRIB,USP27X-AS1,1.663798612543386
FAM110A,CXXC4,1.6632515052160115
GRN,VSTM2B,1.66207131058799
RPL34,PNMT,1.660414069004266
TYROBP,KCNK5,1.6602193250793966
B2M,RP1-86C11.7,1.6592934570509956
RSU1,CTD-3194G12.2,1.6590061361039798
SCO2,RP11-328C8.4,1.6568755178101
TMEM205,RP11-713D19.1,1.6551638558732618
EMR2,RET,1.6540749478023515
MS4A1,RP11-665G4.1,1.6477892961283571
FTH1,C19orf44,1.644271922303395
OAF,ZFHX2,1.643696866719944
TMSB4X,RP4-677H15.4,1.6432868145364046
NR4A1,SNRK-AS1,1.6424314750316005
FOXK1,LIF,1.6404446703558966
EIF3B,CTC-523E23.1,1.6403877508278342
RPP25L,CTD-3224K15.3,1.639764000250131
SENCR,RP11-225B17.2,1.636575126079148
IFITM3,NODAL,1.636324427862656
FYN,KCNK5,1.6352435344839438
LAT2,TRIM54,1.634633228391279
PHRF1,PAPL,1.6289981639230129
BIRC3,AFAP1L1,1.6288428910842343
CTSA,RP11-816J6.3,1.6283464124966476
HLA-DQB1,AF131215.5,1.628297854671161
RP11-354E11.2,RHD,1.628188602968728
RPL34,MAEL,1.627671055229914
CTSH,SPTB,1.6264605199625477
ADAR,AC015971.2,1.6216007230871317
USP46,GJC2,1.6194002141765518
GZMH,FZD8,1.618411341485115
AP001816.1,RET,1.6182575197022453
MESDC2,PLCD4,1.6173372487697957
ZBTB38,KCNK5,1.6160950587701155
ACTB,TNS4,1.6157783652289104
TP53BP2,CSN1S1,1.6149107856514289
MALAT1,CYB5R2,1.613065030590728
CD9,C1orf101,1.6125671570067737
C2CD2,RP11-328C8.4,1.6120395876981428
TMEM141,RP11-722E23.2,1.6119798634707097
S100A6,KCNK5,1.6082242795690591
KLRG1,CTC-503J8.4,1.607281266592285
LGALS1,AC016738.4,1.6040054607036307
ADRBK1,ZNF572,1.6032607297834636
GPR56,FAM47E-STBD1-1,1.6023943441692778
RXRA,AC140481.2,1.6019732576813082
PCNXL3,AFAP1L1,1.59973422240853
JUN,SNRK-AS1,1.599674448089966
TSEN54,DNAJB5,1.59911591475106
JUN,EPN2-AS1,1.5971001692937612
PFN1,DDR2,1.596549752390431
RPL34,EPHB3,1.594097415554304
HTT,RP11-314C16.1,1.5936080930601468
HLA-DPB1,EPN2-AS1,1.593295845890586
TNFSF10,SEZ6,1.592711147998873
CTSS,IQSEC3,1.5924496222525526
KDM6B,RP11-686D22.4,1.590902192489574
MYO1F,RP11-225B17.2,1.587967270058115
PYHIN1,FAM47E-STBD1-1,1.5876277133411467
FCER1G,C1orf111,1.586980404008901
FCGR3A,KRBOX1-1,1.5864095326286525
PNPLA6,ARHGAP44,1.5840355396403911
DUSP1,AC009312.1,1.5813486434990618
INTS1,RET,1.5804428849834349
C11orf68,RP11-328C8.4,1.5796092447819283
PRKACA,RET,1.5788832674327815
VAC14,ACTG2,1.575974919852448
SLC31A2,RP11-511B23.2,1.572192381165792
HLA-A,RP11-106M3.3,1.5719385122865883
CD7,TRIM54,1.5704174381983316
RSF1,LINC00951,1.5687863790205616
BTBD2,CTC-498J12.3,1.5687432449489875
MXD1,RP11-358L4.1,1.5668508535235672
BCL2L1,CCR8,1.5665319821473975
GNLY,MAEL,1.5661001557454624
ZMYND8,VASN,1.5657272187299187
FTH1,ELMOD1,1.565676435116095
VIM,CTC-503J8.4,1.5654895378723457
MLC1,PAPL,1.564481278747603
MOGS,RFX8,1.5644469593407322
ARHGAP10,RHOV,1.5622200284052408
SLC24A3,WFDC3,1.5622114004736636
IFITM2,GPR153,1.5619214867442612
PFN1,AC068282.3,1.561579858968425
PTX3,DNAJB5,1.559450375282465
UBE2F,IL17A,1.5593706109231176
MT2A,STRIP2,1.5573028307641463
MT-CO1,RP11-769O8.2,1.556611224750336
HCG25,RIPK4,1.5562046520943702
SOD2,RHOV,1.5559326684187091
FAM65A,RFX8,1.5556944076056938
LGALS2,RP11-29H23.4,1.555114233045637
HLA-DRA,CLDN23,1.5550699018687837
MICAL2,TMEM105,1.5548062127195463
HLA-DRB5,CCR8,1.550868326692338
RP11-427H3.3,RP11-275I4.1,1.5505882213035065
PTPLAD1,LINC00951,1.5500548381127468
MFI2,DNAJB5,1.549658076536362
ACTB,RP11-414H17.5,1.5483129612215736
MEGF9,CTD-2192J16.26,1.5480848935897735
ENTPD1,DNAJB5,1.547773860212676
P2RX1,MTTP,1.544173901628544
CD72,SCML2,1.542925591688546
GSTO1,STRIP2,1.5429087048837151
PNPLA6,AMZ1,1.542870329802973
RPF2,HSPA12B,1.5422990755803625
ZNF660,CTD-3224K15.3,1.5401196541132185
LY86,C17orf96,1.538932353317612
TIFAB,HCAR1,1.536991752894881
HLA-DRB1,IQSEC3,1.53637182361313
TPST2,RP11-769O8.2,1.5353645425593905
VCL,CTC-503J8.4,1.5345247552526444
UBL7-AS1,ZFHX2,1.5321799131107328
TMCO3,ADAM20,1.5312029330472805
FOXN2,AC016738.4,1.5292482570066124
POMC,RP11-275I4.1,1.5282974886446852
HLA-DMA,PLCD4,1.522741987443002
RP11-505K9.1,RP11-118K6.3,1.520422834108586
HLA-DRB5,RP11-276E15.4,1.5187014438327204
GZMH,ESPL1,1.5185665366465255
PGRMC1,RP11-816J6.3,1.5178395546622
PGRMC1,RP4-655J12.4,1.5148032006557142
C5orf56,AMZ1,1.5143988363543348
GPRIN1,CSN1S1,1.514159908923587
KIF2A,AP3B2,1.5125011067361442
FOS,RP11-713D19.1,1.5122574784208334
ZNF322,PTPRR,1.5115703611026252
MYBL2,S100A3,1.5115534791104763
RETSAT,EPN2-AS1,1.5109838506086115
FAM193B,AC015969.3,1.5105692280333178
LYL1,HM13-AS1,1.5103555382869676
KLRB1,XX-FW83128A1.2,1.5103517019479875
FTL,HBA2,1.508035550510058
IL32,RP11-420L9.5,1.5076843012163117
RP1-43E13.2,HBA2,1.505602589067195
CD160,ESPL1,1.5029015686205431
CAPN12,GJC2,1.5010958973088329
CTSD,LINC00951,1.4980124858422512
GLIPR1,C15orf65,1.4976661657140902
PASK,CCR8,1.4975329414793224
KLRD1,RP11-118K6.3,1.494559794560582
EIF4EBP1,RP11-314A20.5,1.4942631888565352
POMC,AC015971.2,1.4940500458876866
PMAIP1,DNAH12,1.4927019081664004
DOCK2,C1orf111,1.4911277263322982
CTSW,TRIM54,1.4908232591122774
MT-CO1,MST1R,1.4904163166151465
GZMK,RP11-269M20.3,1.4898106122225483
TCHP,C11orf45,1.48970478808992
SNN,GRIN2C,1.48824669318673
CD68,ACTG2,1.4880104288719973
GNAI2,RFX8,1.487537010316969
MMP17,GSG2,1.4873270736216595
GNG11,MMP1,1.486475036256025
PLEKHM2,ARHGAP44,1.4861330158908788
HLA-DQA2,ACKR2,1.4851009817437872
TYMP,RP1-261D10.2,1.483119276694281
TMSB4X,AC108025.2,1.4829316369887575
ZNF468,FAM225A,1.4817595263320276
STK11,AGAP9,1.481697326416582
CCL5,SIAH3,1.4815900964766329
VPREB3,PSD3,1.4813044224787946
RP11-611L7.1,SEZ6,1.4808826360967915
APOBEC3G,TRIM54,1.480826996972566
FCER2,HM13-AS1,1.480440460066065
C19orf40,PDE1A,1.4801323097258516
BRD2,PNMT,1.479984894686565
MCUR1,CCR8,1.4782638195761442
IGFBP7,JAG2,1.4777536125305786
RP11-443B7.1,LAMB3,1.4776912896956629
BOD1L1,BBS5,1.4773981258609898
MT-ATP6,RP11-713D19.1,1.475533142422997
IFI6,RP11-414H17.5,1.47503206282346
FERMT3,RP11-358L4.1,1.4720273136989082
CD7,RP11-713D19.1,1.4708182369966494
GNLY,VASN,1.4708062167665932
TNFRSF13C,RP11-276E15.4,1.4707850840894203
EIF4EBP1,SEZ6,1.4685628915202724
RALBP1,PTH2,1.4682696470507386
LYZ,EPHB3,1.468040265979814
ITGAX,RP11-328M4.2,1.4674817392600272
ZEB2,C1orf101,1.4653296707917782
KLRC1,EPAS1,1.4643438024801716
ZNF683,RP11-314C16.1,1.4627993884248975
CYFIP1,TMEM105,1.4624077791461942
TLK1,RET,1.4622915731595356
ZNF267,CTD-2619J13.3,1.4614311981252184
MFSD1,ASB9,1.4604873017015043
S100A8,CYP46A1,1.459812088387846
PTGER2,CLDN22,1.4546081838094045
TMSB4X,LINC00951,1.4539252052355365
MT-ND2,DNAJC28,1.453175846082505
SNORD3B-2,C15orf65,1.4512294940821029
AL928768.3,PSD3,1.44881078633284
DOCK2,SIAH3,1.446218708479834
C1orf21,RP11-511B23.2,1.4456167325998392
AIF1,RP1-122O8.7,1.44527681104454
PMAIP1,CASC2,1.4451314326234264
CD79B,RP11-414H17.5,1.4448970853527334
CD7,HSPA12B,1.4445396117216032
MT-CO1,C2orf48,1.4435135216380073
COPRS,RP11-15A1.7,1.4434195776504737
NT5C3A,CXCL10,1.4422410249896764
STAT3,CTD-2192J16.26,1.441459375592496
MMP23B,ESPL1,1.4385860098541492
CTSW,C19orf44,1.4371203916978412
ASCL2,CXXC4,1.436203098295974
CD7,CTC-523E23.1,1.435645544908339
MYCBP2,LINC00638,1.4353761367773803
TMSB10,AC108025.2,1.4348708218841175
STRN4,RP11-29H23.4,1.4337281622707456
BCL2L11,RP11-269M20.3,1.4333116433846649
MFSD2B,RP11-142C4.6,1.43328061406186
NELFB,ESPL1,1.4326698468806425
FOS,C1orf101,1.4324336196792182
S100A6,ELMOD1,1.4310039399481995
APOL2,RP1-261D10.2,1.4302046143118703
ECE1,AC140481.2,1.4301043579131634
RRBP1,RBL1-1,1.4291054833659766
GGA1,CLDN22,1.4282014761689363
IL32,MST1R,1.428191201072015
PRDM15,AC009312.1,1.4273070179646
ZNF107,AMZ1,1.4262716165804652
HDC,LRP12,1.424501406734216
FCGR3A,C1orf111,1.4232753278155126
CSRNP1,AFAP1L1,1.4217792097523911
ITGAM,RP11-686D22.4,1.420349861717023
SIGLEC7,RP11-325I22.2,1.4196891294297898
NPC2,AC140481.2,1.418179665282822
LYL1,GYPE,1.417931862130834
LYAR,CSN1S1,1.4178575631766066
CD9,NLGN3,1.4172886759864696
HIST1H1C,RBL1-1,1.4148115522504563
NKG7,RP4-677H15.4,1.4144155411570545
FTL,RHOV,1.4142958790229228
PVRL1,RP11-348N5.7,1.4132092415153208
HLA-DOB,C17orf96,1.4128475159677376
CD7,C2orf48,1.4121278288226062
LGALS3,ARHGAP44,1.4113664374723274
DENND1B,RP3-323N1.2,1.4107310131289836
VIM,PLCD4,1.4106736962081334
GNLY,CLDN22,1.410051100436325
ZNF554,GYPE,1.4092377896895223
SPTBN1,CASC2,1.4092210264729523
ABI3,HBA2,1.4085799844679987
MAP3K7CL,LIF,1.4085141838053996
C1QA,RP11-15A1.7,1.4080118792729124
DGAT1,RP11-328C8.4,1.4070260874676217
NCOA4,MPP4,1.4029368814242216
CCL3,AC007036.6,1.4027990681205775
SNCA,RP1-86C11.7,1.4022077368132644
KIAA2013,LONRF2,1.4018279171131394
MSRB1,COL1A1,1.4016616712435506
CTSS,CTC-503J8.4,1.4001171185719077
TUBA4A,RGS9BP,1.3998173054401086
FYN,CTD-3194G12.2,1.3987312726143355
CD74,HM13-AS1,1.3983560019638792
BID,RBL1-1,1.397594730478131
ACSL3,CGN,1.3973933243544625
FAM135A,RP1-261D10.2,1.397014817236183
HLA-A,C1orf111,1.3956338858920754
GZMH,USP27X-AS1,1.395451880939674
PLD4,GYPE,1.3952365028355858
PATL2,TNS4,1.395061629444528
VIM,SEZ6,1.394945890203792
CSNK1G2,GCSAML,1.3945766963798354
KRIT1,SIAH3,1.3943474359882289
CTB-55O6.12,RFX8,1.3917418372607484
CD8B,RP11-524F11.2,1.3916519742256976
C12orf75,RP1-122O8.7,1.3914576667623295
MAP3K7CL,RP1-86C11.7,1.3911290322005048
KIAA1715,FBXO30,1.3900834554491148
TMSB10,CCR8,1.3881961793337845
TSPO,RP11-665G4.1,1.3872907006674495
ARHGAP18,CCDC110,1.3862534702630114
ARHGAP24,GYPE,1.386229336951361
CD160,GPR153,1.3859207849564856
RP11-885N19.6,SPTB,1.38562101740336
GNPTAB,MPP4,1.3850067524352363
PARD3,AC015969.3,1.383670440392098
ACTB,IQSEC3,1.3836572554293012
COQ7,RP11-81H3.2,1.3824708366698175
FCGR3A,FZD8,1.3823846279247212
EAF2,HM13-AS1,1.3816833281187917
CD74,MST1R,1.3809085286685585
ARHGAP18,AC016738.4,1.3802577794114113
RP11-117D22.2,GABRD,1.3797267986411317
CTD-2035E11.3,CTD-3194G12.2,1.3794577207529763
XCL1,EPAS1,1.3791278138406209
COTL1,GRIN2D,1.3789569627315743
ID1,LINC00951,1.37860594471442
FCER1G,TRIM54,1.3775975561846412
RPL34,RP11-505P4.7,1.3770152879142947
SLC16A3,STRIP2,1.376433407579122
LST1,C17orf96,1.375839980525873
SERPINA1,LYPD2,1.3753930773703515
GMPR,SLC35D3,1.375067281633289
MB21D1,SNRK-AS1,1.374634797674116
ALOX5,RP11-142C4.6,1.3738512521017845
TCTEX1D4,GABRD,1.3738510325604727
HBA1,HBA2,1.370916902499385
MYO9B,KCNK5,1.3692153359863548
MT-ND2,FANCE,1.3682394788028736
POLR1A,RP4-655J12.4,1.365748031974273
RBM27,RBL1-1,1.3639213699535735
AGTRAP,RBL1-1,1.3616033157128644
DGCR2,ESPL1,1.3611120726320602
PPP1R12C,TRIM54,1.3589952471017974
PTCRA,LRP12,1.3568107211260572
TGFBI,AC079354.5,1.3566768544424044
LEPREL4,CENPI,1.353509804994141
ARHGAP4,WFDC3,1.353309163060542
ZNF683,TNS4,1.3522338662812503
FTH1,AC108025.2,1.349323666276134
HLA-A,USP27X-AS1,1.3472910947956505
CST7,RP11-511B23.2,1.346636911275091
ODF3B,AC079354.5,1.34561201779131
MT-ND1,HSPA12B,1.343394177970864
LGALS3,RP4-677H15.4,1.340623730602532
CD74,RP11-511B23.2,1.3404236951994508
NT5M,MPP4,1.3371902537308846
SASS6,ADAM20,1.335722556694836
NCR3,MTTP,1.333904755092474
FTL,HM13-AS1,1.332052591737782
TMSB10,RP11-524F11.2,1.3313852894784275
CD74,TNS4,1.3309847889256323
CD7,PTH2,1.3306516635222103
PRR5L,CLDN22,1.3291831318404146
MEF2C,RP11-142C4.6,1.328107750744466
FCER1G,JAG2,1.3272828868211315
B2M,AC108025.2,1.3231322439856168
METRN,RP11-511B23.2,1.3228788064667285
NNT,HBA2,1.3226914442105933
S1PR5,CTC-523E23.1,1.3197362808374735
CPEB2,WWC2-AS2,1.3176255763440146
CPVL,AC015971.2,1.316870681100445
KIAA0195,RP11-168O16.1,1.3160958045790303
KRT1,COL1A1,1.3156357415391562
VCL,RP11-362K14.7,1.3153554823211673
SYNE2,RP1-122O8.7,1.315337603841961
RP11-88H9.2,MAEL,1.3125447785504043
HLA-DPA1,CLDN23,1.3123166539555249
PTPRE,C2orf48,1.3120331653860444
FCGR2B,AC016738.4,1.3120021472071135
TMEM140,NLGN3,1.3110195967520353
MPST,FAM47E-STBD1-1,1.3085638017170311
FOSB,DNAJC28,1.3079171250910775
AC078883.3,EPN2-AS1,1.3074779323594048
ARHGAP18,C15orf65,1.3073250241579573
SAMD14,XX-FW83128A1.2,1.3072488468813352
SYK,C1orf177,1.3060564190988353
CHST8,SLC35D3,1.305992601296727
CAHM,FKBP9,1.3043337284321044
RPL34,RP11-524F11.2,1.3034981971390198
FAM26F,RP11-106M3.3,1.3030840972658178
GLIPR2,DCLRE1A,1.3020405192197075
HOPX,EPAS1,1.3015050592927668
ACTB,RP11-423C15.3,1.299609832277533
C19orf38,RET,1.2995740438131589
FTL,WWC2-AS2,1.2990580013290929
PGRMC2,FAM47E,1.2985936478411493
SH2D2A,RP11-106M3.3,1.2985793702784458
APMAP,C1orf101,1.2984339711096975
COMT,RBL1-1,1.298334593087254
MXD4,C11orf45,1.2982993528797957
GNAI2,RP11-314A20.5,1.2973800511585407
HLA-DPA1,C1orf101,1.2966110192414668
C15orf39,LAMB3,1.2963304317559496
UBXN6,RP11-524F11.2,1.2959429370950526
PQLC1,RP11-362K14.7,1.2951023595243214
CEP44,STRIP2,1.2950317582194355
PTPN18,LINC00951,1.2947508303724322
MYOM2,VNN3,1.2941108623824913
RP11-290F20.3,RET,1.2940138273261002
RPL34,C17orf96,1.2933894287962744
GSTO1,AC140481.2,1.292839159697491
TBX21,ESPL1,1.292607295347728
ARHGAP10,RIPK4,1.291814306306937
ATP6V0A1,CYB5R2,1.2907421952180302
RETSAT,VNN3,1.2904030713682215
TMEM140,RP11-314A20.5,1.29033495809636
GZMB,GRIN2C,1.288756637230307
HEBP2,HM13-AS1,1.287977204970368
PMAIP1,AP3B2,1.287556923095997
CD4,SEZ6,1.2875491265069954
ADAR,AMZ1,1.2875264756814824
KDM6B,VSTM2B,1.2856176578033955
BCL2L1,RP11-314C16.1,1.2850637586280695
C5orf56,RP11-423C15.3,1.284804631779698
SNORD3D,RP11-142C4.6,1.2841354753530378
NPC2,TRIM54,1.2834979315958543
RP11-290F20.3,RP11-314C16.1,1.2803797414404252
FTL,IL10,1.280266722246321
HIST1H2BK,COL1A1,1.2799779329648355
B2M,RP11-769O8.2,1.2798583984626846
SYNE2,RP4-677H15.4,1.2790939340706973
CTD-2085J24.4,RP11-142C4.6,1.2787063801114775
CTSD,RP11-414H17.5,1.2779830423528826
GLIPR2,STRIP2,1.276285748190734
COTL1,RP1-122O8.7,1.276191312000886
APOL2,PTPRR,1.2760954740998554
CD79B,RP11-722E23.2,1.271847524829626
HIST1H2AC,RP11-15A1.7,1.2715610193860485
CLIC3,RP11-168O16.1,1.271326553835253
MT-CO1,RP11-325I22.2,1.2710952607778057
ZMAT1,RP4-635E18.7,1.2702622348199364
LILRA3,GPR153,1.269445353686819
AIF1,LYPD2,1.2691257157736622
GZMA,ARHGEF28,1.2687758328876917
TMSB4X,RP11-511B23.2,1.2686236848354746
ZFAT,ACKR2,1.268030861910801
MT-CO1,WWC2-AS2,1.26777714286062
LRP1,VNN3,1.2677363292060693
SEC16A,DIRC3,1.2674609689591596
GCHFR,AC108025.2,1.2660276845300589
TMEM205,C1orf101,1.2650542540861276
FCRLA,RP11-142C4.6,1.2644607107552297
RP11-291B21.2,SLC35D3,1.2623827244918038
MTHFR,ELMOD1,1.2623321273168386
RP11-222K16.2,AP3B2,1.2623187336245856
SLC31A1,RET,1.261147884990132
TMSB4X,RP11-546M21.6,1.259055521775599
ITGAM,TMEM105,1.258737003895231
JAM3,RP1-86C11.7,1.2583316302359364
HLA-A,NODAL,1.2580338993345908
PNOC,TTC39A,1.2578450420411464
SPON2,ARHGEF28,1.2561478963590622
TTYH3,APCDD1,1.2559982140164874
MYL9,RP11-686D22.4,1.255297421974024
FTL,CTD-2527I21.7,1.2550265560552745
SERPINA1,GRIN2D,1.2544483840208274
IL2RB,RP11-54O7.1,1.2519137154806652
EIF4EBP1,COL1A1,1.2513979581032295
EFHD2,C1orf111,1.2511683021905269
EPB41L2,PDE1A,1.2510503274336322
NCF1,DNAH12,1.2510148155027416
CD74,C15orf65,1.2508949851285174
UBE2F,HSPA12B,1.2508176658811048
SLC9A1,TMEM105,1.2506752851231804
MAFK,FKBP9,1.2497680204838837
HTT,RP11-29H23.4,1.249338612669112
BID,C2orf48,1.2470523135403315
SFSWAP,AC015971.2,1.2470430594090558
IL32,IL10,1.2463759290199603
RPL3,AC009312.1,1.2463180943688177
CCDC122,GRIN2D,1.24565426262471
LAG3,RP11-358L4.1,1.2438615028996465
CYB561A3,DCLRE1A,1.2427733844099331
EIF3B,RP11-420L9.5,1.2426968734160966
CCL4,CTD-2081C10.7,1.241680296179572
PURA,MAEL,1.2403961100413643
MT-CO1,CLDN22,1.240365802178451
COTL1,AC068282.3,1.240342395905781
OS9,CXXC4,1.2402674887037584
CCL5,RP11-225B17.2,1.2396293839042585
PFN1,RBL1-1,1.2391841829550847
MXD3,RP11-167N5.5,1.2390042172645066
SNAI3,AC015969.3,1.238264164438882
MOSPD2,CSN1S1,1.2381141302893015
HLA-DMB,CTD-3224K15.3,1.2376649859356723
DUSP1,AP3B2,1.2371695988212583
LATS2,HBA2,1.236529762117784
VIM,GRIN2C,1.2347743905689883
CD79B,RP11-423C15.3,1.233451778026157
GNLY,RP11-769O8.2,1.2332511136909394
GSTP1,KRBOX1-1,1.2315921440520248
MYL9,RP1-86C11.7,1.230568538811159
SH3BP5L,SCML2,1.230452951401797
CD79B,C15orf65,1.230386188545711
LGALS3,RP11-167N5.5,1.2303460514843731
APLP2,RP11-787I22.3,1.22914888249905
LRIF1,SIAH3,1.227935972879411
ARSD,IL17A,1.2277565047561263
CD7,DNAH12,1.227124064499756
AP001053.11,RET,1.2251501663962348
ID3,ACKR2,1.2244687397521714
RPL34,C1orf101,1.2238720896921909
HLA-DQB1,PSD3,1.2236490623776402
HEBP2,RP11-423C15.3,1.223447061805523
PMAIP1,RP11-328M4.2,1.222812381330015
MDC1,RP11-275I4.1,1.2214316136875196
CD160,HBA2,1.2210194888589443
RSU1,RFX8,1.2207968737839343
SAMD3,C1orf101,1.2206350770635104
RALGPS2,RP11-328C8.4,1.2206180104047877
TMSB4X,RP11-713D19.1,1.220335675955215
MALAT1,ARHGEF28,1.219942911270745
MS4A1,CXXC4,1.217422852192983
GNLY,CENPI,1.216568347154325
C5orf56,RBL1-1,1.2119403155637292
LINC00152,RP11-420L9.5,1.2112054254628457
GOLGA3,RP11-686D22.4,1.2094226962944536
ITGAL,LIF,1.2091589422398754
ITPKC,AC140481.2,1.2088109101120208
DUSP2,RP11-713D19.1,1.2080794200825218
HLA-DQA1,RP11-142C4.6,1.2077738618294238
PHF21A,GCSAML,1.2075677661827413
RP4-728D4.2,RP11-118K6.3,1.2067456047828864
FAM26F,RP11-276E15.4,1.2057116421754326
SAMHD1,SIAH3,1.2053524025685538
FAM26F,RP11-142C4.6,1.205004170637026
PLEK,GRIN2D,1.2046534103415618
DUSP1,RP11-713D19.1,1.2044832776581105
RPL3,RP11-423C15.3,1.2042893184129155
HDGF,SCML2,1.204150338254816
LTB,CTC-503J8.4,1.203932370064574
STXBP2,TNS4,1.2030882737869095
RPL3,ARHGEF28,1.2027190281309288
FLNA,AC015969.3,1.2021413671734684
TBL1X,RP11-106M3.3,1.2017546314335708
NFKBIA,ACKR2,1.2003599336764854
GGA1,RHOV,1.1995242744354626
NMB,DIRC3,1.199307306809415
ZEB2,CXCL10,1.1991504264270598
TMEM91,SOX13,1.1961625321531786
SYTL3,IL17A,1.1948617378024735
RP11-291B21.2,IQSEC3,1.1947707909334702
GAB2,EPHB3,1.1940644937514
PGPEP1,RP11-348N5.7,1.194020547986783
C1orf35,BBS5,1.1937336345323195
TMEM205,MST1R,1.193600440614485
ABI3,PTPRR,1.1934928609218856
PLAC8,TNS4,1.1934282209203104
IRAK1,GJC2,1.1932204843712373
ITGAM,RP11-55K13.1,1.192436981091749
CCNY,RP11-29H23.4,1.192003869642408
CCL4,RP4-677H15.4,1.19148594621422
DKFZP761J1410,RP11-122G18.5,1.1910993458794563
EXT1,AC016738.4,1.190063698153501
NT5C3A,EPHB3,1.1884332717844888
TMEM40,LRP12,1.188071753936259
B2M,HCG20,1.186996041178254
BLVRB,RP11-787I22.3,1.1867154275320335
STMN1,IL10,1.1865682532817163
KIAA0125,RP11-505P4.7,1.1861779429879102
ARHGAP26,VSTM2B,1.185459308872648
PRF1,CSN1S1,1.1854260053408552
NT5C3A,GRIN2C,1.1849898355140502
ARHGAP18,RP11-546M21.6,1.184207134598828
VPREB3,LHX1,1.1838816014682645
PATL2,GSG2,1.1836609547309442
OAZ1,RP11-269M20.3,1.183396375357149
GTF3C1,RP11-55K13.1,1.1826451122378674
S100A6,AC108025.2,1.1814167402452942
AKR1C3,DNAJC28,1.1811292965163251
MAFK,GRIN2D,1.1804202195344584
TNNT1,SNX24,1.180332247246552
SAT1,CGN,1.1795706727752624
HEBP2,ACKR2,1.179445596996756
B2M,DIRC3,1.1785789559272577
VPREB3,PDE1A,1.178372817211631
MAPK8IP3,EPHB3,1.1772026979629262
MT-ND1,RP3-323N1.2,1.1764769400563884
HLA-DPB1,WFDC3,1.1750265401590654
APP,C2orf48,1.174848335827689
S100A6,CTD-2620I22.7,1.1743858548230564
DAB2,RP11-511B23.2,1.173776391861841
KLF6,NODAL,1.173308019715177
GPM6B,COL1A1,1.173280268354054
AP000783.1,FBXO30,1.1725131967623856
HAVCR2,C1orf177,1.171671258861435
CD8A,DIRC3,1.1705220190819696
MT-ATP6,RP11-269M20.3,1.170371291157556
COTL1,WFDC3,1.1697639203257515
CTSW,RP4-635E18.7,1.1689691060421037
LTB,AMZ1,1.1680842649757164
TIMP1,NLGN3,1.1674564778327536
NBEAL2,C11orf45,1.1674083734349183
TACC1,RP1-122O8.7,1.1670821198748156
SH2D2A,GCSAML,1.1669942653660348
EIF3B,LINC00951,1.1666491109766062
TSPO,CTD-2620I22.7,1.166319638935522
HLA-C,RP11-420L9.5,1.1660190297726143
B2M,ARHGEF28,1.1652389629198283
LAG3,CTD-3224K15.3,1.16515501374598
KIF22,FKBP9,1.1646032766023309
ADRBK1,SEZ6,1.1635278935770017
DOCK2,RP11-505P4.7,1.163470859044829
PTPLAD1,RP11-54O7.1,1.162555594583889
TSPAN2,RP11-546M21.6,1.1614707524863774
LILRB2,LYPD2,1.1609378764902172
FCRLA,LHX1,1.160060580481601
RPLP1,RP11-276E15.4,1.1599967849282815
CD151,FZD8,1.1596467984484893
CEBPA,VASN,1.1580709083188148
TPP1,RGS9BP,1.1567014076808666
LY86,WFDC3,1.1562515544898058
EHHADH,FAM47E-STBD1-1,1.1517713436339323
MT2A,CXCL10,1.15158116979625
GSTO1,CTD-2620I22.7,1.1511863199661392
OAZ1,C11orf45,1.1505546281517245
NKG7,ARHGEF28,1.1505008415203526
RPLP1,C17orf96,1.1500547268753356
MESDC2,HSPA12B,1.149933777591869
PTGDR,C1orf177,1.1494402609081709
RP9,RGS9BP,1.148383054926471
SMCO4,LIF,1.14828526522005
RBM12B,UNC13A,1.148058026606655
LYN,DIRC3,1.1469998680221007
IFI30,MTTP,1.1469423226515654
NCR3,RHOV,1.1460592042717468
KIF22,ADAM20,1.1457574518573228
IL18RAP,RP11-769O8.2,1.1452110817551746
SNORD3B-2,SCML2,1.145169705067981
KIF2A,RP4-655J12.4,1.1450808395868248
MESDC2,CENPI,1.14256317164087
PRAM1,GPR153,1.1424098724526148
GIGYF2,ASB9,1.140940932684145
RPL3,BBS5,1.140330182152685
KLRC1,FAM47E-STBD1-1,1.1401845247650328
CTD-2270L9.4,RP11-314A20.5,1.1395622715850884
CCL4,RP3-323N1.2,1.13942385474394
ODC1,PDE7B,1.1389354865828891
CAHM,CTD-2192J16.26,1.1386634050221107
EXD3,RP4-655J12.4,1.1381680240986325
ZYX,PAPL,1.1380955042693266
IFITM2,RP11-142C4.6,1.1375939645761532
RNF19A,RP11-456K23.1,1.1369613577835918
FTH1,IQSEC3,1.1369144956012744
STK11,CXXC4,1.1364890730498722
MIDN,SEZ6,1.1361274414774798
MALAT1,RP11-362K14.6,1.1361097301730425
COPRS,ELMOD1,1.135968665150208
CD63,PTPRR,1.135533962006295
ALOX5AP,RP11-686D22.4,1.1344677672855186
VTI1B,RP11-362K14.7,1.133299449702617
NFKBIA,ELMOD1,1.1329766307454947
IGFBP7,RP11-769O8.2,1.132633827424798
KIF22,IL17A,1.1318425401300087
CRIP2,LINC00638,1.131603210684518
CDC42EP2,GRIN2D,1.1312208903995646
STMN1,SNRK-AS1,1.1312048468721116
CNTROB,GPR153,1.131109957828578
MAX,RP11-122G18.5,1.1309567336723985
GLIPR2,RP11-276E15.4,1.1286085594540554
BCL3,ELMOD1,1.1285560312782237
ARHGAP18,ACTG2,1.1281188187703854
STK11,HBA2,1.1277292036911009
TNFRSF1A,DIRC3,1.1276985933085604
KDM4B,ZNF572,1.1273116062692818
DENND6B,BBS5,1.1271208982968486
IFITM2,RP11-167N5.5,1.125185135856785
RP11-222K16.2,FZD8,1.1250311265224415
CSNK1G2,S100A3,1.1228006159345834
CDKN2D,RP11-118K6.3,1.1221928402434604
RNF130,CENPI,1.122084388355765
RP11-326I11.3,LINC00951,1.1211901142474276
HLA-A,RP11-142C4.6,1.1206708893791957
SIK3,RP11-122G18.5,1.1205908514077032
DGKZ,RP11-275I4.1,1.1203853458673907
KLF6,RP11-358L4.1,1.1194259350974602
CD8B,RP11-225B17.2,1.1183033512469065
KLRD1,SCML2,1.1177931962137797
TUBB1,BMP6,1.1169518028080885
LINC01063,RP11-15A1.7,1.116909190618828
FUOM,RHD,1.116561329026565
IER2,AF131215.5,1.1158361470441611
ACSL3,SCML2,1.115817197360895
RPL3,ESPL1,1.1157824829247285
RP11-388M20.1,CTC-523E23.1,1.1155558060087876
PDZD4,GJC2,1.115505571022499
HOPX,RP11-55K13.1,1.1148270588966658
MALAT1,CTC-498J12.3,1.1134740685915083
SPARC,RP1-86C11.7,1.1134073019696105
FTL,SPTB,1.1131889390937222
RP11-367G6.3,FAM47E-STBD1-1,1.1131434319213211
AKR1C3,RP3-323N1.2,1.112724517970349
TUG1,PDE1A,1.112414030081038
TIGIT,LIF,1.1122188349319075
MT-ATP6,RP11-505P4.7,1.1120446320260695
PLAC8,RP11-769O8.2,1.1120218202308594
CD1C,RP11-505P4.7,1.111642030755546
CCL3,CXCL10,1.1105983801098769
GZMH,CTRC,1.110056037653938
CLUH,RP1-261D10.2,1.1099532132483592
HLA-A,RP11-196O16.1,1.108723611315012
APAF1,MTTP,1.1075121355917903
MAX,HSPA12B,1.1074363834121912
C12orf75,AFAP1L1,1.1053618592206491
NEURL4,JAG2,1.1052743420699138
MAPKAPK2,NODAL,1.1050786268366382
CELF1,RP11-106M3.3,1.1046632339413147
AKAP13,RP1-122O8.7,1.1040569466416228
TMEM205,C15orf65,1.102989656574045
CTSW,RP11-722E23.2,1.1019265445432391
TMEM91,CCDC81,1.1015231696870194
QSOX1,CYB5R2,1.1012279181771996
ALOX5AP,C17orf96,1.1011031692578437
HCK,COL1A1,1.1000578960548406
S100A4,GRIN2D,1.0997819388029948
HLA-A,C1orf101,1.0996280409895716
CDKN2D,RP11-269M20.3,1.0989401719050662
RP11-542M13.3,RP11-362K14.7,1.0971702955176796
HLA-DRB5,ARHGAP44,1.0965045204432684
HLA-DQA2,RP11-122G18.5,1.0963723229731834
ZNF576,RGS9BP,1.0956358353222346
HLA-DMA,PDE7B,1.0956149984696293
U91328.20,PNMT,1.093664757177163
LGALS3,EPAS1,1.0932134420480406
SH3BP5L,RP11-787I22.3,1.092699141468444
TMEM8B,FAM47E-STBD1-1,1.0921927663529027
MYO15B,RP11-269M20.3,1.0920538958202133
HLA-A,RP11-414H17.5,1.0918774005872982
RELT,GRIN2D,1.0917301956306156
MT-ND2,FAM47E,1.0912081969915517
S100B,CTRC,1.0908457885866936
PLBD1,CXCL10,1.0908451275945557
MEF2D,AC015971.2,1.0903278922686908
CST7,MST1R,1.0903178080499576
CXCL3,RHD,1.0902506553865894
KLRC1,CTD-2081C10.7,1.0900819931312575
CTSA,CTC-523E23.1,1.090016858614331
TIMP1,JAG2,1.0898828752842675
DNASE1L3,GYPE,1.0884936624814885
MPST,RP11-686D22.4,1.0873554968793333
KIR2DL3,FZD8,1.0867527271126178
JUN,CLDN22,1.0864717267623805
STK24-AS1,CTD-2527I21.7,1.0863832870534498
TMEM205,GRIN2D,1.0849077461999173
GZMA,RP1-261D10.2,1.0845762783049082
MT-ATP6,RP11-81H3.2,1.0830788382937913
ZNF264,ARNTL2,1.0825168727497176
STXBP2,UNC13A,1.082419378948628
TMEM241,RP11-225B17.2,1.081582710050751
COLGALT1,ARHGEF28,1.0811393380921976
RP11-879F14.2,RP11-546M21.6,1.0805194279888088
FCGRT,RP11-106M3.3,1.0804623029497535
RPL34,ARHGEF28,1.0803713171681042
FTH1,FAM225A,1.0796286119932608
ANXA2,SIAH3,1.079157442579363
PADI4,AC015969.3,1.07866731114836
SLC37A2,PLCD4,1.0784718916124545
SPON2,XX-FW83128A1.2,1.0784314158945056
SASS6,RP11-55K13.1,1.077414825019826
KIAA0040,VASN,1.0772087217220707
TMEM41B,LINC00951,1.0770065057369629
KPNA6,RP11-168O16.1,1.0753566462601685
TMSB4X,HM13-AS1,1.0751139229416748
HLA-DRB1,RP11-167N5.5,1.07401365130269
LTB,C1orf101,1.0736674695907615
LST1,RP11-167N5.5,1.073560796848433
SNX22,RP11-276E15.4,1.0734504416099635
DUSP1,RFX8,1.0734371156678717
GZMA,PDE1A,1.0727509039047731
IER2,RP11-414H17.5,1.0721006913430575
STAC3,ADAM20,1.0717744981567725
HLA-A,FBXO30,1.0717353201570476
CCL5,SCML2,1.0711565599308397
C9orf89,CGN,1.0709477279732529
C1orf35,GSG2,1.0709130553931143
FGR,AFAP1L1,1.0702542937190602
DOC2A,CCDC110,1.0698935671712104
SLC26A6,GJC2,1.0697254015676951
ABI3,RP11-362K14.6,1.0694810968700108
PRSS23,PTPRR,1.0694706426010865
B2M,AP3B2,1.069032732523386
CD40,WFDC3,1.0684267560906988
CD79A,CYB5R2,1.0681090268035944
FTL,GRIN2D,1.068086925577635
C6orf120,GJC2,1.0678025616555182
SZT2,DNAH12,1.067329073237987
CD8B,ADAM20,1.0662533938513616
CTSD,CAPN9,1.0660748506613176
PFN1,ASB9,1.0646646856051574
MIR24-2,PNMT,1.0646284606150096
NFKBIE,ELMOD1,1.0626455955840544
TMSB10,RP11-423C15.3,1.0614481866559051
ALOX12,GABRD,1.06057453082529
CST7,EPAS1,1.060016733917705
APP,CLDN23,1.058460897834382
CD79B,JAG2,1.0582735274029362
IFNG,BBS5,1.0581346030970171
CENPB,ELMOD1,1.0580955113653652
TYMP,PDE7B,1.0567056041427323
XXbac-B135H6.15,GPR153,1.055629660335098
CARS2,AC009312.1,1.0554908006724806
SLC27A1,CXCL10,1.055438839971765
KDM5C,CCR8,1.0552027180857546
RPLP1,RP4-655J12.4,1.054833093830497
TUBB4B,C11orf45,1.0543158664663232
STON2,BMP6,1.0535867837087534
HLA-C,LRP12,1.0534317790276262
EFHD2,SCML2,1.053090824707159
CHST8,RP11-15A1.7,1.052134681933502
ARID5A,SLC35D3,1.05213122248989
IRAK1,LONRF2,1.0519012229559594
RP11-66N24.4,DNAJB5,1.051306269907342
SNORD3B-2,APCDD1,1.0508790102010506
ADAP2,RP11-328M4.2,1.0508614887093592
TCL1A,MST1R,1.0507090578665996
YWHAH,AL049829.1,1.050548203381008
YBX3,CLDN23,1.0500800724879793
PFN1,JAG2,1.0495616794114608
NKG7,S100A3,1.0493894713271403
PDZD8,CCDC81,1.0486351810179642
SCRN3,CTRC,1.0480863663220903
FAM26F,WFDC3,1.047996355870426
ARID5B,PDE1A,1.0478413698093476
DENND1B,RP1-261D10.2,1.0473157547507694
PTPN18,CCDC81,1.0461306199843188
IQCE,RP11-314A20.5,1.04470918142846
TYROBP,CLDN22,1.0445801789886562
RP11-412D9.4,RP11-106M3.3,1.0441968041674434
UBE2V2,HSPA12B,1.0429130818813728
RALBP1,VNN3,1.0412312885837272
HLA-DRA,DNAJB5,1.0408311423770895
PFN1,FBXO30,1.040199391381625
KHNYN,ASB9,1.039873824771569
PTPRE,FAM47E-STBD1-1,1.03963675804973
NCF2,AC007036.6,1.0390289932448145
ARID5B,AC140481.2,1.0386588755219277
FTH1,C11orf45,1.038433526818952
PTPN12,ASB9,1.0383585325105855
KLRB1,SCML2,1.037494853740278
CD97,DNAH12,1.0374856765765164
CX3CR1,ARHGEF28,1.037110197269019
LAIR2,CTRC,1.0362461972030452
MIR142,HCAR1,1.036068940701864
CAPN12,PAPL,1.0359187271010408
CTSS,RP11-196O16.1,1.0358865088217812
TTC7A,APCDD1,1.035745029852848
HAVCR2,RP11-362K14.7,1.0351367125797464
MALAT1,RP11-423C15.3,1.0348570611027534
SORT1,ZNF572,1.034655796238395
IL8,LYPD2,1.0334975019126371
HIST1H1C,ACTG2,1.032885549374026
UBXN6,PAPL,1.0326733666511858
PLAC8,AC000068.5,1.0322926850846277
TLK1,DIRC3,1.0308886206432415
TNFAIP2,WWC2-AS2,1.0282647821629705
DNASE1,ASB9,1.0282050536526728
CHD8,ACTG2,1.0280761571605508
TYK2,KCNK5,1.0278421009227432
FCGR1B,CXCL10,1.0274578194618755
RPL3,GRIN2C,1.0267274634990131
GNGT2,LAMB3,1.0267088829124291
CD72,DNAJB5,1.0263441779319686
ACTB,RP11-81H3.2,1.0263145166211196
HLA-DMB,CYB5R2,1.025722884371986
CXXC5,RP3-323N1.2,1.0247864473454806
S100A8,AC016738.4,1.023713856063254
TRAK1,GRIN2D,1.0234121809478969
GRK4,CYB5R2,1.023092047160404
TMSB10,CTC-498J12.3,1.02264156067195
C5orf56,S100A3,1.0223831533482262
TKTL1,CTD-2619J13.3,1.0223139446231144
CD7,LINC00638,1.021596202322809
SH2D2A,CTC-523E23.1,1.0211172618697997
FERMT3,PTH2,1.021066347706019
VIM,AC079354.5,1.0202965840618048
TIGIT,EPN2-AS1,1.020006104843881
TUBA4A,TRIM54,1.0199960496499911
CMKLR1,C2orf48,1.0198537136648846
CEBPA,GRIN2D,1.0197637078048023
PRKAR2A,JAG2,1.0195077827346253
LTB,DCLRE1A,1.0171399944323556
GSN,CTRC,1.0162095699298996
FAM212B,FBXO30,1.016012938436633
TMSB4X,RFX8,1.015762003246906
MT-CO1,DNAH12,1.0152119364918686
SNN,RBL1-1,1.0148294917613438
DUSP1,FAM47E-STBD1-1,1.0147533294681457
CD74,CTD-3224K15.3,1.014076005106973
DENND5A,RP11-167N5.5,1.0133999945878285
RNASE6,RP11-328M4.2,1.0130783549830251
HLA-DPA1,RET,1.0130760518301334
HLA-DRB1,SEZ6,1.0127331705353262
ANKRD11,RP11-348N5.7,1.0127057704198903
STMN1,CAPN9,1.0124419704704242
ANKRD13D,HCG20,1.0121242634571217
TTYH3,XX-FW83128A1.2,1.0118948742406615
SPTBN1,JAG2,1.010496477976257
CCL5,HBA2,1.0085123453602218
EIF4EBP1,LHX1,1.0079129375203189
CLIC3,RP11-686D22.4,1.007707181253249
CCL4,RP11-54O7.1,1.0073732870269765
TPST2,SIAH3,1.0073371427040294
TBX19,RP11-122G18.5,1.0066844714755605
S100A9,RP3-323N1.2,1.006663116029466
RP11-138A9.2,RP11-325I22.2,1.006663099228133
PPP1R12C,AC016738.4,1.0066565474669154
EMR3,FBXO30,1.006492956019815
TPM4,GCSAML,1.0063001090318988
CLIC3,XX-FW83128A1.2,1.0061972273068072
CLIC3,RP11-325I22.2,1.0057706292717052
IL32,ACTG2,1.0053787523035822
PRF1,FAM47E,1.004928565758052
MT-CO1,RHOV,1.0039791918137226
NKG7,STRIP2,1.0030773081699005
AKAP1,PDE7B,1.0018641043931291
HLA-DRB5,CCDC81,1.0015766510743205
MBP,AMZ1,1.0008817269206909
EIF4EBP1,RP11-269M20.3,1.000634369319467
FOS,ARHGEF28,1.0005800753735854
ANXA2,RP4-677H15.4,1.000364261343733
APP,RP11-722E23.2,1.000344891569827
TLK1,CXCL10,0.9998675256906006
HLA-DQB1,AC015971.2,0.998817956140722
ZCCHC17,RP11-167N5.5,0.998525162546831
TMSB10,LYPD2,0.9984177162684724
CMIP,RP11-325I22.2,0.997823345597454
RP11-212P7.2,FBXO30,0.9977381491963804
RBM12,MPP4,0.9977311517117096
NPC2,LINC00951,0.9975496552754096
RP11-480D4.6,RP11-362K14.7,0.9972709778261664
TCL1A,SCML2,0.9971623270825202
CSRNP1,IL10,0.9970057345521044
FERMT3,AP3B2,0.9965051371054968
NCF1,CTD-3194G12.2,0.9964791404263208
MS4A7,LYPD2,0.99647784843757
STMN1,RP11-275I4.1,0.996048756660529
CD7,RHOV,0.9949475374195652
IGFBP7,CTRC,0.9947406559792678
ZNF598,CTD-3224K15.3,0.9943903788903926
LINC00936,RP11-118K6.3,0.9940400893048764
FGFBP2,RP4-655J12.4,0.9937563789836584
TLK1,KRBOX1-1,0.9934560987527068
NCR3,RP11-314C16.1,0.9929787042008316
VIL1,GABRD,0.9927324489382588
SLK,IQSEC3,0.9926146718559162
HERC3,SNX24,0.9925517627880792
FTH1,RP11-362K14.6,0.9925161964378544
SNORD3B-2,ADAM20,0.9923109233697094
RPF2,RIPK4,0.9919134620547088
UBE2V2,CAPN9,0.9915363623912158
GSTO1,C1orf111,0.9913111936544328
HOTAIRM1,FAM47E-STBD1-1,0.9909821603157388
PPM1F,ARHGAP44,0.988835523427168
SCRN3,CTC-523E23.1,0.9885017785918176
DOPEY2,RP4-635E18.7,0.9882862287992848
CAMKK2,VNN3,0.9880853616996498
UBE2Z,CXXC4,0.9877020921872736
BRI3,RP11-456K23.1,0.9872222652023837
HLA-C,RP11-362K14.6,0.9868832654807836
ATG10,XX-FW83128A1.2,0.9861739024714136
RPP25L,C15orf65,0.9861255895859627
WIPF2,LIF,0.985087134335527
PFN1,S100A3,0.9850161824003888
MFSD1,ADAM20,0.984584413466698
KHNYN,ARHGAP44,0.9845109287903318
NGFRAP1,DIRC3,0.9844873545409132
KLF6,DDR2,0.9841335894237684
TPST2,BMP6,0.9840488876196452
FAM109A,VSTM2B,0.9835451635202266
CDC14B,SOX13,0.98336559082987
TTC38,MPP4,0.9831051464194376
GNLY,VSTM2B,0.9830200386331922
GIMAP8,RP11-122G18.5,0.9828170085696456
GTF2I,PSD3,0.9827517913673656
TMSB10,LIF,0.982493621067777
RP11-539L10.2,ZFHX2,0.9823183742326675
MT-CO1,FBXO30,0.981926681875584
GNLY,CTD-2619J13.3,0.9793196245097356
IGLL5,AC015971.2,0.9792719316853984
PACSIN2,BMP6,0.9778506083150816
RALGPS2,MST1R,0.9771841784464363
MMD,RP11-122G18.5,0.97686499124465
PRR3,CTC-498J12.3,0.9759252189023268
PLEK,RP11-358L4.1,0.975887078845018
MYL6,DDR2,0.9757725750818376
PFN1,TRIM54,0.9756111600790528
CDKN2D,WFDC3,0.9754814882663058
MAP1A,HCAR1,0.9754383363752306
MYO1F,NLGN3,0.9752761780842104
NGFRAP1,PLCD4,0.9750250267695568
GALK1,C1orf177,0.97494756579212
PLAUR,FAM225A,0.9747631901831556
ARNT,CCDC110,0.9745907302979142
FOSB,BBS5,0.9745852927619432
LAT2,GCSAML,0.9739024942719314
DGKQ,STRIP2,0.9737791308088812
SLC15A4,RP11-686D22.4,0.9737141815944568
GPX1,CTD-3194G12.2,0.9728669742695338
KIAA0368,AC015971.2,0.9726401367919822
RASSF4,GCSAML,0.9725877376780472
CD81,MST1R,0.972094134353524
FTL,SOX13,0.9719676008135232
TMSB4X,BMP6,0.9712108344354256
NKG7,GPR153,0.9702732636529476
LIMS1,C15orf65,0.969717131783302
GZMH,AC015971.2,0.9696920320485852
TNS3,CTD-2620I22.7,0.9694483127260286
KIAA1257,RIPK4,0.9693742808617906
IRF7,CTC-523E23.1,0.9693248413620368
HIST1H2BK,ASB9,0.9692594915399568
BLVRB,C15orf65,0.9689810181373332
COTL1,JAG2,0.967414425608327
HLA-DRB1,IL17A,0.9665282556840749
NBAS,C15orf65,0.966055016087085
RPL34,RP4-677H15.4,0.9652859748656468
RAP1GAP2,CAPN9,0.9640770037302212
TYROBP,FZD8,0.9639289642280516
GCLC,UNC13A,0.9637742470772986
HLA-A,STRIP2,0.9633129349426066
IQCK,ZNF572,0.9620062085616868
IER2,CYB5R2,0.9613189863519724
HLA-DQB1,RP11-665G4.1,0.9611043531527218
ARRB1,AC016738.4,0.960949848717294
MYCBP2,RP11-362K14.7,0.9598894497045802
SH2D2A,ZFHX2,0.9598886985112188
UBR4,FAM47E-STBD1-1,0.9597748093734682
ACTB,CTC-503J8.4,0.9596510660402142
ACTB,CTC-498J12.3,0.958938938262814
PRR24,AC015971.2,0.9587980432840114
SOD2,CXCL10,0.9585154114154236
AKNA,SPTB,0.9583533002857108
CD160,CCDC81,0.957553330879861
TMSB4X,NODAL,0.956468023369027
HBG2,RP11-546M21.6,0.956225789870396
CCL5,RIPK4,0.9552880333405388
ACTB,RP4-655J12.4,0.9542284996348548
AC009404.2,GRIN2D,0.9541956128407832
HLA-DPA1,CENPI,0.954164183844692
PTMS,RP11-29H23.4,0.9540410222643873
BIRC3,CCR8,0.9538527752956408
MALAT1,LAMB3,0.9538289387785231
GSTO1,ADAM20,0.9534870437744304
LINC00936,RP11-505P4.7,0.9533144418839636
FOSB,PDE7B,0.9528008382773008
RP11-728E14.2,SPTB,0.952728837548774
ACTN1,PSD3,0.9526318765996056
PAWR,RP11-420L9.5,0.9520466391312808
ARNT,LHX1,0.9506675309283074
KRIT1,BMP6,0.950195177669564
FGD4,SEZ6,0.949922854789874
MT-ND2,C1orf111,0.9496949346942112
LY6G5B,DCLRE1A,0.9489078059937944
MT-ND2,RP11-546M21.6,0.9484265904990576
CAPG,GSG2,0.947538208531
HLA-C,DIRC3,0.947470171901384
CD7,TNS4,0.9467104237107818
CD151,RP11-511B23.2,0.9462803211664484
PMAIP1,RP11-511B23.2,0.9460246556779472
HIST1H2AC,RHD,0.943845404731406
DNAJC1,RP11-314A20.5,0.9432603389066994
RALBP1,ARHGAP44,0.941366792158888
CDC42EP3,VASN,0.9411335589941928
S100A6,RP4-655J12.4,0.9409923016360116
GNLY,USP27X-AS1,0.94097215083939
MS4A7,ZNF572,0.9409612693579974
AOAH,AC007036.6,0.9406533081125674
ACTB,CSN1S1,0.9404262066102852
TMSB10,AMZ1,0.9403717938610232
FMO5,RP1-122O8.7,0.940286658137967
CAPG,RP11-713D19.1,0.9397899553443696
PLOD1,RP11-816J6.3,0.9396589186126092
FTH1,DDR2,0.9395986124437196
RRBP1,ZFHX2,0.9394486668935016
MIEF2,CTD-3224K15.3,0.939328860255827
DNASE1L3,HCAR1,0.9388489752146992
RP11-412D9.4,AF131215.5,0.9387047092866774
RP11-47A8.5,ELMOD1,0.9383525905360978
GAS7,RP1-261D10.2,0.9373902763682926
CLCN7,RET,0.9372994842678256
HLA-A,GRIN2C,0.9370063543595184
FCGR2B,CASC2,0.9366286350803172
RPL3,RP11-769O8.2,0.9362201938741008
TMSB4X,UNC13A,0.9356682747892596
CATSPER2,CENPI,0.9345639698893567
CCR10,LONRF2,0.9332962427595716
TTBK2,DIRC3,0.9331601175899464
MPP1,GABRD,0.9329688374964792
SEC16A,LIF,0.9328229147736136
LGALS3,ELMOD1,0.9326181192108586
CDKN2D,PLCD4,0.9320140082146036
CYTL1,AC016738.4,0.9313988313893936
MT-ND2,ELMOD1,0.930400216270454
B2M,GRIN2C,0.9301088023438474
GP9,RP1-86C11.7,0.9288440837671434
SPECC1,ELMOD1,0.9287272724137728
ACTB,RP11-769O8.2,0.928613612103974
RPL34,ELMOD1,0.9285060807000496
TKTL1,IQSEC3,0.9274627923775348
HLA-DRB5,HM13-AS1,0.927243573158295
PSAP,CASC2,0.92685093122582
MIEF2,RP11-276E15.4,0.9268493369635012
FGR,GCSAML,0.9255362708206584
LYN,AC015971.2,0.9249638658604196
OAZ1,GSG2,0.9247116939530114
MIDN,ELMOD1,0.9244737216180616
RUFY1,GCSAML,0.9241498298275688
TUBA4A,RP11-414H17.5,0.9240871933516124
ADRBK2,MTTP,0.9240066416605204
IRAK3,CXCL10,0.9238996711158584
IFITM2,LINC00951,0.9235144951113426
TLK1,ZFHX2,0.9232506684956416
KCNK17,AMZ1,0.9224830151033758
PTPN18,CTD-3224K15.3,0.9223211573849196
CD74,C1orf111,0.9220638545798304
C7orf50,C19orf44,0.921794154000103
CD8A,RP4-677H15.4,0.9208763298998542
CIITA,RHOV,0.9208167280415762
CCL4,RP11-168O16.1,0.92002587564147
C1orf216,RP11-55K13.1,0.9194434649734704
CD97,GJC2,0.9193153525483329
DERL3,FAM225A,0.9189234179467916
SCGB1C1,RP1-86C11.7,0.9187845858920156
FTL,UNC13A,0.9187398705829044
HIST1H1C,ACKR2,0.91849344092909
TMEM205,RP3-323N1.2,0.9179544271994676
WASF2,UNC13A,0.9174485882127074
TNFRSF18,LAMB3,0.9164797118826666
MLH3,SIAH3,0.9158339210896812
DENND4B,ASB9,0.914829053759606
MEF2C,PSD3,0.914608117298036
RPL3,FAM47E,0.9143744614674032
TSPO,IQSEC3,0.9139394184420676
SNCA,LONRF2,0.9136326791372456
TLK1,EPN2-AS1,0.9134371986994648
GPX1,SPTB,0.9132182648243165
COTL1,RP11-54O7.1,0.9125633149759788
IGF2R,CYB5R2,0.9124207769051677
TIGIT,CTD-3224K15.3,0.9124199945453484
DUSP6,SNRK-AS1,0.9122974108534792
FTH1,HSPA12B,0.9116858989916838
C16orf54,RP11-816J6.3,0.9115867826533692
PYGL,RP11-29H23.4,0.9102521404986806
CD9,RP11-269M20.3,0.908778099641029
TBXAS1,VNN3,0.908614728518924
TMEM176B,LYPD2,0.9080952728672448
ITGAL,AL049829.1,0.9076130667781572
GMPR,RP11-546M21.6,0.9075785163310176
B2M,ACKR2,0.9075478201832752
TPRG1-AS1,DNAJB5,0.9073952298576148
IL32,RP11-118K6.3,0.9068693014647966
BIRC3,JAG2,0.9067331083353892
TBC1D10B,CCDC81,0.9058801565533816
MAX,AC009312.1,0.9057788329664138
ZNF593,RP11-29H23.4,0.9054172587284202
OAZ1,EPHB3,0.9032409906035652
MEGT1,LRP12,0.9031787153574442
MYBL1,AF131215.5,0.903121510303047
HLA-A,FAM47E,0.9027203567746092
TYROBP,GRIN2D,0.9024020494377866
LYAR,CCDC81,0.9022702133465158
FCRL6,CSN1S1,0.9015722082389426
RAD54L2,CCDC81,0.8998165708728859
BACH1,DNAJC28,0.8990211563122231
B2M,LAMB3,0.8983705622841534
SNORD3D,ARNTL2,0.897788781665819
MYBL1,CCDC110,0.8975604430376479
LAT2,AC015971.2,0.8975232535608507
BRD3,GYPE,0.8973283123703703
FOSB,HCAR1,0.8972238554161447
UBXN6,C15orf65,0.8970619751313293
NCR3,FZD8,0.8969928505491139
C9orf89,RP11-787I22.3,0.8968177343227487
FTH1,ESPL1,0.8966743308957261
ZBTB16,RP11-275I4.1,0.8966136808108491
F2R,GCSAML,0.8961123086061217
DGKZ,DIRC3,0.8960769770513997
GPR56,RP4-635E18.7,0.8959941179353746
CTSH,RP11-276E15.4,0.8955329796053995
MEGF9,AMZ1,0.8955185490323571
BCL11A,HCAR1,0.8954489770577458
FTH1,NODAL,0.895385838840621
SYNE2,NLGN3,0.8945767424775602
IQSEC1,AL049829.1,0.8945463486103348
CST7,RP11-456K23.1,0.8944729506611035
LRIF1,RP4-635E18.7,0.8940918189076732
ODF3B,FAM225A,0.89399640182771
MT-ATP6,TRIM54,0.8938829290420879
CFP,PLCD4,0.8934800744573913
KLRG1,AF131215.5,0.8927247206542942
ZCCHC17,RP11-423C15.3,0.8920651764994776
HLA-A,EPN2-AS1,0.8919091930978698
GLIPR2,GYPE,0.8914501122129764
ZNF143,RP11-420L9.5,0.891219254847451
NEAT1,ACKR2,0.8903229442991186
KPNA6,MMP1,0.8903065813761265
APAF1,MAEL,0.8899455031829154
IFITM3,PTPRR,0.8899089908185225
FCGRT,RIPK4,0.8894159362385363
SNAP23,RP11-524F11.2,0.8886190560157615
S100A6,ADAM20,0.8885864985828775
BRD2,C1orf101,0.8884499634442519
TTC38,RP11-362K14.7,0.8867735576225719
TUBB1,LRP12,0.8865931897473228
IFI27L2,VNN3,0.8863540042437347
RPL34,RP11-81H3.2,0.8862292440784539
CD79A,EPN2-AS1,0.8860557739020244
ID1,PNMT,0.8852709806451331
IRF5,LYPD2,0.8849863747121081
HLA-C,RP11-196O16.1,0.8845686933296543
RBM27,GSG2,0.8843799649456432
FCER2,MTTP,0.883853414238662
CHD6,PAPL,0.8838436901056845
THAP6,DNAH12,0.8838363490456957
ACTB,LINC00638,0.8835120590596477
CD8A,GCSAML,0.8826637649442526
MYL6,FKBP9,0.8818261449934028
DDX42,CTRC,0.8815182352940489
MALAT1,RP11-29H23.4,0.8814559095010875
PHACTR1,FKBP9,0.8810970926963362
CD74,AMZ1,0.880968440079844
IRS2,CLDN23,0.8807029395370153
PTTG1,CXCL10,0.8803371616352584
KIAA0040,FOXE1,0.8802579710182553
SOCS4,VSTM2B,0.8802473825984626
PNPLA6,RP11-314A20.5,0.8800940013641215
ACTB,ASB9,0.8797641707991537
ITGAL,RP1-122O8.7,0.8796964518537101
IPP,RP4-635E18.7,0.8785006610506694
SUZ12,VNN3,0.8783680114114085
CD63,SPTB,0.8779467029851299
PPP2R2B,VASN,0.8777997895861718
CX3CR1,RP11-816J6.3,0.8774715470856078
HLA-DRB5,ADAM20,0.8773652695130665
GADD45A,C1orf177,0.876820713048108
ARID5A,RP11-358L4.1,0.8761168077788736
CLU,RP11-275I4.1,0.8760759922021472
ZCCHC17,LIF,0.8759439712417688
ALOX5,PDE1A,0.8759170144295145
MEX3D,WWC2-AS2,0.8757384616728595
TMSB4X,PDE7B,0.8751866254138427
TYMP,LIF,0.8750753794932666
GSTP1,AF131215.5,0.874928426276759
CRIP2,RP11-414H17.5,0.8748389360731594
PRSS35,SOX13,0.874721575881672
PYHIN1,MPP4,0.8745318790483804
S100A6,STRIP2,0.8742610093541309
MYL6,NODAL,0.8742266314395246
PNPLA6,RP4-635E18.7,0.873668817743365
GAPT,RP11-276E15.4,0.8724886655099865
HLA-C,AP3B2,0.8719499890655701
ANXA2,LAMB3,0.8718197773236278
DNAJC1,CTD-2081C10.7,0.8715370949785117
KIF2A,IL10,0.8707219889441056
RALBP1,ASB9,0.8705199807343413
LRBA,CASC2,0.8699318248879734
KIAA1715,DDR2,0.8698231399782476
CLIC3,CCDC81,0.8686250394406163
GGA1,GPR153,0.8683383618722381
BATF,CASC2,0.8680047645774973
TNFSF10,KRBOX1-1,0.867522042207121
MT-CO1,CTD-2192J16.26,0.8673218227026873
TMSB4X,LIF,0.8671906186635293
SYNGR1,AGAP9,0.8671179239874239
AP4S1,CTD-2192J16.26,0.8670461292131756
STXBP2,RET,0.8669733099607205
TST,RP11-546M21.6,0.8669092303128713
MYO9A,GCSAML,0.8667577740949065
DOCK2,PDE1A,0.8665895806820123
AOAH,RP11-325I22.2,0.8652321363841496
CEP44,ARHGAP44,0.8644271887181851
SYTL2,RP3-323N1.2,0.8640020405422038
RP11-367G6.3,BMP6,0.8639030339948721
MARCH2,RP11-55K13.1,0.8633298936846153
OAZ1,FKBP9,0.8627919066304832
RHOC,RP4-677H15.4,0.862495149963061
MYL6,RP11-29H23.4,0.8622807100758295
OAZ1,CCR8,0.8615012905033591
PYCARD,CCDC110,0.8614067959022006
IRF8,PSD3,0.8614015064229332
TIGIT,UNC13A,0.861193576736185
KLRB1,AF131215.5,0.8611549557783821
CD7,RP11-362K14.7,0.8607994684213778
PYHIN1,ARHGEF28,0.860781427189441
GZMB,HCAR1,0.8601647005135771
ITM2C,AC000068.5,0.8599618503250259
CD74,CLDN22,0.8596791220796723
SLC37A2,FANCE,0.8595830551517941
FCGRT,GJC2,0.8591060804384768
WBP2,RP11-15A1.7,0.8589539228117581
C11orf68,GPR153,0.8585902269961678
PDCD7,VASN,0.8583325504193396
GIMAP8,CENPI,0.8580069710751715
ZNF593,GRIN2D,0.857764662536052
NPTX1,FANCE,0.8575749657175531
B2M,RP11-54O7.1,0.8572521537885313
C11orf83,CASC2,0.8572167464872845
PTPN12,RP11-325I22.2,0.8571535351279094
GZMK,MAEL,0.8570463650370164
MALAT1,RP11-275I4.1,0.857004435871476
MDN1,RP11-29H23.4,0.8566528611326323
RALBP1,RP11-106M3.3,0.8563948628079252
APMAP,CTD-3224K15.3,0.8563459286514408
CTSH,PAPL,0.8560817863058616
DDX51,TRIM54,0.8559853483175548
SFSWAP,WFDC3,0.8559510672463893
NGFRAP1,CASC2,0.8538597012881053
STRN,C1orf177,0.8536712347847147
MAX,LAMB3,0.8536610546202561
HLA-DPA1,DNAJB5,0.853583704460401
ID3,ARHGAP44,0.853472383601837
HLA-DQB1,CYB5R2,0.852729501738988
STAT3,CCDC110,0.8525390724487883
IGF2BP2,BMP6,0.852424537292451
DYNLT1,CTD-2081C10.7,0.8519529489871724
ANKRD11,RP1-86C11.7,0.8516138924528637
MBP,CTD-2619J13.3,0.8512984620335319
SPI1,RP1-261D10.2,0.8511969166508034
PF4,PNMT,0.8510770623016441
DUSP1,NODAL,0.8508943356577066
FGFBP2,RP11-328C8.4,0.8508202169267756
RPL34,CAPN9,0.8508026405248439
SIGLEC7,VNN3,0.850504078094843
FLNA,RP11-524F11.2,0.8502823659526217
HLA-DRB5,RET,0.8498421319291749
CD63,BMP6,0.8495036214874017
PMAIP1,LIF,0.8494092769475885
NKG7,CXCL10,0.8493078678788648
GPR35,RP4-655J12.4,0.8488687925623921
RP11-611L7.1,USP27X-AS1,0.8488285948940126
MFSD1,STRIP2,0.8485168948605673
MT-ND2,RP11-414H17.5,0.8484907595050696
GRN,CTRC,0.847889438084558
GNG11,BMP6,0.8478231581407304
GNPTAB,RP11-362K14.7,0.8477819446261978
HLA-A,CSN1S1,0.8476966439457343
EFHD2,RP11-686D22.4,0.8474109085782098
PMAIP1,CENPI,0.8462888530075503
TLN1,RP11-686D22.4,0.8458874905162741
GALNT2,S100A3,0.8458839697055018
HLA-A,CAPN9,0.845319824350818
DERL3,PSD3,0.8451935468660097
PLCL2,RP1-86C11.7,0.8451372670090879
ACTB,FOXE1,0.8446661722881749
RP11-325F22.2,HCAR1,0.8445141827931271
MT-ND1,RP1-86C11.7,0.8443046661068727
PDGFA,GABRD,0.8442733086870267
FOSB,DIRC3,0.8437011717744419
RP11-644N4.1,CTD-2527I21.7,0.8436066491533518
HOPX,PAPL,0.8433670201485005
DYM,CTD-3194G12.2,0.8424379893102899
KIAA0195,RP11-122G18.5,0.8424360270464798
CHAC2,RP11-362K14.7,0.842420634873101
DOPEY2,PNMT,0.8423517476631871
SETD5-AS1,LONRF2,0.8421272087765939
TP53,DNAJB5,0.8421152792389186
TPM1,KRBOX1-1,0.8419968390387089
CD40,MST1R,0.84101262514668
KDM6B,WWC2-AS2,0.8398127456063291
BOD1L1,RP11-511B23.2,0.8397357471944511
CST7,RP11-314A20.5,0.8395504170729882
RPP25L,RP11-328C8.4,0.8394912394316494
FTL,RP11-167N5.5,0.8394421278307322
DENND4B,UNC13A,0.8390217075679002
DYNLT1,RP11-275I4.1,0.8389687447165274
KRT86,VASN,0.8382567940636246
LILRB4,PNMT,0.8381601502474127
PILRA,LYPD2,0.8381488566860479
TMEM150B,SNX24,0.8380636856308071
PTPN18,GPR153,0.8371328811864155
COLGALT1,CTD-2192J16.26,0.836614482114955
EFHD2,HCAR1,0.8354519592266293
FCRLA,PDE1A,0.8354218796710497
PTCRA,RP11-546M21.6,0.8350435486769441
CTSW,C1orf111,0.8346150567506653
GZMH,CENPI,0.8343773096703088
LAIR2,RP11-314A20.5,0.8336083194668581
TMSB4X,FAM225A,0.8335667306387798
PRF1,C1orf111,0.833398435811489
PPIF,RP1-261D10.2,0.8329550673566227
APOBEC3A,CXCL10,0.8326850379918572
MMP23B,CSN1S1,0.8326544251546159
GBA2,NLGN3,0.8324600351035721
IGFBP7,CLDN23,0.831638598052575
ITM2C,RGS9BP,0.8316280806597154
MALAT1,NODAL,0.831006676256776
FASN,LAMB3,0.8308249106262995
ZDHHC19,RP11-328M4.2,0.8303726711568629
TRIM24,CTD-3224K15.3,0.8292984340189168
NT5C3A,MPP4,0.8291427417100202
CYB561A3,PDE7B,0.828700568561115
IL4R,HSPA12B,0.8279413270493874
CD79B,PSD3,0.8277552697466598
ZNF593,RET,0.8275054779786639
HSCB,AC108025.2,0.8267573192353019
CD74,CASC2,0.8262391779999865
OAZ1,CTC-498J12.3,0.8260117630359007
COTL1,FBXO30,0.8252758383724746
RP11-542M13.3,RP11-348N5.7,0.8247526554695848
EIF3B,GSG2,0.8241607545056395
B2M,RP4-677H15.4,0.8240891726389769
RCC2,AC016738.4,0.8238704211091088
HLA-DMA,CASC2,0.8235732412971847
MT-ND1,FAM225A,0.8232094344172485
TNFRSF1B,SEZ6,0.8230658322493889
SYNE2,PNMT,0.8224342655138057
PRR3,MPP4,0.8223852538229333
MT-ND1,RFX8,0.8221387599642217
SH2B3,WWC2-AS2,0.8207722873244349
RASSF2,KCNK5,0.820665653191297
COTL1,RP11-314C16.1,0.820446368370953
TP53,CYP46A1,0.8200283333061245
PFN1,RP11-787I22.3,0.8198389899591381
hsa-mir-8072,GJC2,0.8196494106739568
NBPF10,APCDD1,0.8189989726136673
CST7,RP11-325I22.2,0.8188405474582925
PFN1,AC000068.5,0.8187481590932206
MT-CO1,MTTP,0.8184751081386575
FUT11,PDE1A,0.8177561165862743
MESDC2,NODAL,0.8176304428014395
RGS6,GABRD,0.8175951837724597
CTSW,HCAR1,0.8171083981009297
MIR142,RP11-769O8.2,0.8165765147790893
MT-ND2,HCG20,0.8163764388260589
SLC16A3,CTD-2619J13.3,0.8163618705038872
MT2A,FKBP9,0.816292411589683
KDM5C,RP11-414H17.5,0.8158527855225969
TBX21,RP11-816J6.3,0.8158458128635979
CTSS,CTD-3194G12.2,0.8156067191948949
MBD3,PAPL,0.8155956055004622
S100A8,APCDD1,0.8154843502843441
SLC31A1,RP11-816J6.3,0.8147467933285418
C12orf75,GCSAML,0.8144890741340758
CRIP2,C11orf45,0.8142595959288492
C9orf89,RP11-420L9.5,0.8132408901963312
IER2,RP11-275I4.1,0.8131349254663748
ANXA2,STRIP2,0.8129966370071533
RSF1,RP11-55K13.1,0.8128699332637119
AP001816.1,AC079354.5,0.8126263003314489
GRAP2,RP11-106M3.3,0.8124583881400743
RBM12,RP11-505P4.7,0.812234073292278
SAMD3,LINC00638,0.8110870986198304
GMPR,GCSAML,0.8109297232892196
DOPEY2,TMEM105,0.8107402082500107
RALGPS2,RP11-511B23.2,0.8106247231771255
HLA-DRB5,MPP4,0.8093432592425089
KLF6,NLGN3,0.8092498228435007
RSF1,RP11-358L4.1,0.8087721584057781
GNAI2,MTTP,0.8076241294031388
CD300A,CSN1S1,0.8075998099816217
CD8B,SIAH3,0.8075215195641432
VPREB3,DNAJB5,0.8074209166251879
KIR3DL2,RP11-314A20.5,0.8070471350844219
SIPA1L2,RP11-55K13.1,0.8068569140954154
RPL3,AL049829.1,0.8068444330004598
IFITM3,CTD-2081C10.7,0.8066006366573657
CD74,CTC-503J8.4,0.8065649950693423
RPGR,SOX13,0.806443181422769
HTT,LAMB3,0.8060289819967388
HLA-DMA,FAM225A,0.8060204101103425
PPAPDC1B,GCSAML,0.8059047050919208
ANXA2,NODAL,0.8057430249618355
FTL,VASN,0.8052489057904806
SIN3A,RGS9BP,0.8051721619358024
ZNF624,RP11-328C8.4,0.8046796724630274
CFP,RP11-106M3.3,0.8045732041615112
LINC00877,SEZ6,0.8043572962721757
MALAT1,STRIP2,0.8037386154382841
SRPK2,AC015971.2,0.8036515108171821
SLC12A9,ESPL1,0.8032858355369522
CD7,NLGN3,0.802750484959351
EP400NL,AC068282.3,0.8026231894098926
PRF1,RP1-261D10.2,0.8022022430179788
TSPAN2,CTD-2619J13.3,0.8019563789605813
CELF1,ADAM20,0.8016642778054299
NFKBIA,CLDN23,0.801581254980839
PYCARD,FKBP9,0.8014598465327342
LRIF1,WWC2-AS2,0.8012760829682605
APLP2,RP11-358L4.1,0.7999331184179059
FHL3,C1orf177,0.7997268168259679
CD8B,STRIP2,0.7995067884919457
PYCARD,STRIP2,0.7992258934729499
GZMB,RP11-314A20.5,0.7989008406292292
FCGR3A,SOX13,0.7984749652443813
TIMP1,CXXC4,0.798249725633556
RPL3,RP11-362K14.7,0.797429229569839
BRD2,S100A3,0.7970583851423579
SETD5-AS1,RP11-314A20.5,0.7970529678540016
NGFRAP1,KRBOX1-1,0.7968971453663348
HOPX,TNS4,0.7967108033011062
UPK3A,EPHB3,0.7966356271682086
TYROBP,APCDD1,0.7956293943579748
FTH1,RP11-546M21.6,0.795142273762082
MROH1,RP11-225B17.2,0.7948320653885319
NBEAL2,AC015971.2,0.7947243929380612
ESAM,BMP6,0.7946826199745413
ZC3H13,DNAJC28,0.7944497226486023
LTB,AL049829.1,0.794236387655647
FAM109A,SLC35D3,0.794108023950042
IER2,XX-FW83128A1.2,0.7934038170501361
SAT1,RP11-358L4.1,0.7926775924534959
HLA-DRB1,TMEM105,0.7924590830375935
MT-CO1,ZFHX2,0.7922549167485563
HLA-A,RP11-713D19.1,0.7922304390007352
FANK1,RP11-787I22.3,0.7918896554262191
RGS12,DNAH12,0.7914319985162814
S100A4,FAM47E-STBD1-1,0.7911519602983517
FCER1G,CCDC81,0.7909156988719773
MBP,CTC-503J8.4,0.7905155621896711
C11orf83,ZNF572,0.790254543219459
GRAP2,MAEL,0.7901098749989524
LAG3,CXXC4,0.7897352026590141
HLA-DQB1,CCDC81,0.7895442221004169
B2M,AC068282.3,0.788650819119889
CD79B,GCSAML,0.7883024136025433
GGA1,CYB5R2,0.7882384360909146
RP11-96B2.1,EPAS1,0.7876243080741204
RP9,AF131215.5,0.7871492255234669
MT-CO1,SIAH3,0.787084572585915
ZNF683,RP11-55K13.1,0.7869078690428678
SRF,GJC2,0.7868396252263076
PLAC8,CTD-2192J16.26,0.7865023353641427
DTX1,PDE1A,0.7860980179153475
GALNT2,AC068282.3,0.7855360628491324
RNF130,RP11-816J6.3,0.7854248783057809
SLC8A3,MAEL,0.7853866636834494
CCNK,HSPA12B,0.7851929500701273
MRM1,RP11-168O16.1,0.785076271074068
YWHAH,RP1-86C11.7,0.784952690815439
SLAMF7,CTRC,0.7849320463452856
CD79B,RP11-505P4.7,0.7847922629599933
CBX4,TNS4,0.7847184633056435
MT-ATP6,SIAH3,0.7844713638400749
SNX22,CYB5R2,0.7830370683272068
TLE3,CTC-503J8.4,0.7827893169048636
HLA-DPA1,CASC2,0.7825761650771689
CXXC5,AC015969.3,0.7824415697176771
FTH1,RP11-511B23.2,0.782095667886336
SYNE2,CASC2,0.7819248985133053
RP11-90C4.1,LRP12,0.7818381531592771
PYCARD,CTD-2192J16.26,0.7817757547665208
HLA-DRB5,AMZ1,0.7816277650287378
KRT86,RP11-314A20.5,0.7812210443513441
TNFRSF1B,GJC2,0.7808021595962115
MALAT1,PTH2,0.7801672860770315
GRN,CYB5R2,0.7800313081100942
EFHD2,SEZ6,0.779585234166728
ARHGEF9,RP4-655J12.4,0.7794416675880887
TMSB4X,GPR153,0.7789361062456868
SCFD2,AC015969.3,0.7783899874044686
NNT,LINC00638,0.7783874569477892
CD1A,RP11-328M4.2,0.7782024727574491
CD8A,HBA2,0.7772853986127892
QTRTD1,VASN,0.7767907365884983
ZNF598,RP1-261D10.2,0.7762278090007114
FYN,ACKR2,0.7754676256161749
TMSB4X,TNS4,0.7752721514956373
HLA-A,HSPA12B,0.7750783642199832
B2M,HM13-AS1,0.7748300042554377
NR4A1,RP11-275I4.1,0.7747973917201123
RPL34,PLCD4,0.7737173712612984
FTH1,DNAJB5,0.7736358675596519
KANK3,AL049829.1,0.7733859744995272
LST1,RFX8,0.7733555490813661
BCL2L11,AC079354.5,0.7731321811922184
CDC42EP2,CXXC4,0.7730115232110853
FTH1,LHX1,0.7728565039735784
NELFB,WWC2-AS2,0.7725132776343464
CLU,SLC35D3,0.772461800674842
H1FX,ASB9,0.7722488986419971
AOAH,SEZ6,0.7721393708526713
R3HDM2,FKBP9,0.77210285038462
MALAT1,RP11-722E23.2,0.7719374657113238
BIRC3,PSD3,0.7712679889331937
ACSL3,RP11-816J6.3,0.7709463896152448
TNFRSF18,RP4-655J12.4,0.7709058868179244
CA2,MMP1,0.7705576261506567
HLA-C,CXXC4,0.7704099325650703
APLP2,FKBP9,0.7703709178318999
ZCCHC17,SLC35D3,0.7703321538687551
NCAM1,FZD8,0.7697342513858602
FAM26F,GRIN2D,0.7690272823614399
ARHGAP24,CYB5R2,0.7687740568329483
HIST1H1C,LINC00951,0.7685544261058495
MT-ATP6,C1orf177,0.768257462655808
HLA-DQB1,ACKR2,0.7682570979034299
RP11-290F20.3,VNN3,0.7682549353391914
CD68,LYPD2,0.7680777461932745
HLA-C,RP4-635E18.7,0.7679682768764687
RPLP1,FAM47E,0.7676029291186011
CSNK1G2,PTPRR,0.7670697158465932
ARHGAP17,CTD-2619J13.3,0.7669454932138755
LTB,SLC35D3,0.7669022993151509
GZMB,RP11-325I22.2,0.7664980381866988
ALOX5AP,NLGN3,0.7663044577271637
TUG1,RP11-196O16.1,0.7662186965413638
IPP,PTPRR,0.7660933079178962
GNLY,C2orf48,0.7658374066262783
TYROBP,VNN3,0.7658358871300854
KLRC1,RP11-362K14.7,0.7658234547472036
GTF3C1,FKBP9,0.7656516318066764
B2M,RP11-665G4.1,0.7656418139384829
MT-CO1,FAM47E-STBD1-1,0.7653977562608606
AP1S2,RP11-15A1.7,0.7652902533784844
GM2A,AC007036.6,0.7646611066904218
ACRBP,SLC35D3,0.7645218665641349
C1S,DCLRE1A,0.7642035221986457
HLA-A,GPR153,0.7634578725087647
MDM1,CTD-2192J16.26,0.7633794909998196
PSAP,RP11-275I4.1,0.7627066304974238
KHNYN,MMP1,0.7626713838044068
LINC00926,GCSAML,0.7626191984518461
HLA-A,ESPL1,0.7624000117592702
HLA-A,BMP6,0.7617038529645046
CTSH,UNC13A,0.7610549550236356
GOLGA3,AC016738.4,0.7609635764571901
C16orf54,CYB5R2,0.7605322207429184
MYL6,RP11-362K14.7,0.7597748330025522
WIPI1,VASN,0.7597198182535913
ANG,TMEM105,0.7589922353758568
SAMD3,CTD-2081C10.7,0.7585745958795422
ZMAT1,PNMT,0.757948149865062
VCAN,AC016738.4,0.757253634777746
SETD5-AS1,SIAH3,0.7572090361457692
CDC42EP3,RP11-122G18.5,0.7565339373861912
SMCO4,TRIM54,0.755757014954167
RSF1,RP4-655J12.4,0.7557052457642869
GPR56,C1orf111,0.755318595761481
GADD45A,BMP6,0.7551225625296368
RPL34,C11orf45,0.7548018642090752
NKAPL,HCAR1,0.7547801017513603
GZMA,JAG2,0.7547357512954351
LACE1,RP11-816J6.3,0.7542855131250156
ANKRD9,SLC35D3,0.7540135349008072
SYTL3,HBA2,0.7539881332407359
JUN,AP3B2,0.7532675623607218
RRP12,COL1A1,0.7531064403371076
AKAP13,RP11-328C8.4,0.7530860333707905
TPST2,C1orf177,0.7529615475927774
TYMP,RP11-511B23.2,0.7529552929314387
PROC,TTC39A,0.7527526833896425
HLA-DPB1,RP11-225B17.2,0.7522202566257881
MATK,RP11-15A1.7,0.7521948732089514
MALAT1,RP11-665G4.1,0.7510045071697218
DAPP1,PLCD4,0.7509064053129462
RPL34,LINC00951,0.7507029641126434
GZMK,RP11-168O16.1,0.7505632907374111
ODF3B,RP1-261D10.2,0.7502010210064698
WDR91,KCNK5,0.7500365414076036
DUSP18,RP11-414H17.5,0.7497997338420604
JUN,RP11-348N5.7,0.7497740989724534
SFSWAP,AC007036.6,0.7493398136056296
FCRL6,AC015969.3,0.748302167949875
CST3,RP11-546M21.6,0.748124954336337
IL32,RP4-655J12.4,0.7479824628134812
HLA-DRA,TTC39A,0.7479612395736721
MBOAT2,BMP6,0.747855621124737
CAPNS1,EPHB3,0.7477411591475127
SCARB1,CASC2,0.7474459648910071
STX1A,SLC35D3,0.7474111307810721
HLA-C,RP11-106M3.3,0.7471700860134414
JUN,RGS9BP,0.747097828749099
S100B,XX-FW83128A1.2,0.7469256691929519
MALAT1,RP11-328M4.2,0.7466765907588837
CAPNS1,RP11-816J6.3,0.7452885952348774
TBL1X,XX-FW83128A1.2,0.7451027182459995
MT-CO1,FAM225A,0.7442129434623759
HLA-DRB5,ACTG2,0.7433074401452844
WIPF2,RP11-665G4.1,0.7427538803328573
LTB,LIF,0.7423339871362803
ENKUR,RP1-86C11.7,0.742314262318817
PTPLAD1,CAPN9,0.7422969656247662
VAC14,RP11-106M3.3,0.7413328563474877
PACSIN2,GABRD,0.7413322970100668
S100A11,MTBP,0.7412555016099682
ACTB,AC068282.3,0.7411810042544694
CD63,USP27X-AS1,0.7411201043869069
C12orf75,ARHGAP44,0.7410693919683139
HLA-DPA1,RP11-29H23.4,0.7409247489246248
DPP3,RP11-769O8.2,0.7408916562869059
SETD1A,PSD3,0.7408786736632619
JUND,PDE1A,0.7404792823490574
TPST2,AC068282.3,0.740408183595048
MDM1,CTD-2081C10.7,0.7401750803150297
AC002456.2,MTBP,0.7397904184912911
CTSW,RP11-511B23.2,0.7394582476002082
PHLDA2,RFX8,0.7393049333746353
VIM,RP11-420L9.5,0.7392093090853442
ZNF577,C11orf45,0.7386090221904725
SPTBN1,ZNF572,0.7384314827717146
YBX3,BMP6,0.7376200702877188
MIR142,CCDC110,0.736770292694202
RPAP3,RP11-816J6.3,0.7365201947471595
HIST1H1C,MST1R,0.7361524791624454
MYCBP2,RP11-665G4.1,0.7360587893938025
ARHGEF9,FAM47E,0.7358916447856092
GAPT,PDE1A,0.7357025278223247
LINC00936,FAM225A,0.7353133550584278
IFITM2,LINC00638,0.7349513642769648
MFSD1,RP11-168O16.1,0.7343649984801507
VAV3,RP11-314C16.1,0.7341390047419833
ZNF516,RET,0.7337649914722016
PTMS,PTH2,0.7335962449008304
B2M,GPR153,0.7330170275578534
PTGIR,BMP6,0.7329699581227441
TAF4,RP11-362K14.6,0.7327902442198957
COCH,MTBP,0.7325377985941888
FOS,GJC2,0.7325073781792127
GP1BA,RP11-15A1.7,0.7324220700941073
FMO5,FZD8,0.7323971637298016
PSAP,STRIP2,0.7322412628922594
JUND,MMP1,0.731781569171181
TLK1,COL1A1,0.7311374552118398
CD97,IL10,0.7307332180851166
ESAM,AC015969.3,0.7302885090781859
MALAT1,CTD-2192J16.26,0.7300019285550168
C5orf56,LHX1,0.7296830707613919
WBP2,RP11-787I22.3,0.7295994294285865
AKR1C3,RP4-655J12.4,0.7295296081684572
IFFO1,TMEM105,0.7294106563245392
PTGER2,C11orf45,0.7293756066401891
BLK,AMZ1,0.7292025251896985
TTC27,COL1A1,0.7290573658017256
GUCY1B3,RP1-261D10.2,0.7283979564097739
RPL3,TTC39A,0.7281475801033375
HLA-DRB5,NLGN3,0.7277267353478073
AP4S1,AC079354.5,0.7274870142386355
FGFBP2,LAMB3,0.7271037442016948
TKTL1,SIAH3,0.7269806112833086
MT-ND1,RP11-314C16.1,0.726563509611903
POMC,CLDN23,0.7264565460013991
DUSP6,VASN,0.7264238208873278
JOSD2,RET,0.7262434408062992
B2M,SIAH3,0.7259053044179947
TREML1,RP1-86C11.7,0.7258949880315614
PPP1R14A,FAM225A,0.7258743721555103
AQP10,MMP1,0.7258699718371475
APMAP,RP11-118K6.3,0.7258526301047881
HLA-DQA1,PLCD4,0.7252746432644571
FOS,FANCE,0.7249258543649385
PRR3,ARHGEF28,0.7245314766492077
STXBP2,CTD-2620I22.7,0.7244995113835877
NME8,VASN,0.7240358450495117
KBTBD11,AC079354.5,0.7240221471953238
IFIT3,RP11-29H23.4,0.7239390490831509
GZMH,RP3-323N1.2,0.7225751936668384
ADAR,RP11-225B17.2,0.7218125944534334
FOXN2,TNS4,0.7217262594815117
NT5C3A,GABRD,0.7216553888025171
SLC27A3,CCDC110,0.7214088900149049
TMSB4X,RP11-816J6.3,0.7206071798632684
LTB,JAG2,0.720073497850268
COMT,PTPRR,0.7195975242763902
ITM2C,RP11-106M3.3,0.7192474663448232
SH3BP2,ADAM20,0.7190808895008106
IER2,LINC00638,0.7190349825348978
SYTL3,FZD8,0.7190073901354782
CD8A,LIF,0.7184845382409131
HIST1H2AC,RP11-106M3.3,0.7175930123440256
PRAM1,AC007036.6,0.7172595556779273
LINC00936,AP3B2,0.7171498978347927
C19orf83,RP11-29H23.4,0.7170009411841558
CD7,ACTG2,0.7169287877173615
GZMH,VSTM2B,0.7165655547135423
RP11-282I1.1,RP11-456K23.1,0.7162949782267787
SDPR,RP11-15A1.7,0.7159327078647398
CST3,AC009312.1,0.7156444528522306
STRN4,BMP6,0.7154178813990141
KIRREL3,AC007036.6,0.7150298376146795
RGS12,IQSEC3,0.7139913038564043
EAF2,RP11-328M4.2,0.7139111060014947
FCER1G,CCDC110,0.7134155144742997
TYMP,GYPE,0.71322785168974
ILK,EPN2-AS1,0.7131566637945871
ZMAT1,UNC13A,0.7129837815527239
CD8A,CYP46A1,0.7129321610474204
CARS2,RP11-168O16.1,0.7123736500816586
HLA-DPA1,RP11-328M4.2,0.7121106879411823
ASGR1,RP1-261D10.2,0.7119984081173768
IL15,RET,0.711816273999806
ZC3H13,CTD-3194G12.2,0.7117209938458511
MFSD12,RP11-511B23.2,0.7115794546516487
RP11-539L10.2,IL10,0.7113773369205897
S1PR5,ESPL1,0.7109117769902256
PPIF,AC079354.5,0.7107944290809077
SERPINA1,SEZ6,0.7106425000800519
HLA-A,CTC-523E23.1,0.7102911868939061
MFSD12,SNRK-AS1,0.7100917892542612
KRIT1,LIF,0.7099756689710297
MALAT1,RP11-276E15.4,0.7095211942160491
S100A6,ACTG2,0.7090370458418748
DGKZ,RP11-816J6.3,0.7089272877143883
NPC2,VASN,0.7088017204549147
CTSD,AFAP1L1,0.7087882417131793
COTL1,NODAL,0.7083368275100046
hsa-mir-1199,MMP1,0.7083339065173286
PINLYP,ARNTL2,0.7082834590662731
NKG7,RP3-323N1.2,0.7081961380960783
FTL,AC007036.6,0.7081287066029526
KLRF1,MTTP,0.7074064569583667
YWHAH,CTD-2081C10.7,0.7073745490490274
AHNAK,RP11-325I22.2,0.7072347428710819
CAST,FOXE1,0.7071244460493437
KIFC3,AC015969.3,0.7059499077068085
HIST1H1C,SLC35D3,0.7058609594084471
CKAP5,RP4-635E18.7,0.7057296181350337
C4orf48,CYP46A1,0.7056161105467618
GADD45A,ARHGAP44,0.7055706364796933
SRPK2,AC068282.3,0.705537873420812
NCR3,USP27X-AS1,0.7053458232161431
SLAMF7,EPAS1,0.705273853340475
SNN,RP11-328M4.2,0.7050239185052081
NUSAP1,CYP46A1,0.703875004405571
HLA-DQB1,AC016738.4,0.7037012126614988
CCL3,FKBP9,0.7034746832443425
PGRMC1,RGS9BP,0.7034512194933991
KIAA0226L,ACKR2,0.7034312883630232
SENCR,SLC35D3,0.7034232388773493
TBC1D20,AC079354.5,0.7031565466151738
CEBPD,RP1-122O8.7,0.7031111371427992
OS9,AC009312.1,0.7030079065873127
VPREB3,GSG2,0.7029181766677965
LTB,LINC00951,0.7028981208308867
HLA-C,ARHGAP44,0.7024371581436468
TLE1,CGN,0.7022015720378674
B2M,ARHGAP44,0.7018503622040371
POMC,NODAL,0.7018224163993858
PTTG1,ACTG2,0.7015967499263184
PNOC,AMZ1,0.7015155171367791
RPL3,CGN,0.7012153193447903
BCL11A,CXCL10,0.7010405151516319
LYG1,EPAS1,0.7009365440548985
NEAT1,LHX1,0.7009310545386735
PLAC8,RP11-275I4.1,0.7009205033933177
PDZD4,RP11-328C8.4,0.7008622779546655
VIM,ARNTL2,0.7003290882175147
POU2F2,GSG2,0.7002203217065872
PTPLAD1,RP11-414H17.5,0.6998031417009319
H1FX,AC007036.6,0.699715326541085
MIR22HG,PNMT,0.6991547387160705
MALAT1,RP11-106M3.3,0.6990453816578136
NRROS,RP11-314C16.1,0.6988673426857764
TCL1A,ACKR2,0.6985086070356686
TTLL3,ACKR2,0.6983363718289023
MFSD1,CTC-523E23.1,0.6977939489587128
PFN1,RET,0.697596673172829
ZC3H13,IL10,0.6972302528201255
GCHFR,ESPL1,0.6969325313648425
IER2,CTD-2081C10.7,0.6968603041409882
FTL,CASC2,0.6966531694228485
HIST1H1C,AFAP1L1,0.6963478112677589
SLC43A2,AC016738.4,0.6959957977437153
OAZ1,ZNF572,0.6957567234894141
NKG7,RP11-225B17.2,0.6956967574520985
HLA-DRA,RP11-511B23.2,0.6953121077390333
PSAP,HCG20,0.6950682861780678
CCL3L3,AC016738.4,0.6947622165440244
PHF21A,MMP1,0.6946668524628146
RELB,RP11-55K13.1,0.6944476701570625
FTH1,HCAR1,0.694182402097462
STAT3,RP1-86C11.7,0.6940331445919621
KLRB1,JAG2,0.6937488552256685
TMSB4X,CTD-3194G12.2,0.6937482899310102
PSAP,RP11-54O7.1,0.6936062816872719
IFNG,CTRC,0.6935850367239254
CLIC3,SOX13,0.6934555578789094
FCGRT,ARHGAP44,0.6932503598503951
PDCD7,RIPK4,0.6930866461439373
TPST2,CLDN22,0.6927144614515718
SAMHD1,GCSAML,0.6923992630579027
RRP12,AC140481.2,0.6923392263382796
MYCBP2,MAEL,0.692313536618575
KLRC1,MPP4,0.6921072947594986
STMN1,DDR2,0.6920247005719873
TRIM7,LYPD2,0.6919847446337433
LAG3,SNX24,0.6919412414415441
MT2A,LIF,0.6915801348505103
CELF1,HCAR1,0.6911362828953861
HLA-DQA1,HCAR1,0.6911024112647651
PFN1,AC015969.3,0.6910259801607158
PLEC,PTH2,0.6906644458949394
AKAP1,STRIP2,0.6902979526288374
MYOM2,RP11-106M3.3,0.6900725289057246
PSAP,EPHB3,0.6898873446917847
CCL5,LAMB3,0.6895619544925656
MALAT1,RGS9BP,0.6894574201282256
TBC1D10B,USP27X-AS1,0.6894149694937399
MXD4,RP11-106M3.3,0.6893731288872141
S100A11,CTD-3224K15.3,0.6887439075624897
MYL6,AC007036.6,0.6885524421678512
PGRMC2,AC140481.2,0.6875588990319281
YWHAH,BMP6,0.6874715891569518
SCO2,TMEM105,0.686423947548158
TBX21,RP1-261D10.2,0.6861506750285684
HLA-C,AC009312.1,0.6855524704340547
CELF1,CTD-3224K15.3,0.6853345466499471
TPM4,RP4-655J12.4,0.6853094412927664
SUGP2,AC079354.5,0.685149448137767
CARS2,RP1-261D10.2,0.6851224982088233
MAPKAPK2,RP11-816J6.3,0.6851222092829233
IL4R,ACTG2,0.6849694235441485
ADPRH,RP11-769O8.2,0.6848311783717457
CLIC4,AC016738.4,0.684552230560618
SRPK2,LRP12,0.6845285202593431
KPNA6,CTC-503J8.4,0.684285899489715
LIMS1,AFAP1L1,0.6836894830398007
UNK,AC015969.3,0.6835367818998443
CD74,RP11-328M4.2,0.6833537415403679
TLN1,CTD-2619J13.3,0.6832151410825609
XCL1,RP11-122G18.5,0.682566231292804
RSU1,SIAH3,0.6824211130541382
CAPNS1,ARHGEF28,0.6823570273502457
HIST1H2AC,JAG2,0.6820750324194088
MIR155HG,RP11-328M4.2,0.6820011524411619
FICD,DNAJC28,0.6818659778215408
CWC25,FKBP9,0.6811876818292213
IFITM2,VSTM2B,0.6810612325951835
LYAR,ARHGAP44,0.6809245914620308
LINC00936,GSG2,0.6802298301199633
TTC7A,ACKR2,0.6795422044656196
FCER1G,LYPD2,0.6795283796135131
ISG15,ARNTL2,0.6794774952543613
CD63,RP11-423C15.3,0.6787276033880909
TCHP,GRIN2C,0.6781340745373313
HLA-A,LIF,0.6778356455509302
RAI1,RP4-635E18.7,0.6778025968898284
HLA-DRB1,C1orf111,0.6777860879052612
RP9,FAM225A,0.6776055835335144
SPON2,VSTM2B,0.6772170359705297
STX3,AC079354.5,0.6769071266685251
ZNF133,RP1-261D10.2,0.6764570656139439
IL32,RP11-348N5.7,0.6762477500659961
DUSP1,AFAP1L1,0.6758738625123948
SAMD3,HCG20,0.675777918479614
B2M,RGS9BP,0.6757372174698113
PTGDR,RP11-106M3.3,0.6756288959139313
GRN,EPHB3,0.6755316737923037
TSPO,AC007036.6,0.6748507900772727
SLC43A2,RHOV,0.6742129234094628
TCL1A,AMZ1,0.6739086011337522
HLA-DRB5,AP3B2,0.6737874061218867
TIMP1,HSPA12B,0.6737594379999644
CD300A,UNC13A,0.6736611091282143
BCL3,RP11-225B17.2,0.673314976981968
RHOC,SIAH3,0.6725896441394091
ZYX,ZNF572,0.6725484010040351
SRPK2,SNX24,0.6725201806508702
GRASP,FKBP9,0.6721599050069191
CD7,AC009312.1,0.6719084423578996
CCL4,CXXC4,0.6711837599713547
CHD8,AGAP9,0.6710923823885807
TMEM176A,IL17A,0.6707770526863486
ASCL2,RP4-655J12.4,0.6707553912959424
ITM2C,CTC-503J8.4,0.6706701439369038
VIM,NLGN3,0.6706260007914695
RCE1,STRIP2,0.670086421248335
DUSP1,RP11-816J6.3,0.6700160765120065
SLC27A3,TRIM54,0.6696365660175003
PATL2,LHX1,0.668161875869922
RPL34,UNC13A,0.6681007940064156
IL18BP,RP11-122G18.5,0.6680370667054598
TMSB10,CCDC81,0.6673851096752257
ANKRD13D,ARNTL2,0.6673252243649338
RP9,RP11-420L9.5,0.6672244621443703
MT-ATP6,RP11-769O8.2,0.6670063666915597
CD7,CTD-3224K15.3,0.6670016121505475
SOAT1,ACKR2,0.6666190356769655
GZMK,AF131215.5,0.6664975544979959
UFSP1,DIRC3,0.6662293011018774
NUDT16,GRIN2C,0.66620993737211
SPON2,RP11-106M3.3,0.6659128698943181
GZMH,C2orf48,0.6654118576003393
ZNF143,RP11-665G4.1,0.6653853862042003
PRF1,JAG2,0.6651302354287801
WBP2,RP11-269M20.3,0.6650814240962102
RP11-73M7.9,EPHB3,0.664764835358597
FOS,EPAS1,0.6646042278267963
ARHGEF9,VSTM2B,0.6645003308950215
SDPR,MAEL,0.6643535877635507
MLXIP,CTC-498J12.3,0.6638075783438324
GSTO1,RP11-328M4.2,0.6630501256456457
ARID5B,RP11-54O7.1,0.6627064327046408
GRAP2,PNMT,0.662470885380975
PLEKHM2,CASC2,0.6624691073578919
ANKRD9,RGS9BP,0.6622900468429905
MAX,RFX8,0.6621487907709032
CYB561A3,RP11-665G4.1,0.6620349085614206
JUP,AL049829.1,0.6620179710380226
TMSB10,SCML2,0.661646914545538
BID,RP11-511B23.2,0.6615793251092781
ACRBP,MAEL,0.6614196059307818
ODC1,UNC13A,0.6613277668486612
NFKBIA,CTD-2081C10.7,0.6610928507122802
FCER2,ACKR2,0.6608675654377225
CD81,ARHGEF28,0.6607730881413475
MT2A,AC140481.2,0.6606651562335889
SH2D2A,USP27X-AS1,0.6597523002934124
TYMP,FAM225A,0.6596591246332334
ILK,RHD,0.6596028636500186
CSAD,CCDC110,0.659329832352289
RGS2,CLDN23,0.6593243998851578
PDCD1,CAPN9,0.6592590124555473
PFN1,RP11-505P4.7,0.6589364298545746
PLAC8,RP11-362K14.6,0.6586862715323107
FGFBP2,ARHGEF28,0.6585527760192145
ARHGAP42,RP11-328M4.2,0.6584214545762125
GNG11,PSD3,0.6582940765510766
FCER1G,RP11-167N5.5,0.6582692650781301
C9orf89,RP11-275I4.1,0.6576778503543882
TSPAN2,BBS5,0.6576071441706948
CD79B,PDE1A,0.6575069975780364
CCL5,CSN1S1,0.6574764232881969
UNC93B1,CTC-503J8.4,0.6572646166868171
ADAM15,TTC39A,0.6568417179420938
EAF2,CASC2,0.6566399484047761
ENDOD1,AC015969.3,0.6562609337249791
NKG7,IL10,0.6560730507346325
HLA-DRB1,AMZ1,0.655940023440087
FCRL1,ACKR2,0.6554026032335094
CD22,CASC2,0.6553914756080601
FTL,RP11-29H23.4,0.655364559063367
STXBP2,HCG20,0.655319889357622
ACTN1,RP11-225B17.2,0.6552144403861636
POU2F2,RP11-328M4.2,0.6551945180826848
FAM110A,AC140481.2,0.6546168875547802
DTX1,SNX24,0.6537653054348256
RPL3,RP11-55K13.1,0.6536166777109417
FCER1G,AFAP1L1,0.6533769376088415
FOXN2,RP11-816J6.3,0.6529170692561008
PLD4,PSD3,0.6522496544310615
SH3BP2,USP27X-AS1,0.6521294898719832
HSCB,TMEM105,0.652085705530693
DNAJC5,NODAL,0.6519348204538382
GLIPR2,S100A3,0.6519028621669375
FGFBP2,RP11-225B17.2,0.6516400850675474
ENDOD1,RP4-655J12.4,0.6515867615438626
DGAT1,RP11-362K14.6,0.6513409308716039
CAPG,TRIM54,0.65133195699985
BLK,RP11-106M3.3,0.6512982729445127
KIAA1715,RP11-314A20.5,0.6507001508211677
RGS18,MMP1,0.6506182832838102
CTSW,RP3-323N1.2,0.6504570828801586
BLK,RP11-328M4.2,0.6502107623468252
RP11-466P24.6,SPTB,0.6499395218070056
COTL1,FKBP9,0.6498123828316525
SETD5-AS1,RIPK4,0.649789535675097
IRAK1,MMP1,0.6497701953857186
S100A6,LAMB3,0.6496506532426425
EED,AC140481.2,0.6488628214537131
MT-ND2,AP3B2,0.648658779035951
SFSWAP,C17orf96,0.6485333859939975
DPP3,HCG20,0.64825697043311
EIF3B,ADAM20,0.6480300236425932
HLA-A,RP11-328C8.4,0.6479804287181351
MYOM1,RP11-276E15.4,0.6478423247091699
CD79A,RP11-328M4.2,0.6477960291404742
VPREB3,CYB5R2,0.6477792661300638
FGR,SOX13,0.6477318753185037
RP11-761I4.3,MTBP,0.6477045356245325
IL18BP,COL1A1,0.6476339886799655
CX3CR1,AC079354.5,0.6471055716126635
IL32,LHX1,0.6467803971356734
CATSPER1,SLC35D3,0.6465852226034497
MAP1A,RP11-275I4.1,0.6464209800943949
TLN1,RP1-122O8.7,0.6463965908836292
PFN1,UNC13A,0.6458705531690678
MMD,PDE7B,0.6454048103683864
IER2,NODAL,0.6453191299709813
CAST,ARHGEF28,0.644365143832714
QSOX1,RP11-167N5.5,0.6442451866114774
RPL34,FOXE1,0.6441944625712108
TYMP,AP3B2,0.6441465002361616
SH2D2A,RP4-655J12.4,0.6440550302615174
NKAP,ARHGAP44,0.6439250843516136
RAB11FIP1,RP1-122O8.7,0.6438694790003834
APP,SNRK-AS1,0.6436660064924858
SAMHD1,AC009312.1,0.6430922995840348
KIAA0195,AFAP1L1,0.6429138266028916
VIM,CCDC110,0.6428317729227483
DENND6B,RFX8,0.6424194400082419
CTSZ,RP11-168O16.1,0.6423528887870272
GNLY,RP11-511B23.2,0.6420585918168078
RP5-1028K7.2,COL1A1,0.6419543989574108
RP11-305L7.1,PTPRR,0.6419517313598412
C12orf75,SNRK-AS1,0.6416420405262371
CTSA,GABRD,0.6415721343640958
LST1,LYPD2,0.6415137830036898
HLA-A,XX-FW83128A1.2,0.6414733948222017
CD101,RET,0.6413413231275962
NFE2,BMP6,0.6407993758744486
ARID5B,RP11-769O8.2,0.6405145462928572
RGS2,RBL1-1,0.6404871995122996
NFKBID,VSTM2B,0.6401876619528518
SETD5-AS1,C2orf48,0.6399615127260242
RUFY1,ARHGEF28,0.6396632628671575
NCR3,HBA2,0.6396418206084208
PTPN18,RP1-86C11.7,0.639510363978526
WBP2,GPR153,0.6390229337359881
IGJ,C15orf65,0.6388631659925424
CD160,PTPRR,0.6386579435649328
GZMA,RP11-225B17.2,0.6386169880668496
TTC27,ARHGEF28,0.6379383322297553
RGL2,CAPN9,0.6377921583613173
ITM2C,FBXO30,0.6376202743307069
C12orf75,PDE1A,0.6367190643731805
GSTP1,EPHB3,0.6366158909250234
B2M,EPAS1,0.6365652614035694
DENND4B,C1orf177,0.6364903105109598
ARHGAP17,EPAS1,0.63623497718081
ZNF329,TRIM54,0.6362033837876555
VIM,LAMB3,0.6359460575199187
XPNPEP1,ELMOD1,0.6357893550760835
SAMD3,RHD,0.6356227449201035
IL32,TRIM54,0.6354847334406393
NCOA4,SNRK-AS1,0.6353150068104455
ACTB,RP11-787I22.3,0.635041032151696
SIRPA,RP11-348N5.7,0.6350290494242969
PFN1,CTD-2192J16.26,0.6349992601275356
CCNY,DIRC3,0.6349772911493887
CD74,GYPE,0.6349028026424073
WDR91,AC140481.2,0.6347970471716049
ISG15,CXCL10,0.6347772694879326
MATK,RP4-655J12.4,0.634768495983862
GRN,SOX13,0.634385608498759
LGALS3,CXXC4,0.6343334935868754
MESDC2,RP11-348N5.7,0.6338551287850615
CCL4L1,RP1-122O8.7,0.6336788732236196
DYNLT1,GYPE,0.6331394483584125
MT-CO1,AC007036.6,0.6326185178354558
HLA-C,ESPL1,0.6324964681236211
RPL34,AC016738.4,0.6324335603131934
FCN1,EPHB3,0.6320396102545585
ACTB,GJC2,0.6317676027995875
TNFRSF1A,RP11-168O16.1,0.6317432994048061
TLN1,ARHGEF28,0.6316822452796
ARID5A,CENPI,0.6316483041533092
RP11-7F18.2,WWC2-AS2,0.6312650907910582
HLA-DRB1,GYPE,0.631186268756528
C7orf50,DNAH12,0.6311522972389072
MT-ND2,ARHGAP44,0.6311129866456427
TLK1,RP1-261D10.2,0.6310772552340136
LRBA,C1orf101,0.6309510288328746
SAMD3,RP11-276E15.4,0.6309228639122972
NKAP,AFAP1L1,0.6309090116876461
TLN1,FKBP9,0.6303094515077644
IER2,PAPL,0.6302105389647619
DNAJC1,ZNF572,0.6295725030583077
LINGO3,RP11-225B17.2,0.6293707240183904
TMEM40,BMP6,0.6291722483308679
CST3,AC079354.5,0.6289378123676508
DTX2,ACTG2,0.6289368624619582
NEAT1,DCLRE1A,0.6288668054092345
DENND1B,RP11-168O16.1,0.6288586987591708
VCAN,TRIM54,0.6286967146450934
LYL1,RP1-261D10.2,0.6286094862625106
C12orf39,RP1-86C11.7,0.6285547694181477
CST3,EPHB3,0.628085292257118
UNK,RP11-722E23.2,0.6278129328141399
S100A9,TMEM105,0.6277186302830895
LRP3,RP11-122G18.5,0.6277156043527984
SH2D2A,GJC2,0.6275638332093343
BRD3,PDE1A,0.627500197543759
TNFRSF18,CYP46A1,0.6274830985071895
ZNF576,KCNK5,0.6272337703436868
S100A6,SPTB,0.6271047878431003
CEBPD,GPR153,0.6266218544294139
RELT,TMEM105,0.6265067436435519
GLIPR1,AC079354.5,0.6262943555017253
HLA-DRA,RP11-269M20.3,0.626276411670155
MT-CO1,LINC00951,0.6262118298302388
CD63,RP11-118K6.3,0.6261770835738178
RPLP1,EPAS1,0.6257952779876874
CFD,SEZ6,0.6254079724811821
FTH1,RHD,0.6254069037890819
HEBP2,HCAR1,0.6250513261744312
FTH1,ZFHX2,0.624741636168857
TMEM176B,WWC2-AS2,0.6245593510574929
SPECC1,BMP6,0.6242226639601012
PARVB,WFDC3,0.6239204035870635
ROBO3,SLC35D3,0.6236822115911808
RPL3,RGS9BP,0.6236625515265728
ABHD2,RP11-420L9.5,0.6234756151281132
HLA-C,RP11-348N5.7,0.6233201739389552
NUDT16,GJC2,0.6229904234757964
JUN,RP11-665G4.1,0.622773518819146
SOD2,GPR153,0.6227628683872108
RPL3,S100A3,0.6227062724781123
PLD2,DNAJB5,0.6223409914388738
MT-ND1,PDE7B,0.6222011723783374
GNA15,MMP1,0.6213529629513709
SCRN3,DCLRE1A,0.6212668913942538
FTL,EPHB3,0.6212361269237396
DYNLT1,SIAH3,0.6209251785688893
MARVELD1,AC079354.5,0.6208140600421558
MDM1,RP4-655J12.4,0.6206512992719859
LCOR,AC015971.2,0.6202687750962212
C7orf50,USP27X-AS1,0.6202387186373838
UHRF1BP1,BMP6,0.619985524125493
PLAC8,C1orf111,0.6191850149848863
KLF6,XX-FW83128A1.2,0.6190518248087437
PSAP,AC079354.5,0.6189284820430065
RUNX3,RP3-323N1.2,0.6188889917558201
CCR2,STRIP2,0.6185741616455638
SFSWAP,RP11-505P4.7,0.6184488696265326
ARRB1,SLC35D3,0.6184249921931287
MYL6,LONRF2,0.6183414072754634
IER3,TTC39A,0.6181315002013145
APLP2,AC140481.2,0.6180283318942228
C12orf75,AC068282.3,0.6177356388941669
KLF6,RP11-505P4.7,0.6177119436027038
POU2F2,C1orf101,0.6176480261045975
ANXA2,USP27X-AS1,0.617388506489411
EFHD2,CLDN23,0.6172754919115571
BARD1,DIRC3,0.6171669728131173
RELB,SIAH3,0.6168055981121545
ERBB2,VSTM2B,0.6166811224855019
SYTL2,EPAS1,0.6162234410757514
ST14,WWC2-AS2,0.61595489430269
IER2,MPP4,0.615777769443744
IER2,DCLRE1A,0.6155897245267925
ACTB,TTC39A,0.6152894157820125
IL2RB,RP3-323N1.2,0.6151404924192493
P2RX5,RP11-269M20.3,0.6150785980158976
EPHB6,RP11-106M3.3,0.6149141236041679
FOS,SNRK-AS1,0.6145838499647021
HLA-A,RP11-816J6.3,0.614298253579196
TTC27,C1orf101,0.614001128690989
NXF1,ELMOD1,0.6138655842113108
JUN,ZNF572,0.613266255856895
PSAP,CCDC110,0.6131815341340834
SOD2,PDE7B,0.612963112158713
NRROS,MMP1,0.6126485843262366
VIM,RP11-196O16.1,0.6124989340456216
BLVRB,FKBP9,0.6123889761240957
PARVB,ADAM20,0.6123293071631741
MS4A7,ADAM20,0.6122793727930693
HLA-C,ACKR2,0.6122409881243939
PLEKHO1,PDE1A,0.6121817284995837
FOS,C1orf177,0.6119391103053018
PGPEP1,FZD8,0.6118440596758923
PRR5L,GCSAML,0.6113009315605721
ENTPD1,RP11-348N5.7,0.6107969886905343
PTGDS,CLDN22,0.6106119221917458
SPON2,PNMT,0.6105812131337841
IGLL5,PDE7B,0.6102457748140304
C11orf68,RP11-348N5.7,0.6101839998606853
MBP,CTD-3194G12.2,0.6097867578614163
COL19A1,CYB5R2,0.6097255684327262
JUN,FZD8,0.6097047084829136
ENDOD1,VSTM2B,0.6096597732540643
IFI30,CCDC110,0.6094537217946758
PREX1,SOX13,0.6092756251285998
FTL,PTPRR,0.6092301467247021
HLA-DMB,ACKR2,0.609195328481337
TSPAN33,RP11-511B23.2,0.6090749769752566
CYB561A3,RP11-414H17.5,0.6088946187817367
WBP2,CTD-2192J16.26,0.6088705624795452
FOS,STRIP2,0.6082235797367036
TMSB10,BBS5,0.6081990205185638
HLA-DRB1,ADAM20,0.6081338683347585
PDLIM1,RP11-665G4.1,0.6077416380960082
EFHD2,SOX13,0.6077182542754525
STMN1,C11orf45,0.6074429424211931
MALAT1,RP11-348N5.7,0.6073807222958358
S100A4,LAMB3,0.6072800353206206
HLA-C,C1orf111,0.6068632973578493
TSPO,RP11-54O7.1,0.6066880062038222
AKAP9,AP3B2,0.6058316607651438
GZMA,C1orf177,0.6054838809834184
CNNM3,FZD8,0.6052909025890448
TSPO,LHX1,0.6052452065970698
SNORD3A,RP11-505P4.7,0.6051434627277481
TAF4,RP11-362K14.7,0.6050195168037283
CMKLR1,TTC39A,0.6048936843239386
HVCN1,RP11-816J6.3,0.6047521956865322
AC021188.4,DCLRE1A,0.6036152250224998
PFN1,RP11-362K14.7,0.6033887674051465
RP11-443B7.3,VNN3,0.6029953775302132
HCK,CTD-2620I22.7,0.6024705218390385
BATF,CLDN22,0.6022884176132556
ITGAM,SIAH3,0.6022448664861322
S100A6,LONRF2,0.6022237929565089
TPM4,MAEL,0.6022151994385656
ARHGAP24,PDE1A,0.6018361725777783
IFI27L2,VSTM2B,0.6016850328426765
RUFY1,RP11-546M21.6,0.601628414837516
HLX,RP11-118K6.3,0.6011706194662163
C11orf83,RP11-816J6.3,0.6011104003826172
FTL,RP1-261D10.2,0.6003690924215521
MT-ND2,CTRC,0.5998594136471165
TMSB10,RP11-225B17.2,0.5997697710653962
IGF2R,ARHGEF28,0.5994921816885949
NKG7,C1orf111,0.5990832151600651
PLEKHF1,GCSAML,0.5989227514455391
ACTB,RP11-275I4.1,0.5984901678996865
LGALS1,RP11-328M4.2,0.5982458779609481
TCHP,RP11-314A20.5,0.5979448891197574
COMT,USP27X-AS1,0.5978597613983813
UBR4,VNN3,0.5976989647563716
CD74,FZD8,0.5975104929476243
MLH3,XX-FW83128A1.2,0.5975072043932135
IFITM2,FKBP9,0.5970699130095214
ID3,RP11-414H17.5,0.5970380179772541
HLA-DRB1,RP11-269M20.3,0.5965884833787705
C1orf21,CSN1S1,0.596507061145398
GPX1,AC007036.6,0.5962071936751745
RRBP1,S100A3,0.5960808093293526
FTL,AC009312.1,0.5959989912073074
HLA-DPB1,AC015971.2,0.5958280566097424
RNASE6,C15orf65,0.5957909998536263
CFD,RP11-269M20.3,0.5955987548264199
GALNT7,VASN,0.595590803891363
MBP,DDR2,0.5943559843343018
GABBR1,FAM47E-STBD1-1,0.5943179327089371
HIST1H2BK,AC015969.3,0.5938154485899272
PSAP,ACKR2,0.5937659258105477
RALGPS2,RP11-269M20.3,0.5937141649894314
CCDC82,ZNF572,0.593680989704151
TCL1B,PDE7B,0.5936360347693984
SENP3,C1orf177,0.5935734170084604
BIRC3,DIRC3,0.5933656997207823
PSAP,RP11-122G18.5,0.5933012459197384
TMSB4X,GABRD,0.5930265331766256
RSF1,CTD-3224K15.3,0.5928726978139607
LRBA,NLGN3,0.5924293340511013
BATF,COL1A1,0.5922416999345959
AC078883.3,RP1-86C11.7,0.5917718354269617
TMSB10,C17orf96,0.5916530018025673
AGTRAP,AC007036.6,0.5910424177042252
PASK,COL1A1,0.5910098371921261
RSF1,KRBOX1-1,0.5904146572900378
CD7,AFAP1L1,0.5903282047682082
RPL3,RP11-269M20.3,0.5902177279434874
RSU1,RP11-328M4.2,0.5902032015212926
CTSD,AC007036.6,0.590005812475684
IFI27L2,RP11-546M21.6,0.5896326927135918
RP3-525N10.2,AC016738.4,0.5895185022968424
YBX3,GPR153,0.5890202504643125
CAST,AC007036.6,0.5888266230332001
KPNA6,HCAR1,0.5886036161556886
TP53BP2,CCDC110,0.588379067784009
PFKFB4,NLGN3,0.5883631808471635
UBXN6,MMP1,0.5880613377959438
SELPLG,RP1-122O8.7,0.5880368398654251
MEIS1,GABRD,0.5878411775457141
GAA,FKBP9,0.5878184163195836
MS4A1,ADAM20,0.5877519033055175
ANKRD11,C11orf45,0.587737262848232
IRF7,DDR2,0.5873882496501958
OAZ1,RP4-677H15.4,0.5873654066699878
CD7,SLC35D3,0.5871811839238781
IL2RB,JAG2,0.5871769784313063
CCL5,RP11-314C16.1,0.5868154985954709
CD63,RP11-314C16.1,0.5866842278760291
FTL,FANCE,0.5863883480552017
LILRB2,AP3B2,0.5862599798323366
PTRH1,CTD-2619J13.3,0.5856058862061897
AKAP13,DDR2,0.5855057046828931
MARCH2,BMP6,0.5853530335872571
PYCARD,AC007036.6,0.5851941211885578
TRAK1,KCNK5,0.585164167414565
ZEB2,CLDN22,0.5848399692615842
ALOX5,PDE7B,0.5847352500710831
PRR24,ARHGAP44,0.5841598299613958
LIMS3-1,RP11-362K14.7,0.5840673543984121
CD74,SEZ6,0.5839840747373277
CD74,CSN1S1,0.5834470743544604
LST1,AFAP1L1,0.5830643870402155
ELF3,PNMT,0.582877933886741
RPL3,COL1A1,0.5828770868589419
RAB34,GPR153,0.5825468120259595
CD9,GABRD,0.5823513658490967
TUBA1C,GABRD,0.5823381862801258
ZNF576,FBXO30,0.5822583833213478
NCF1,FBXO30,0.58212556397337
PLCH2,RP1-86C11.7,0.5820450283165148
GRAP2,BMP6,0.5816927931866742
FGR,GSG2,0.5816927582177851
RP11-290F20.3,LYPD2,0.5816006651812375
COTL1,AFAP1L1,0.5815316223015492
FOSB,ARHGEF28,0.5811159095354016
SNAI3,DNAJC28,0.581095264213478
FTH1,HM13-AS1,0.5810828782893842
SELPLG,GSG2,0.5808983049467125
ACTN1,STRIP2,0.580332316744617
PLAUR,AC068282.3,0.580323956191922
SENP3,SNRK-AS1,0.5801401800794721
MT-ND1,HM13-AS1,0.5800514395700214
GLIPR2,LONRF2,0.5799391798184332
GAA,C2orf48,0.5797285725843409
WBP2,DNAJB5,0.579575233165548
ACTB,COL1A1,0.5792487414328122
EAF2,PSD3,0.5785554988661542
C1QA,LYPD2,0.57785786976057
ABCA7,PDE1A,0.5775498071613205
HLA-A,AC079354.5,0.577214978872861
ADAMTSL4,CYB5R2,0.5770350236806316
GALK1,KCNK5,0.5769960784954499
SCAPER,C15orf65,0.5769137365136219
KIF13B,SOX13,0.5768197433912086
C9orf89,SOX13,0.5767839590356421
DGKZ,RP11-348N5.7,0.5765193145233138
LRRC25,RP11-29H23.4,0.5765168721488217
ACTB,C2orf48,0.575643934579722
MSRB1,VSTM2B,0.5754393554937539
SETD5-AS1,CTD-3224K15.3,0.5754263469018599
PRF1,CLDN22,0.5753764881671726
ARID5A,RP11-328C8.4,0.5752406925794958
NCR3,SOX13,0.5750453970437576
MALAT1,MTBP,0.5749805783964039
AF001548.5,PTPRR,0.574871599309078
MT-ND2,SLC35D3,0.5747565383588341
IQSEC1,ARNTL2,0.574541555551536
TPM4,ACKR2,0.5744701422618532
LRIF1,GSG2,0.5740595669579882
TLN1,FBXO30,0.5737784638615334
CAST,FAM47E-STBD1-1,0.5737628224984156
C5orf56,SOX13,0.5737415113225003
ANKRD13D,SIAH3,0.5735471971695858
PRAM1,VNN3,0.5734261566078847
SENP3,PDE7B,0.5728019031913232
MARCH2,LRP12,0.5725689186580477
AC078883.3,GABRD,0.5723750248028825
PFN1,CTD-2619J13.3,0.5723321870901081
EHBP1L1,FKBP9,0.5721836260938223
LST1,AC016738.4,0.5720245877423773
TPP1,EPHB3,0.5718156026158114
TMSB4X,COL1A1,0.5716691612273941
FES,RP11-314C16.1,0.5714838116651448
PTTG1,ZFHX2,0.5709356384539983
TTLL11,VNN3,0.5707818100291578
MDN1,C1orf101,0.5706206269633963
MALAT1,SIAH3,0.5706152105952841
ANKRD13D,CCDC110,0.570513383531579
RP11-775D22.2,AC015969.3,0.5704198106139186
CTSD,C17orf96,0.5702284656723925
CD8B,VSTM2B,0.5700074605867037
C4orf48,EPHB3,0.5699564022947815
STAG3,AMZ1,0.5697446261840339
CTB-41I6.2,CTRC,0.5695297082679646
CYB561A3,RP11-29H23.4,0.5685661253248835
WDR11,HM13-AS1,0.5685084107510255
HIST1H2BK,CAPN9,0.5684770483376683
MROH1,PLCD4,0.5684334137849215
FTL,FAM47E-STBD1-1,0.5681464958901211
NAGK,CYP46A1,0.5674609545202692
PTPN18,CTD-2192J16.26,0.5656976260423104
LEMD3,BBS5,0.5656618472631245
OS9,KCNK5,0.5655138324135811
EIF3B,SCML2,0.5654782756783343
FTH1,CASC2,0.5653510475808776
KIAA1715,SEZ6,0.5650955275259997
SPIB,RP11-269M20.3,0.5645791315538156
RP11-117D22.2,RP11-420L9.5,0.5643657241467687
AHNAK,ARNTL2,0.5642759090432092
ADPRH,ADAM20,0.5642074295213154
IFITM2,RP11-722E23.2,0.5641939196152876
NAGA,RP11-328C8.4,0.5641819607302877
S100A12,AC016738.4,0.5641314891122198
CCL5,CLDN22,0.5639264761186648
FTL,SIAH3,0.563823578272284
ARMC7,TMEM105,0.563658790654976
FBXW11,SOX13,0.5634743578035429
ITGAL,RP11-269M20.3,0.5630458577051816
APMAP,FBXO30,0.5629173918238474
BCL2L11,GSG2,0.5628512123990157
AGTRAP,MMP1,0.5626653530748348
RNASE6,AC068282.3,0.56264047874174
CES1,TMEM105,0.5624261994082392
LINC01137,LHX1,0.5623423288542365
GPX1,EPHB3,0.5622868713329829
BIRC3,RP11-328C8.4,0.5622755907394581
ZYX,CENPI,0.5619426426553487
PYHIN1,USP27X-AS1,0.5618164519724689
LY86,DNAJC28,0.5609843167106973
LYAR,RP11-414H17.5,0.5607034672136275
MYEOV,MAEL,0.5605705975588017
MPST,CCR8,0.5604174538719686
GPR56,C2orf48,0.5601755152252337
SLC12A2,CCDC81,0.560033420148701
PQLC1,TMEM105,0.560014404250817
RP5-1092A3.5,C1orf177,0.5596611562594792
AP001816.1,ARNTL2,0.5596221848913707
FOSB,PNMT,0.5594814039956174
ACRBP,GABRD,0.5594803725026486
SASS6,RP11-54O7.1,0.5592784560100462
S100A4,USP27X-AS1,0.5591819589949603
MT-ND2,PDE1A,0.5590436307597709
PPBP,RP11-314A20.5,0.5589745550232298
CLU,RP1-86C11.7,0.5586147702448631
APMAP,PTPRR,0.5578108708217505
TNFSF10,EPHB3,0.55757131991142
AHCTF1,LYPD2,0.5572471788793012
MYCBP2,CTD-2620I22.7,0.5571911856399042
NCAM1,PDE1A,0.5570871026795453
STAG3,WFDC3,0.557001594614336
RPL3,FKBP9,0.5564181799333059
TMEM141,S100A3,0.556061791345636
SCAPER,RP11-225B17.2,0.5560143681433442
LPP-AS2,CSN1S1,0.5559027921113651
CAST,KCNK5,0.5558074316954261
SH2D2A,STRIP2,0.5557946873480718
IFI6,FZD8,0.5557529580841979
TNNC1,RP11-787I22.3,0.5556816799427244
NRROS,RIPK4,0.5553064030231353
MT-ATP6,CCDC110,0.5551628502514243
ZNF577,ACKR2,0.5550842196761585
IL32,FAM47E-STBD1-1,0.5549120854552695
TTLL3,CLDN23,0.5547343373972597
LINC00926,PDE7B,0.5546791598222477
NCR3,CTC-523E23.1,0.5545319173720422
PARVB,RHOV,0.5538667898949374
AKNA,GPR153,0.553760278644525
SNAI3,NODAL,0.5537343589716107
ALPK2,DNAJB5,0.5535095769740768
DENND4C,PTPRR,0.5535012786906102
IFITM2,RP11-505P4.7,0.5532565764503014
WDR70,PDE7B,0.5524091988256714
SLC45A4,CTD-2620I22.7,0.5523585043966199
DNAJC1,CENPI,0.5522199688844408
IGLL5,GSG2,0.5520903105269749
TYROBP,RP11-511B23.2,0.5519167429219198
COMT,RP11-196O16.1,0.5518950008964422
RPLP1,SIAH3,0.551623612623055
ZYX,RP11-269M20.3,0.5514821049536517
MPND,CXCL10,0.5512758878776238
RGS6,MMP1,0.551071502973169
PLA2G16,RP4-677H15.4,0.5508236192069587
HLA-DPA1,HM13-AS1,0.550460887974973
SNORD3B-2,RP11-325I22.2,0.550370335384026
CBX4,WWC2-AS2,0.5501272594493575
TNFRSF13C,C15orf65,0.5497646626706914
IER2,AL049829.1,0.5496104483028186
FCER1G,CSN1S1,0.5493881190692074
EP400NL,RP11-362K14.6,0.5493231913378711
FTH1,ARHGEF28,0.5491271063655038
DUSP1,RP11-362K14.7,0.5489229730505125
RP11-572O17.1,CTD-2081C10.7,0.5488284544856661
CHM,CTC-498J12.3,0.5483830316033209
NGFRAP1,CTC-523E23.1,0.548195423669695
SLC17A9,CASC2,0.548135289980373
GSTP1,LONRF2,0.5480884492435031
CHN2,FBXO30,0.5478702847023335
TSC22D1,BMP6,0.547702161453388
RTN2,BMP6,0.5476522178343362
GALNT2,LIF,0.5468027602776839
B2M,CTD-2192J16.26,0.5463425598140822
CAPG,RP11-420L9.5,0.5454385144311483
JUP,RP11-328M4.2,0.5453239214486216
RP9,LAMB3,0.5450201769988939
SNN,CTC-523E23.1,0.5450127940341147
PPAPDC1B,AC009312.1,0.5447962603224553
ABCC3,AC015969.3,0.5447015434243105
IQCE,AC007036.6,0.544243433049392
ACTB,C11orf45,0.5441982676177125
PYCARD,VNN3,0.5439626584476195
VTI1B,RP11-414H17.5,0.5439421957281153
FGFBP2,RP11-511B23.2,0.5439260310569678
ENTPD1,CXCL10,0.5438406925040116
VCL,RP1-122O8.7,0.5435918736498905
APMAP,RHOV,0.543363179050576
ZDHHC8,RP11-348N5.7,0.5432375972761438
BOD1L1,RP11-168O16.1,0.5430803716318028
C9orf89,GABRD,0.542512638680295
RPF2,RP11-362K14.7,0.5421662529110955
HIST1H2BF,MTTP,0.5420986000636497
S100A6,RP4-677H15.4,0.5419390433828091
CXCR3,USP27X-AS1,0.5418761993383376
MT-ND1,CLDN22,0.5417055239231248
RP11-427H3.3,HBA2,0.5414794475722678
ASCL2,ARHGEF28,0.5413609762719935
PSAP,RP11-29H23.4,0.5412500535438645
CMKLR1,DDR2,0.5406248022216862
NUDT9,GSG2,0.5401735604294525
LIMS1,GABRD,0.5399777699632015
HLA-DMA,VNN3,0.5397293164601358
CCL5,WWC2-AS2,0.5391690442459024
NKAP,CTD-2527I21.7,0.5390576125548825
ACTB,RP11-196O16.1,0.5389956227479058
CTSH,FBXO30,0.5389606090895147
AIF1,WWC2-AS2,0.5383822375926162
HLA-A,RP11-546M21.6,0.5382778230651567
M1AP,RHD,0.5380417590736274
MT-ND1,PSD3,0.5379301580995703
RP11-386G11.5,SNRK-AS1,0.5378743637013672
TBXAS1,MMP1,0.5374161605335257
LINC00926,RP11-420L9.5,0.5372809469244484
HLA-DPA1,GRIN2D,0.5372774211276297
SSC5D,MTBP,0.5372640643767037
FTH1,LYPD2,0.5372300783038036
IQSEC1,RP11-414H17.5,0.5372252127180395
DUSP23,CAPN9,0.5371187898120958
FANK1,RP11-420L9.5,0.5367810821957129
JUND,IQSEC3,0.5366391646388476
MT-ND2,GJC2,0.5365281355830553
S100A4,RP11-348N5.7,0.5364817163284209
JUN,LHX1,0.5363720706033472
HLA-DRB5,RP11-524F11.2,0.5363481151932086
EED,CYB5R2,0.5361975255502917
TYROBP,USP27X-AS1,0.5361900341526383
HLA-C,DDR2,0.5358913008901173
CCL4,EPAS1,0.5358671084101441
ADRBK2,AC007036.6,0.5356266504180459
SUZ12,TNS4,0.5355165579234047
TMSB4X,RP11-106M3.3,0.5353411789864189
DNAJC5,AP3B2,0.5353009971019739
PF4,SPTB,0.5352048459487802
HLA-DQA1,RP11-328M4.2,0.5344148937168959
BIRC3,LHX1,0.5343829478177379
CD68,RP11-167N5.5,0.5342697051189881
HLA-DPA1,HCAR1,0.5337058290457671
ANO6,GYPE,0.5330179882488274
AKAP9,CTD-2620I22.7,0.5328255543497801
TYMP,PAPL,0.5327972921969034
YWHAH,MST1R,0.5324106794145812
HEBP2,CTC-498J12.3,0.5324000749598822
MAPK8IP3,RP11-328M4.2,0.5322825383292626
HIST1H2BJ,MAEL,0.5320703547274287
FTL,RP11-816J6.3,0.5320422712359253
PRKAR2B,AC015969.3,0.5319289294148586
BLNK,ACKR2,0.5315380006364032
CAPNS1,VNN3,0.5314884928519445
TSPO,RP11-328C8.4,0.5314742492505988
TMSB4X,HBA2,0.5314405286075229
PREX1,RP11-524F11.2,0.5312588880720525
CTSD,FZD8,0.5309563334741921
PSAP,UNC13A,0.53075384563981
FERMT3,PTPRR,0.5307051338664915
CLDN5,SLC35D3,0.5303867017112479
UBE2F,CCDC110,0.5302563346174753
FAM26F,JAG2,0.530012089081281
CD22,RP11-505P4.7,0.5298241341499194
TYROBP,TMEM105,0.52969252844832
PTTG1,SCML2,0.5296177280008245
ESAM,LRP12,0.5295540057822379
IFITM2,RP3-323N1.2,0.5290784426240546
PYCARD,GPR153,0.5290179611465817
RPL3,CTC-498J12.3,0.5287807043640015
B2M,BBS5,0.5287236727518828
NKAP,WWC2-AS2,0.5284326056368532
IGSF6,AP3B2,0.5280774919967979
CXorf21,RP11-328M4.2,0.527791195064868
UBE2F,CSN1S1,0.5277891575178956
SDPR,MMP1,0.5277867288416211
LMNA,EPN2-AS1,0.5277599119106279
STK32C,TRIM54,0.5273988197971102
ASGR1,C2orf48,0.5273944268813696
B2M,RP11-225B17.2,0.5272773519604755
ITGB3,MMP1,0.5272189801234087
IER2,MTTP,0.5271767088049244
HLA-DRA,RP11-328M4.2,0.5267799778881556
ZNF683,RP11-686D22.4,0.5267321126525516
UBE2F,GJC2,0.5264493990832446
PFN1,ARHGEF28,0.5263732509174538
TMSB4X,RP11-524F11.2,0.5261152442773317
SPON2,CTD-2619J13.3,0.5261148307315762
TMEM141,GJC2,0.5258698205859513
PDE2A,RP11-325I22.2,0.5257973473958227
PRSS23,CTD-2619J13.3,0.5255135132510096
CD79B,RP11-686D22.4,0.5253587966404112
S100A11,PNMT,0.5247607076240932
PLCB2,GJC2,0.5244509237519029
GATA1,GABRD,0.5243583865871445
RGS18,FBXO30,0.5243246902510565
MROH1,CENPI,0.5236966756275928
ANXA2,RP11-167N5.5,0.5236377225799156
RPL34,RP11-196O16.1,0.5236076562171054
PYCARD,FAM47E-STBD1-1,0.5231510083999814
CCDC88B,KCNK5,0.5231099198433453
GAA,PSD3,0.5229569036811683
SLC10A3,RP11-362K14.6,0.5228513211986322
LYZ,AP3B2,0.5227282139098681
ALOX5AP,USP27X-AS1,0.5225033257443122
TPP1,RP11-414H17.5,0.5223674669128282
HLA-C,FKBP9,0.5222446435131787
TMSB10,DCLRE1A,0.5218751577815155
FOS,KCNK5,0.5214306317332181
SIGLEC7,CTD-2619J13.3,0.5211930486568985
GMNN,SNX24,0.5209767103704007
LINC00152,CXCL10,0.5209591002796731
ISG15,MPP4,0.5205895615015927
MT-ND1,AC015971.2,0.5204588774695672
FTL,STRIP2,0.5201881606276925
HLA-DRB1,WFDC3,0.5201851460549409
CHADL,GABRD,0.5201553094759463
CD74,RP11-325I22.2,0.520154375543303
ALOX5AP,RP11-55K13.1,0.5201010004175812
FCER2,C15orf65,0.5200688851772354
RP11-1055B8.7,CYP46A1,0.519916812059856
TNFSF10,ACKR2,0.5195613141796878
GZMB,VSTM2B,0.5191387961583346
CEBPD,RP11-769O8.2,0.5186564147084318
MT-ATP6,PSD3,0.5186496773702259
MAML3,ASB9,0.5186037913070658
S100A12,AC015971.2,0.5184769093079643
HLA-DPB1,PDE7B,0.5183716264993093
AKAP9,PDE7B,0.5182756976657886
RETSAT,RP11-787I22.3,0.5182223090397939
TPCN1,CYB5R2,0.5180109025074944
ABI3,WWC2-AS2,0.517916796782352
ARHGAP24,RP11-328M4.2,0.517702024899809
DENND4B,C2orf48,0.5176093042647592
MT-CO1,LINC00638,0.5175532456498624
IGF2R,GPR153,0.5175118286280217
NBPF10,AC007036.6,0.5175009383457595
FERMT3,ZFHX2,0.5173879993062063
PDCD1,ACKR2,0.5172956433048116
RHOC,GABRD,0.5169172505929632
HLA-C,USP27X-AS1,0.516870089843317
C11orf83,HCAR1,0.5168437169890161
VMO1,AC140481.2,0.516804961935992
RPL34,PAPL,0.5164813200612676
TMSB4X,TRIM54,0.5164208373057686
NR4A1,LONRF2,0.5160144976492106
RELT,GRIN2C,0.5160037234103751
TMSB10,CYP46A1,0.5159817294911451
TIGIT,GSG2,0.5156103812053084
PTPLAD1,GSG2,0.51557232544389
HLA-DQB1,PAPL,0.5155634412979452
RUFY1,GJC2,0.5155166427024718
CAST,MTTP,0.5154792577549728
MS4A7,RP11-167N5.5,0.5153064565975057
ODC1,LAMB3,0.5150945954610262
HLA-A,DIRC3,0.515090910026763
HLA-DQB1,KCNK5,0.5150480404894974
POMC,FBXO30,0.5150445382753754
FTL,CXCL10,0.5150152411841866
PTPRS,CYP46A1,0.5149304341972141
S100A8,RP11-118K6.3,0.5146076309915543
UBE2Z,CTRC,0.5145734322942341
MYCBP2,RP11-29H23.4,0.5142350319222406
NBPF10,AP3B2,0.5139740489922647
HELB,RP11-414H17.5,0.5139470718488826
RPL3,RIPK4,0.5135719419399224
IFITM2,VASN,0.5134807509424825
HOPX,PTPRR,0.5134312022534584
RPL34,RP3-323N1.2,0.5133690352617564
FHL3,SLC35D3,0.5132722299872983
KIF2A,VASN,0.5129122374956773
CYB561A3,PSD3,0.5120707012067037
POLR1A,RP11-423C15.3,0.5118786845876627
MATK,C1orf111,0.511583243763609
SPARC,LRP12,0.5113909971024193
USP28,PDE1A,0.511366339513794
CD151,RHD,0.5113584201898481
TSNARE1,RP11-328M4.2,0.511301240619086
RP11-164H13.1,CTD-3224K15.3,0.5112391579327789
C1orf21,C1orf177,0.5111438036295558
ZMYND11,PNMT,0.5109880070738118
ARID5B,CCR8,0.5108910433616316
BLVRB,MMP1,0.5108877973023705
RPL3,CTC-503J8.4,0.5106783472211249
LILRB2,NODAL,0.5105998740237992
STAG3,ADAM20,0.5105693830174599
HLA-DQA1,TTC39A,0.5104315162628362
FUOM,XX-FW83128A1.2,0.5103574915703865
NRROS,AC007036.6,0.5103323192081168
TNNI2,RP11-348N5.7,0.5102922269935812
GP9,MMP1,0.5101142713806935
OAZ1,FBXO30,0.5100848823685254
CD74,PDE7B,0.5097554619405112
BID,DDR2,0.5097413016479189
CHD6,CTD-2619J13.3,0.5097227480328141
UBE2F,RP11-362K14.6,0.5095118835223083
POMC,AFAP1L1,0.5094795762520874
GALNT12,IQSEC3,0.5094622665512168
MLXIP,EPN2-AS1,0.5093437656416991
XCL2,C2orf48,0.5091610204947263
CD8B,CENPI,0.5091503285454468
MAFB,RP11-348N5.7,0.5089992444826519
MAX,DNAJB5,0.5089970326239684
SCFD2,FAM47E,0.5085249210531341
NT5C3A,RP11-505P4.7,0.5081649694985879
RPL3,SNX24,0.5076141326598412
JOSD2,WWC2-AS2,0.507610252524062
COQ7,FBXO30,0.5075506866821338
CTD-2270L9.4,ARNTL2,0.5074830838553932
JUN,ARHGAP44,0.507451613097222
TMSB10,SLC35D3,0.5071630875126804
RPL34,RP11-106M3.3,0.5071302626085772
ARMC7,C1orf177,0.506905314665718
CD151,CTD-3224K15.3,0.5068867870728339
HTT,VSTM2B,0.5067074798025961
RNASE6,RP11-314A20.5,0.5067043171678611
ZNF185,TTC39A,0.5059845701594019
MYO9A,LONRF2,0.5057456631181584
HLA-DRB5,RP11-420L9.5,0.5055034165341571
SOD2,TMEM105,0.5054906069141788
PTGDS,TTC39A,0.5054043693199196
BLVRB,AC015971.2,0.5051341899406119
LINC00484,AC079354.5,0.5050290151585499
AP001189.4,RP11-546M21.6,0.5049289351927884
PLEK,TNS4,0.5046756588270581
KIAA1109,RP11-325I22.2,0.5045582337207207
PLEKHM2,TTC39A,0.504245623581994
CTSS,WWC2-AS2,0.5041116841961886
MATK,GPR153,0.5038500841589634
RP11-542M13.3,VASN,0.5037052527885952
RPP25L,RP11-713D19.1,0.5022383469121146
TMSB4X,STRIP2,0.5020987342861498
ZFAT,S100A3,0.5017654248972742
NKG7,CLDN23,0.5016993306760724
NKG7,KCNK5,0.5015332718201633
GALK1,MPP4,0.5014763345073026
ITGAL,FAM225A,0.5009904583520037
COL6A2,HBA2,0.5009766031146622
TLK1,RP1-122O8.7,0.5008296383189591
FAM110A,C1orf111,0.5007577456402115
TPST2,RP11-546M21.6,0.5007407188982349
DYNLT1,BBS5,0.5002824592513537
CD8B,IQSEC3,0.5002183718919634
CD300A,STRIP2,0.5001579627303336
SLA,SCML2,0.5001261325663724
PTGDR,JAG2,0.5001066381028827
CD68,GPR153,0.5001031481306596
HLA-C,RP4-677H15.4,0.5000905815559662
RPL3,AC108025.2,0.5000574043681996
CXXC5,JAG2,0.4998165610937999
PFN1,AL049829.1,0.4996418669458314
S100A6,DDR2,0.4995974497430641
RP11-667M19.2,FZD8,0.4994782551486545
MT-CO1,RP4-655J12.4,0.4990306145665242
CLU,RP11-225B17.2,0.4989900641625065
ODC1,RP11-787I22.3,0.4988790709498295
RP11-458N5.1,CXCL10,0.4988190139521718
DPP3,AFAP1L1,0.4984038948333561
RPLP1,PDE7B,0.4983884116287699
SAT1,XX-FW83128A1.2,0.4982614559091462
CTSW,RP11-769O8.2,0.4982205469467328
GLB1L,ASB9,0.4979359749441798
PMAIP1,IL10,0.4978586086049155
FOS,RP11-362K14.7,0.4977476988909665
FTH1,RP11-414H17.5,0.4976111903975478
CAPNS1,RP11-423C15.3,0.4975526966007629
LMO2,TMEM105,0.4974783306536878
TNNI3,PNMT,0.4973649725322125
TMSB10,PDE1A,0.4971870386414895
GNAI2,RP4-677H15.4,0.4969895562664729
HLA-A,TRIM54,0.4969150958972863
HSCB,VSTM2B,0.4967238141086352
GSTP1,RP11-362K14.6,0.4960217773093072
LAT2,VNN3,0.4956002908628698
RGS6,RHD,0.495473495997502
GPX1,DNAJB5,0.4954525904730776
KLF6,SEZ6,0.4952774384513849
CD8A,FBXO30,0.4951728647887854
FAM150B,PTPRR,0.4950425388124726
ARHGAP24,LHX1,0.4949344455721285
KLRG1,PDE7B,0.49471848647907
KLRG1,VSTM2B,0.4943240272090464
TMEM41B,LHX1,0.4942163747274317
PLCB2,C2orf48,0.4941444374564175
B2M,CENPI,0.494091510186894
SPARC,AC015969.3,0.493983743203093
CST7,C1orf177,0.4939682538410081
FYN,RP11-55K13.1,0.493734993129705
CWC25,AC079354.5,0.4936987485138922
KLF6,JAG2,0.493633652088962
GALNT7,AC068282.3,0.4936336276941494
MYCBP2,RP11-414H17.5,0.4934188111635803
PLEC,AC007036.6,0.4931304726679766
MT-ATP6,RP11-314A20.5,0.4930286029396139
IFITM3,GRIN2C,0.4928559481858409
HLA-DQA1,GRIN2D,0.4925183459264694
AHCTF1,FKBP9,0.4924729495301073
KIF2A,RP11-722E23.2,0.491954149674734
TCHP,IL10,0.4918608185265943
IFITM2,CLDN23,0.4917153438231495
C1QB,CXCL10,0.4915903069804852
MALAT1,RP3-323N1.2,0.4914949387522369
RPLP1,VNN3,0.4912312810796966
IER5,DNAJB5,0.4911116953975485
PNOC,SCML2,0.4909823416480374
STON2,DNAH12,0.4909187204505301
ZC3H13,C2orf48,0.4908256292787257
ZNF467,ELMOD1,0.4907914944267347
ODC1,MTBP,0.4906842694303078
SETD5-AS1,VASN,0.4906682865758656
NCR3,TNS4,0.490486019836554
RPLP1,IL10,0.4902332378885362
NAGK,UNC13A,0.4899844831049503
AHCTF1,RP11-328C8.4,0.4897105915588676
RP11-291B21.2,DDR2,0.4896554604942923
S100A11,RP11-713D19.1,0.4895357280477338
JUND,RP11-122G18.5,0.489460929652509
TRIM58,GABRD,0.4894595042596248
PKN2,AC007036.6,0.4891675980426352
CST7,RP11-54O7.1,0.4890327851194164
TSPO,RP11-106M3.3,0.4890025747075492
RP11-325F22.2,ADAM20,0.4888596576871737
PPP1R12C,AGAP9,0.4882041857566102
TYK2,SIAH3,0.4879994029337332
IFITM2,JAG2,0.4878825131534858
GPX1,RP11-269M20.3,0.4878225452061831
FTH1,RP11-167N5.5,0.4875247884376249
HIST1H1C,RP4-677H15.4,0.4870969451198551
TMSB10,CSN1S1,0.487094395204347
CRIP2,EPN2-AS1,0.4870801420352825
MS4A1,GYPE,0.4867635855387501
PLCL2,CENPI,0.4861401915048275
ADAM15,CTRC,0.4859713501127718
NGFRAP1,RP1-122O8.7,0.4849058468718621
CD40,PSD3,0.4846400902189677
NUDT9,FZD8,0.4845997055081167
S100A9,EPHB3,0.4845657290546424
HSCB,NLGN3,0.4843333514764695
GPX1,CYB5R2,0.4841105333636763
TMSB10,STRIP2,0.4837459578787854
LINC00936,WWC2-AS2,0.483693466405449
ACRBP,RHD,0.4835716757306608
DYNLT1,RP11-713D19.1,0.4835514345829166
GSTO1,CAPN9,0.4831749323808316
HLA-DRA,JAG2,0.4831607510159227
HLA-A,AMZ1,0.4827784446724719
CYB561A3,RP11-269M20.3,0.4827410104710368
MAP3K3,RP11-348N5.7,0.4826678543723612
HLA-DPB1,RP11-276E15.4,0.4826179998139181
ARAP1,SOX13,0.4822276149994807
RP11-305L7.1,CTRC,0.4820689427945059
CD79A,PSD3,0.4819446430066773
TYMP,CLDN23,0.4819235608750989
RP5-1028K7.2,RP11-29H23.4,0.4816458979855659
RPL3,DCLRE1A,0.4816210119219424
MESDC2,RP11-122G18.5,0.4813512340338817
ACTN1,MMP1,0.4812077192684197
ADAR,PAPL,0.4809845107401417
CXCR3,ELMOD1,0.4807397698022109
TIMP1,CCR8,0.4806305101923164
MESDC2,CTRC,0.4806217039281263
GNLY,RP11-314A20.5,0.4805585215758691
NPC1,C1orf111,0.4805563357196777
PYCARD,MST1R,0.4801856096816045
RPP25L,SCML2,0.4801206800333955
DENND4B,DNAJB5,0.4799639680597012
RNASE6,JAG2,0.4799422725845755
VPREB3,SCML2,0.4796362029672619
UBE2Z,C2orf48,0.4793377122563783
H1FX,RP11-106M3.3,0.4792714234350408
TSPO,HM13-AS1,0.4792336672140453
WWC2,CTD-3194G12.2,0.4790347405582518
ZGLP1,GPR153,0.4790336108456262
CTSW,SNX24,0.4787085867985041
HLA-DRB1,EPN2-AS1,0.4786771249795449
SPON2,RP11-816J6.3,0.4784970027886256
RP11-317P15.4,CTD-2527I21.7,0.4783172746426782
GP6,GABRD,0.4782426913039506
APLP2,CTC-498J12.3,0.4781529183110238
BRI3,WFDC3,0.4781283568620617
RP11-543C4.1,EPAS1,0.4781003746400754
FSTL3,LINC00638,0.4779652716103175
SFSWAP,SEZ6,0.4779311760330618
PNOC,PLCD4,0.4777604258348295
CD7,LIF,0.4776401394014865
IFI6,PDE1A,0.4774282672677416
ODC1,GYPE,0.477123701823081
C7orf50,AC015969.3,0.4770856659561952
DYNLT1,RP11-269M20.3,0.4764847110787798
C7orf50,DDR2,0.4764750718733125
KHNYN,RP11-269M20.3,0.4764091361700957
CD300A,XX-FW83128A1.2,0.4761265415380658
DAPK2,MTBP,0.4761002634426516
ZGLP1,MMP1,0.4759209761650212
GAK,MTTP,0.4754698320451271
ID3,RP11-816J6.3,0.4750127469933136
IFITM3,HSPA12B,0.4749424400842617
GBA2,ACTG2,0.4747236090606788
GZMK,EPAS1,0.4746605955286448
MS4A1,AC015971.2,0.4746470178583356
S100A6,RP11-276E15.4,0.4745264867880182
EFHD2,DNAJC28,0.4745113153002584
HOPX,RP11-423C15.3,0.4743937813102897
NKG7,RP11-54O7.1,0.4743917618515998
TMSB10,PAPL,0.4741042479041887
FCGR3A,LYPD2,0.4741032769052712
ACTB,USP27X-AS1,0.4740220315667293
CD14,RP11-122G18.5,0.4737814655150368
IRF5,SNRK-AS1,0.473676640086237
NCR3,RP11-168O16.1,0.4734336073413116
SRPK2,PSD3,0.4730553231583743
DTX2,CYP46A1,0.4728800054192901
H1F0,CXCL10,0.472755303450141
AP001816.1,LYPD2,0.4721202770934414
RPL34,EPAS1,0.4719889629711532
ZNF593,IQSEC3,0.4718981909099055
CTSW,RP11-122G18.5,0.471773548883681
SMCO4,RP11-29H23.4,0.4715370281860679
GGA1,CENPI,0.4714900967128181
COTL1,ARNTL2,0.4714154793476133
PRSS23,CXXC4,0.4700920149126256
CST7,TNS4,0.4699908637181442
RSF1,RP11-787I22.3,0.4699302662515295
SAMHD1,RP11-420L9.5,0.4698973173693254
RP11-1055B8.4,LYPD2,0.4697602189371528
DTHD1,TRIM54,0.4696984436285916
KLF6,CYB5R2,0.4694288701094383
UBXN6,CXCL10,0.4694200015023023
HIST1H1C,CAPN9,0.4694196517553834
DUSP2,RP11-505P4.7,0.4692139401294639
CFP,SNX24,0.4691877012910918
FAM65A,RP11-122G18.5,0.4685576567991034
TUBA4A,CASC2,0.4685401081907144
BTBD2,SEZ6,0.4683932211682777
AKAP1,RP11-168O16.1,0.4683409035157284
LRRC3DN,FAM225A,0.468169840716697
STXBP2,DDR2,0.4680830092213879
KLRB1,MPP4,0.4679092120556038
QSOX1,GPR153,0.4678782760523052
HLA-A,PDE7B,0.4678168578988044
RP3-525N10.2,CYP46A1,0.4676527838947781
TUBA4A,RP11-713D19.1,0.4674745328539946
HIST1H2AC,LRP12,0.467321743113288
VIM,SIAH3,0.4668947976962216
MALAT1,PAPL,0.466824578525301
TUBA4A,CCR8,0.466567441954791
PASK,IQSEC3,0.4664983845648224
JUND,FKBP9,0.4662856236122633
TPST2,CSN1S1,0.4662275814301919
HIVEP3,CCDC81,0.4660498720847341
SUZ12,AGAP9,0.4660067075376473
HLA-DPB1,LHX1,0.4659709559696676
OAZ1,C1orf177,0.4657135298873185
MIR142,MPP4,0.4655747773627335
TYMP,ARNTL2,0.4655330260739076
HLA-C,RP11-414H17.5,0.4653161723887222
TPST2,CASC2,0.4651672882203947
ACTB,MTTP,0.4651615095515422
GNAI2,RP11-456K23.1,0.4651522615894428
IRF7,HBA2,0.4650866536862037
HLA-DRA,PSD3,0.4649894685040528
HOPX,RP11-54O7.1,0.4649513113898135
FTL,MST1R,0.4643854796805337
NPC2,DCLRE1A,0.4640898214940247
NKG7,NODAL,0.4635092575624754
LTB,FANCE,0.4629170553097666
PGRMC2,ADAM20,0.4628838877647607
DPP3,IQSEC3,0.462780031463292
CD72,PDE7B,0.4622982263189946
RP11-496I9.1,PLCD4,0.4622187545084218
P2RX1,AC068282.3,0.4622022157798912
MXD4,RP11-348N5.7,0.4620830397186675
KIF13B,CENPI,0.4618938168597125
CD79B,RHOV,0.4617244951072188
APOBEC3G,C19orf44,0.4614605922171662
CCL5,RP11-328C8.4,0.461422295330509
MALAT1,VNN3,0.4611877885557195
PFN1,ACKR2,0.4611284121001172
C19orf59,MMP1,0.4610030384561432
FCER1A,FKBP9,0.4608917646128286
SYMPK,MPP4,0.460635683738979
RNASEK,SIAH3,0.4605191151056119
CWC25,CCDC110,0.4605093348209165
ETV6,CCR8,0.4604002280291457
LYAR,C1orf111,0.4601181810840379
FTL,RP4-677H15.4,0.459807693338791
USP42,AGAP9,0.4593624869250179
IFITM3,AC007036.6,0.4593567096527541
PHF21A,VNN3,0.4590011619428262
CTBP2,CTD-2081C10.7,0.458826178411907
ARHGAP4,VASN,0.4586774127736869
NFKBIA,CXCL10,0.4586580565989233
FTL,AFAP1L1,0.4586544073447973
ILK,MMP1,0.4583319849612152
TNS1,RHD,0.4583119605570199
C1orf216,ZFHX2,0.4582855664416635
LRRC26,TTC39A,0.4581492518902823
SLC31A2,RP11-118K6.3,0.4581450158205049
IER2,CASC2,0.4580318932913688
S100B,RP11-358L4.1,0.4576601352905677
NXF1,C1orf111,0.4574623432522544
PITPNM1,VASN,0.4574111183233814
MALAT1,S100A3,0.457349383028214
WBP2,DNAH12,0.457046645172712
H1FX,LHX1,0.4566980810524386
PNPLA6,RP11-348N5.7,0.4565757987306716
NCR3,RP11-325I22.2,0.4563604735737582
MAX,CENPI,0.4563587115939322
RP11-291B21.2,HCG20,0.4563150553931772
AC147651.3,RP11-15A1.7,0.4562772747633269
BANK1,CYB5R2,0.4560316545714307
AL928768.3,CSN1S1,0.4559082992842713
TP53INP2,CTC-498J12.3,0.4558206069390638
S1PR5,RP11-686D22.4,0.45577763721597
DDX42,ZNF572,0.4555649734378041
ARID5A,PTPRR,0.4553343172386745
RP11-293M10.5,SOX13,0.4544513096652978
CD68,RP1-86C11.7,0.4544060449805673
MESDC2,CTD-2619J13.3,0.4541952063582585
GIGYF1,RP1-122O8.7,0.4536379774491966
MATK,RP11-362K14.7,0.4534813945239277
STAT3,GRIN2C,0.4530546985062995
ZNF593,DNAJB5,0.4530150946294128
VCL,RP11-505P4.7,0.4529016822498285
RP11-442N24__B.1,PAPL,0.4528373627293278
AKAP13,VSTM2B,0.4528352449140783
LPP-AS2,RP11-314C16.1,0.4526381264293384
ARID5B,IQSEC3,0.4523730246422014
PDXK,DIRC3,0.4523391501491242
ACTB,RP4-635E18.7,0.4519619176537227
HIST1H2AC,LHX1,0.4518055777726977
ADRBK2,RP11-348N5.7,0.4516180686066105
ACTB,MPP4,0.4515456644314226
AGTRAP,CTD-2192J16.26,0.4515362750890442
BIRC6,KRBOX1-1,0.4512417219875113
ITGAX,CYB5R2,0.4510969614352825
NCF1,PNMT,0.4508761505555472
ADRBK1,RP11-269M20.3,0.450783030087144
JUN,MPP4,0.4502121832756853
MT-ATP6,MTTP,0.4501156547607212
NUDT16,CCR8,0.450087940286079
ATG10,RP11-314C16.1,0.4500724961743754
GGA1,LONRF2,0.4498567038310855
RPLP1,USP27X-AS1,0.4496877807758365
B2M,PDE1A,0.4496342804668249
RPL3,HM13-AS1,0.4495824807485051
AP1S2,PTPRR,0.4495590404860618
C7orf50,AC140481.2,0.4494160577850641
OAZ1,PDE1A,0.449411482895201
SLA,RP11-55K13.1,0.4492071516102566
FBXW11,C1orf177,0.4490815227190975
ODC1,NODAL,0.4490540786510719
ACTB,FBXO30,0.4489873317171924
NFKBIE,CXCL10,0.4489788376528881
RAB34,WFDC3,0.4488333054568471
APMAP,NLGN3,0.4487039679855257
AP1S2,S100A3,0.4484728373466379
CD68,MMP1,0.4484401408290629
TYROBP,CTD-2619J13.3,0.4479611216744335
SLC25A35,IL10,0.447742675020679
SCAPER,LHX1,0.4476115970760339
DNAJC1,CTD-2192J16.26,0.4474353860861551
PYHIN1,AC140481.2,0.4474035670382558
TNFRSF1B,VNN3,0.4473834246809068
CTSA,PAPL,0.4473809811650175
VTI1B,CCDC110,0.4473519252534563
TMEM205,EPN2-AS1,0.4472492656591945
RP11-156E8.1,FBXO30,0.4469327775332801
CD8B,CCDC110,0.4468443860151366
LGALS1,TTC39A,0.4466165375231087
HLA-A,CTRC,0.4462642297900051
S100A11,RP11-686D22.4,0.4462526921313762
ARID5A,RP11-167N5.5,0.4458553307763986
YWHAH,CTD-3194G12.2,0.4458467626028934
JUN,SEZ6,0.4457268868859471
ZNF329,RP4-677H15.4,0.4455805765385539
RUFY1,HSPA12B,0.4455734189666577
CD79B,LHX1,0.4455695260316472
NCR3,CCDC110,0.4454308185612748
TMSB10,ZFHX2,0.4453117532187097
MIR181A2HG,CSN1S1,0.4450577813944927
TLN1,USP27X-AS1,0.4447821273623661
CDKN1A,HCAR1,0.4446792310742664
CLEC1B,SLC35D3,0.4445282871429593
TSEN54,ZNF572,0.444507341277484
HLA-DMA,MTTP,0.4444826207709573
CAPG,COL1A1,0.4441651348847272
MAGIX,RP11-81H3.2,0.4438258598577284
S100A4,VASN,0.443795393901939
PLEKHO1,LRP12,0.4435642715803218
RP11-222K16.2,MPP4,0.4432234238148907
AC016757.3,CCDC110,0.4431920955226958
CMTM5,RP11-414H17.5,0.4431518996636246
TMCO3,ARNTL2,0.4430437227716376
RP11-134P9.3,VNN3,0.4428869893817558
CD93,RGS9BP,0.4427999036838269
R3HDM2,FAM47E,0.442744909317267
S100A4,LONRF2,0.4426795872734101
FTH1,FAM47E-STBD1-1,0.4425981315343998
PHRF1,RP11-328C8.4,0.4425646434635526
GAS2L1,LRP12,0.4425287951031635
TLE3,SIAH3,0.4425146157683833
HLA-DQA2,ZNF572,0.4424112688802252
CTSA,AC015969.3,0.4423822075442633
NFE2,SLC35D3,0.4422489817615853
MPP1,RIPK4,0.4421690564050586
GSTP1,RP11-106M3.3,0.4417727557641945
SPON2,RP11-328C8.4,0.4413873163942784
ACTB,RP11-348N5.7,0.4404195560622113
CD7,RP11-314A20.5,0.4398855014193676
SDK2,RP11-106M3.3,0.4398256582096952
HLA-DRB5,GSG2,0.4397648807684833
ISG15,RP11-713D19.1,0.4397133614254712
HLA-DQA1,AP3B2,0.4395111281588132
SLC16A3,HSPA12B,0.4394525098693979
OASL,CTD-2192J16.26,0.4390291419963739
DNAJC1,RIPK4,0.4389791741159261
CTB-41I6.2,LHX1,0.4387018906381739
ZEB2-AS1,DNAH12,0.4386791901306952
TNFRSF11A,RP11-328C8.4,0.4384656296061234
POU2F2,TMEM105,0.4383668914978934
MALAT1,DDR2,0.4381698243370089
LST1,AC009312.1,0.4381035094496539
KIAA0040,RP11-524F11.2,0.437875511540112
TIGIT,RP11-328C8.4,0.4376698928724017
KIF22,CENPI,0.4373980908356663
COTL1,RP11-55K13.1,0.4373708637903644
RHOC,NODAL,0.4372394968659547
DHX34,AC140481.2,0.4372267044863172
IFNG,RP11-314A20.5,0.4371976788312866
ITGAL,NLGN3,0.4370803829232496
FAM127C,RHD,0.4367161804125545
RPLP1,GYPE,0.4359317463264781
GPR56,CTD-2192J16.26,0.4359054424681629
ARHGAP4,SIAH3,0.4358106433560684
RP11-442N24__B.1,TRIM54,0.4357921684813368
MALAT1,RP11-55K13.1,0.4356485233430516
CRIP2,DDR2,0.4356119938027399
CCDC50,RP11-348N5.7,0.4355248813506244
CYP1B1,TRIM54,0.4351399316068746
PGRMC1,RP1-86C11.7,0.434996679912434
KIF2A,SLC35D3,0.4349136752195124
SMPD3,TTC39A,0.4348027586187684
WASF2,RP11-328M4.2,0.4347642764484951
MAFG,AGAP9,0.4345325646914284
NLRP7,CYP46A1,0.434308407185588
PRSS23,CENPI,0.4342000860387751
RPLP1,FAM47E-STBD1-1,0.434124622065361
FYN,RP11-225B17.2,0.4341223755783573
DUSP5,ARNTL2,0.4339181410302331
TBC1D20,RP11-665G4.1,0.4336924992229607
KLF6,RGS9BP,0.4333098162520137
SELP,SLC35D3,0.432981996267546
CTSD,GJC2,0.4329115543222711
S100A8,RP11-122G18.5,0.4324155870317915
PRCD,RP11-511B23.2,0.43226219751772
TIMP1,DNAJB5,0.4321944824438105
MALAT1,RP11-713D19.1,0.4321722871871825
PREX1,VNN3,0.4321172754582891
ZG16B,EPN2-AS1,0.432045257862503
IER2,CENPI,0.4318582430290979
ERBB2,ARHGEF28,0.4317681980422147
DTX2,CYB5R2,0.4317524865234257
SETD1A,SNX24,0.4316287476883829
POMC,GCSAML,0.4315644157207582
SCAPER,AL049829.1,0.4309940505294873
CDC42EP3,CCDC110,0.4308855174190739
FTH1,GJC2,0.4307557720854169
BOD1L1,S100A3,0.4306286238306796
ADAP1,BBS5,0.4304834241610379
F2RL3,MMP1,0.4302232752987164
PPBP,HBA2,0.4301938526987012
CWC25,MST1R,0.4300646119771921
PPP2R2B,MPP4,0.4300587329581863
QPCT,RP11-122G18.5,0.429988687506341
ZYX,RP11-414H17.5,0.4298076122109903
FGR,CTD-2192J16.26,0.4297948658975001
IL32,RP11-328M4.2,0.4297574951603494
NKG7,CTD-2619J13.3,0.4296655691014653
HVCN1,RP11-314C16.1,0.429608052984296
NGFRAP1,NODAL,0.4295975779484351
BLVRB,FBXO30,0.4295729250127384
MBD3,FBXO30,0.4295519636663588
IFITM2,PTPRR,0.429451834780028
FSTL3,PTPRR,0.4294452764277311
TBX19,GPR153,0.4293989757122137
TNFRSF1B,RGS9BP,0.4290942100742713
RP5-1028K7.2,FZD8,0.4289988774607357
TSPO,ASB9,0.4289871375054098
BID,RP11-325I22.2,0.4289362298289313
MARCH2,DNAH12,0.4287736117240164
LMNA,NLGN3,0.428569896290373
HIST1H1B,CTD-3224K15.3,0.4285108731843752
GLIPR2,RP11-314C16.1,0.4284952625421933
UBXN6,ASB9,0.4281268212793861
GATA1,BMP6,0.4277023519991076
FGR,RP11-511B23.2,0.4276020415746267
CD79B,AC015971.2,0.4275274105132423
EFHD2,C2orf48,0.427512219849588
GOLGA3,RP11-269M20.3,0.427468601011058
NELFB,CTD-2192J16.26,0.4274395434415264
TYROBP,EPHB3,0.4273209344965618
VAV3,SLC35D3,0.4269538540835274
COMT,GPR153,0.4269515513386561
PNPLA6,ADAM20,0.4268705716242834
TESC,CCR8,0.4268082093821149
ARMC7,MAEL,0.4267045568887247
GSTP1,DDR2,0.426571159313392
CD300A,RP11-423C15.3,0.4263334729708365
HLA-DRB1,LAMB3,0.4263277654955707
DUSP1,CENPI,0.4258826147169133
CEBPD,AC068282.3,0.4258459688687295
RHOBTB3,SCML2,0.425796065121613
PLEKHF1,SOX13,0.4257713823342685
ZNF467,CCDC110,0.4250525808094467
NCF1,RP11-348N5.7,0.4250134345422761
BLK,RP11-505P4.7,0.4249963603402228
PRSS57,LYPD2,0.4247169414508782
GZMK,SNX24,0.4241730514098639
SCFD2,RP11-325I22.2,0.4241214831150804
BID,SNRK-AS1,0.4239846989460996
RP11-134P9.3,AC015971.2,0.4237791305059809
CD7,KRBOX1-1,0.4233689224465179
RCE1,SNRK-AS1,0.4229982995863147
TUBA4A,RP11-314A20.5,0.4229721348038193
FOS,IQSEC3,0.4228197480909613
TMSB4X,C11orf45,0.4226997647671584
LINC00152,IL17A,0.4226901579521108
BIRC3,RP11-122G18.5,0.4224585909817619
FCN1,CAPN9,0.4223533114737448
CXCL5,RP11-15A1.7,0.4221424041882152
FTL,LINC00638,0.4221154400336102
NKG7,UNC13A,0.4220115822746438
MT-ND2,RP11-362K14.7,0.4219258258097135
DNAJC1,USP27X-AS1,0.4218181272722167
MSRB1,BMP6,0.4217158304925604
INTS1,RP11-118K6.3,0.4214249957012145
TMSB10,RP11-713D19.1,0.4213074244344982
RPL34,RP11-325I22.2,0.4211199272853361
GSTO1,AP3B2,0.4205418864488296
MSRB1,RP3-323N1.2,0.4203650949375788
ARID5B,NLGN3,0.4202134215360493
HLA-DRA,RP11-29H23.4,0.4199771764539879
MT2A,PTPRR,0.4199638582013837
TMSB10,C2orf48,0.4198802841965582
TSPO,KRBOX1-1,0.4197480337713249
PFN1,LINC00638,0.4196794384085876
IRF8,DNAJB5,0.4194404894996109
IQSEC1,CYB5R2,0.418828240048004
GP9,RP11-142C4.6,0.4187085648048896
ALOX5AP,CYB5R2,0.4184707084079345
TYK2,RP4-655J12.4,0.4183582928008839
S100A11,STRIP2,0.4182847619756295
VASH1,TMEM105,0.4182769046361209
B2M,FANCE,0.4181754263658603
GLIPR1,RP11-524F11.2,0.4180528564674375
NFAM1,TMEM105,0.4180418666306743
BRI3,NODAL,0.4180359823917916
EAF2,RIPK4,0.4180197644120548
CRIP2,CENPI,0.4180191075537552
GALNT2,RHOV,0.4180073562154737
PTPLAD1,RP11-275I4.1,0.4178617438474915
RPL3,RP11-122G18.5,0.4176130566242074
CDKN2D,RP11-362K14.7,0.4175692013247613
PLAC8,NLGN3,0.4172773452349619
LGALS1,AC068282.3,0.4172300907621762
KHNYN,RP4-635E18.7,0.4171568452200956
ASCL2,TRIM54,0.4169710216910715
RPL34,CTD-2527I21.7,0.4167710450615741
FOS,RP11-122G18.5,0.4167373472930461
XYLT2,CTC-503J8.4,0.41648712930685
NGFRAP1,USP27X-AS1,0.4164623985282909
GNPTAB,RP11-423C15.3,0.416428588046314
LRIF1,CTD-2619J13.3,0.416359489515637
RSF1,RP1-122O8.7,0.4161739956369771
GRHL1,SLC35D3,0.4158217128006347
SELPLG,CCR8,0.4158143260430193
MFSD1,AC007036.6,0.4156615802701834
SPON2,FZD8,0.4154787011114335
RGS2,CENPI,0.4154425090781371
LCN8,CTD-2620I22.7,0.4152842625164508
B2M,LYPD2,0.4151941615450368
KIAA0226L,RP11-55K13.1,0.4151775898303125
PTPLAD1,FZD8,0.4150741929870051
TLN1,RP11-524F11.2,0.4150337520307361
IGLL5,RP11-420L9.5,0.4149088548232937
JUN,TNS4,0.4148694258720735
SLAMF7,TNS4,0.4146187604959886
TSPO,RP4-655J12.4,0.4143616691386577
PARVB,PNMT,0.4142472396894826
MT-CO1,AL049829.1,0.4141611091449131
HLA-A,SCML2,0.4141055220511559
MAX,AGAP9,0.413917365893848
RHOC,CLDN22,0.4138765723486858
SLA,PNMT,0.4137158136305578
IQGAP2,FAM47E-STBD1-1,0.4136422447506554
HHEX,ZNF572,0.4136056405414137
CTSH,ARNTL2,0.4135305913897801
VIM,RP11-168O16.1,0.4134976820632535
HLA-C,LINC00951,0.4133802033274359
TSPO,LINC00951,0.4133020884567643
KIF2A,IQSEC3,0.4132496499707119
SMARCD2,CTC-503J8.4,0.4131757290248105
ZYX,LAMB3,0.4128547279948409
CHD6,RP11-225B17.2,0.4126184394910802
CD8B,RP11-362K14.7,0.412512166650855
GOLIM4,SCML2,0.4124078399646922
TMSB4X,TMEM105,0.4123208324497754
HLA-C,SOX13,0.4122529102071047
JUN,CYB5R2,0.4121168934314085
BLVRB,PDE1A,0.4120991102224627
TLN1,AC016738.4,0.4120677646854887
MESDC2,KCNK5,0.4119885507731211
CD79B,RP11-122G18.5,0.4119443536289916
OAZ1,RP11-713D19.1,0.4118893524611405
NFKBIA,AFAP1L1,0.4118583745049239
JUN,NLGN3,0.4118507899960723
PLA2G16,RP11-328C8.4,0.4118018486887003
IRF8,GYPE,0.4117849664754477
LYAR,MTBP,0.4113255341334477
BIRC3,RP11-55K13.1,0.4112788886239656
BOD1L1,ELMOD1,0.4112121552557972
SETD5-AS1,GSG2,0.4110228705837837
TUBB4B,LIF,0.4109219008564282
KDM5A,CTC-498J12.3,0.4107047110365637
HLA-DRA,CLDN22,0.4106327023741864
S100A9,FKBP9,0.4096010408043516
S100A4,RP3-323N1.2,0.409592346957985
TLN1,AL049829.1,0.4093774840966411
RPL34,RP11-328M4.2,0.409322236158718
RP11-367G6.3,CCR8,0.409000793079628
HLA-A,FKBP9,0.4089670430172283
CEBPD,MPP4,0.4089202468235925
OXER1,FANCE,0.4088984954242993
SYNE2,SNRK-AS1,0.4088244265041991
LTB,TNS4,0.4086604978159741
AKAP9,NLGN3,0.4082733824739551
CTSA,RHD,0.4081855300952828
UBR4,RP11-55K13.1,0.4081331192235081
LIN54,PDE7B,0.4080666400264025
HDGF,RIPK4,0.4079262526647202
TSC22D1,DNAH12,0.4075395486256886
HLA-DMA,RP11-122G18.5,0.4074969248852398
ANXA2,TNS4,0.4073606321305458
S1PR5,CSN1S1,0.4073468252505427
SLC15A3,RP11-15A1.7,0.4070755709439126
SYNE2,NODAL,0.407003982843887
IRS2,FOXE1,0.406776709859249
ATF6,CXCL10,0.4067379114472333
CXCR3,RP11-122G18.5,0.4066761630103687
IQSEC1,CCR8,0.4065425271065265
PF4,RHD,0.4063397248881411
FCGRT,RP11-328M4.2,0.406197883040934
CD79B,AMZ1,0.4061282650262086
NUDT9,RP1-122O8.7,0.406113307460218
GZMH,SNX24,0.405736389838581
SLC31A2,RP11-275I4.1,0.4056728988842654
DUSP1,AC068282.3,0.4055862859187173
RNF130,EPN2-AS1,0.4054860827901915
ZC3H13,TRIM54,0.4053382256288317
AGAP3,FZD8,0.4051922548147654
RP11-326F20.5,PTPRR,0.4051658872813091
NFKBIA,RP1-122O8.7,0.4051316038389148
NFKBIA,PDE1A,0.4050544088315828
PPBP,VNN3,0.4050467292824146
SH2D2A,AFAP1L1,0.4049857017394939
ODC1,LRP12,0.4048609588604581
TSEN54,TRIM54,0.4047819017618273
CTSS,FAM225A,0.4046541695803277
IRF4,VSTM2B,0.4046361337013236
ADAR,PTPRR,0.4045264490550923
XCL2,RP11-269M20.3,0.4043276771941794
TMEM159,RP4-635E18.7,0.4040227416150566
C12orf75,NLGN3,0.4036555078904374
HLA-DQA2,RP11-55K13.1,0.4034889873630827
HIST1H2AC,VASN,0.4034566526891362
HLA-DQA2,RP11-328M4.2,0.4031431159018772
GSTP1,SEZ6,0.4024124924172162
ARHGAP18,RP1-122O8.7,0.4022759519955408
ENTPD1-AS1,DDR2,0.4020080612548508
RSF1,RP11-362K14.6,0.4017893483768069
MYO1F,GSG2,0.4017460898824558
IFITM2,IL17A,0.4017057880042432
CLDN5,RP11-142C4.6,0.4014449735180437
GPX1,RP1-86C11.7,0.4013908561043616
BATF,VASN,0.4013845463140289
CD68,FAM47E-STBD1-1,0.401025623488093
TIMP1,AL049829.1,0.4004856089022687
CD97,RP11-505P4.7,0.4003853190085009
KIAA1324L,FANCE,0.4003647248802068
IL32,AFAP1L1,0.4002051634702586
C12orf75,VNN3,0.4001016909375896
ALOX5AP,KRBOX1-1,0.3999677275053496
PLAC8,CTRC,0.3999631883641928
CD79B,SPTB,0.3999320258083451
CTDNEP1,FAM47E-STBD1-1,0.3998807762228699
RPL34,ZNF572,0.3998332705735308
ZNF683,EPAS1,0.3997575783003286
KCNG1,CASC2,0.3997484274125619
PDZD8,RP11-55K13.1,0.3996271938269995
B2M,RP11-524F11.2,0.3995968245428021
COL19A1,CTD-2620I22.7,0.3989337711565964
LST1,PDE7B,0.3988844806995937
MMP17,CASC2,0.3987783651128769
TSPO,CSN1S1,0.3987653077474206
NUSAP1,AC016738.4,0.3987652059647624
HDGF,SOX13,0.3987234199740517
LAMP5,RHD,0.3983739697516319
RSU1,RP11-816J6.3,0.3983021220902475
WDHD1,RP11-55K13.1,0.3981421958619955
MYO1F,MTBP,0.3975464636774115
GUCY1A3,C15orf65,0.3974809768253367
GNAI2,PTPRR,0.3974787643576787
GCHFR,AFAP1L1,0.3967868225451634
GSTA1,RP11-269M20.3,0.3967027797082734
PFN1,RP11-362K14.6,0.3966078704445658
C7orf50,FKBP9,0.3966017051093872
APOBEC3G,PLCD4,0.3965037445840233
COL19A1,RHOV,0.3964652602231391
CD63,GABRD,0.3961169879852877
CD14,AC068282.3,0.3957670465690635
HVCN1,COL1A1,0.3957435222096801
APOBEC3G,AMZ1,0.3957169712328475
NT5M,SLC35D3,0.3957043295409704
SPI1,AC068282.3,0.3956486768570761
CLIC3,HCAR1,0.3956256314883529
RPL34,RP11-122G18.5,0.3955069332134196
GFOD1,GYPE,0.395202138798016
TRPC4AP,HCG20,0.3949960185223465
GNAI2,EPAS1,0.394245534336763
ANXA2,C19orf44,0.3942152770889516
TPM4,RP11-276E15.4,0.3941842259503568
TIMP1,AC068282.3,0.3941833403309915
HLA-A,ASB9,0.3941027175012439
CLCN6,MTTP,0.3940653542508016
NACC2,FBXO30,0.3939070938978771
KIF22,RP11-225B17.2,0.3937216162328046
SAT1,ADAM20,0.3936593959621435
FTH1,ASB9,0.3932493030841102
NOL3,CTD-3194G12.2,0.3932491781955879
GZMA,FZD8,0.3930635108983351
LGALS2,AC079354.5,0.3930122860231994
HLA-DPB1,CTD-3224K15.3,0.3929228830962996
PTPRS,HCAR1,0.3923138051759065
ABI3,TMEM105,0.3922586813314845
PFN1,AC015971.2,0.3921541570129664
GZMK,CTD-2192J16.26,0.3917918976170808
SCT,HCAR1,0.3916081197837902
IFITM3,WWC2-AS2,0.3914682120902152
AKAP13,STRIP2,0.3914625377281836
JUN,AFAP1L1,0.3906777770387269
FCGR3A,C1orf177,0.3906204513953627
RGS2,AC016738.4,0.3903814282022281
ZNF467,RP11-81H3.2,0.390370488089271
PPM1A,FBXO30,0.3902343435546907
IRAK1,RP11-328M4.2,0.390129369523376
ATP13A3,RP11-414H17.5,0.3901081580709611
RPLP1,DCLRE1A,0.3899807126973723
CCL4,CTD-3224K15.3,0.3899163174660485
B2M,MAEL,0.3898122252298227
SERP2,RP11-275I4.1,0.3896865219719478
C19orf83,PTPRR,0.3896186967244162
FAM212B,LRP12,0.389571935470884
NNT,XX-FW83128A1.2,0.3894208367970329
TUBA4A,AC068282.3,0.3894108386676086
VPREB3,ZNF572,0.3890943735899975
TTC38,PDE1A,0.3886317805950482
MCUR1,VSTM2B,0.3886200254118667
PRF1,PTPRR,0.388424714874416
CCDC50,SIAH3,0.38834215097608
MPP1,SLC35D3,0.387899042651966
ILK,RP1-122O8.7,0.3877294292439628
KRIT1,KRBOX1-1,0.3874854434168682
DDX42,C15orf65,0.3873979571815719
GNG11,AC015969.3,0.3872113072882236
SOX4,HCAR1,0.387165225990343
EED,NLGN3,0.3871561928626585
TATDN1,CCR8,0.3870394412060775
TTBK2,RHOV,0.3869118602231789
RPL3,ZFHX2,0.386863563339924
DGCR2,CYB5R2,0.386365701684644
UBE2F,CTD-3194G12.2,0.3861883231521482
NPC2,C17orf96,0.3859885974628679
ITM2C,CTD-2192J16.26,0.3859823758872957
GMNN,CTD-2081C10.7,0.3859674520168015
SAMD3,JAG2,0.3859405065748416
MT-CO1,GCSAML,0.3857730497327999
LYZ,SNX24,0.3856840036685048
CHD8,GRIN2D,0.3856560521823387
HOTAIRM1,ESPL1,0.3856110937696207
HIST1H2BK,CTD-2081C10.7,0.3854586165412146
H1FX,RP11-328M4.2,0.3852249118069493
SCAPER,DNAH12,0.3851771907062076
HLA-DOB,PDE1A,0.3851430819010564
PACSIN2,DNAH12,0.385042855676041
CA2,BMP6,0.3849958368284172
HOPX,RP11-328C8.4,0.3848695301096173
C12orf75,ZNF572,0.3848633621746653
IFI30,LAMB3,0.3848098326486386
CTSW,FANCE,0.3846950877156865
ANKRD11,XX-FW83128A1.2,0.3846394744597901
CCDC88B,AGAP9,0.3844627704495617
GP9,LRP12,0.3843640893735618
RPL34,GPR153,0.3841320413276934
ACTB,EPHB3,0.3840808130024559
LST1,AC079354.5,0.3838724613576494
TUBA4A,SNRK-AS1,0.3838303413228393
KANK3,FZD8,0.3838239995216758
DPP3,RP1-122O8.7,0.3835441529826446
ROCK2,UNC13A,0.3835054422237287
CD74,TRIM54,0.3833842436921392
ARID2,C11orf45,0.3833209551821664
RAMP1,WWC2-AS2,0.383220027540951
MESDC2,CTD-2527I21.7,0.3831681728037057
ENKUR,MAEL,0.3831079786630229
LAT2,PTPRR,0.3830615010801144
MIR142,RP11-328M4.2,0.3828699446473013
CCL5,RHOV,0.3828364792872172
PGRMC2,CAPN9,0.3822025838425328
S100A8,RP11-348N5.7,0.3820755871442654
HLA-C,RHOV,0.3819357221565426
IGLL5,HM13-AS1,0.3816379566889796
AKR1C3,ACKR2,0.3815696503678139
KBTBD6,MTBP,0.3815114100926888
PTGER2,RP11-55K13.1,0.3812503704160453
HLA-DRB1,RP11-348N5.7,0.3810096697566012
SPON2,HBA2,0.3809219622212816
SRPK2,ZFHX2,0.3807287106559749
TNFRSF1B,LONRF2,0.3806963919908745
SRFBP1,RP11-276E15.4,0.3805949767659217
STRN,RP11-362K14.6,0.3804711739767396
FTL,RP4-635E18.7,0.3803796008550064
SAMD3,NODAL,0.380299743819761
RPLP1,RP11-15A1.7,0.380262374820359
GLIPR2,IL10,0.3802212543679317
LYAR,GJC2,0.3800804113296807
NRROS,LAMB3,0.3798969468735264
PRSS23,MST1R,0.3797658599384164
ODF3B,UNC13A,0.3795162408711824
PLEK,PTPRR,0.3794685917111851
OAZ1,RP11-787I22.3,0.3794400338220669
LINC00936,VSTM2B,0.3793553748773224
HMOX1,LYPD2,0.3792068110529509
MALAT1,CTD-2527I21.7,0.3791629543754027
ODC1,CGN,0.3790552220452673
GLIPR1,RP11-362K14.6,0.3788204056615176
F2R,SIAH3,0.3787912070954454
LST1,AC015971.2,0.3786524785403443
PFN1,GSG2,0.3785048056598261
ARID2,DIRC3,0.3784600631411033
METRNL,CAPN9,0.3782576261779527
CTC-503J8.6,CTD-2192J16.26,0.3782308506204969
TMEM41B,RP11-362K14.7,0.378214103862766
TIMP1,ASB9,0.3777558186232038
TNFSF10,RBL1-1,0.3775927582537915
HLA-DQA1,RP11-276E15.4,0.3775870479580546
CCDC135,RP1-86C11.7,0.3768785568224232
XCL2,PDE1A,0.3767502777672989
FTL,SNX24,0.3767108538748916
CTSA,RP11-29H23.4,0.376680631440396
MESDC2,ACTG2,0.3766627435244447
BCL2L11,AF131215.5,0.3764519929834142
SFSWAP,FKBP9,0.3762207943012789
TMEM176B,LAMB3,0.3760917035834203
TNNI2,TTC39A,0.3760246371530115
IL21R,RP11-29H23.4,0.3760228034956827
YBX3,SPTB,0.3757733095288953
SCRIB,RP11-29H23.4,0.3756349073499943
C1orf112,RP11-275I4.1,0.375541510327531
CBFA2T3,PDE1A,0.375509478263346
PAFAH1B2,RP11-54O7.1,0.3753417396504362
PFN1,VSTM2B,0.3753054232869197
PATL2,ARHGEF28,0.3752526093998189
TACC1,RET,0.3747590443345411
FAM127C,WFDC3,0.3744464459059276
LYL1,LRP12,0.3739593931132792
GZMK,MTBP,0.3739193330371753
DUSP1,CTD-3224K15.3,0.3738580296703896
CTSD,AL049829.1,0.3737462490123015
PCP2,RHD,0.3734469128738659
S100A11,MAEL,0.3732888892607812
C4orf48,HCAR1,0.3732618332285433
B2M,CXXC4,0.3730801431562425
DLG3,ARHGEF28,0.3730571772083936
IER5,SNRK-AS1,0.3729148158286153
PTAFR,SNX24,0.3727152982605087
NFKBIA,RP11-314C16.1,0.372598456866655
SOD2,DNAJB5,0.3724966834303554
KLF6,STRIP2,0.3724499621289654
IL4R,PDE1A,0.3724125065434268
MYO9B,AC007036.6,0.3722261283043641
QTRTD1,AC068282.3,0.3722242659946129
JUN,CTD-2619J13.3,0.3721579084538942
FUOM,WWC2-AS2,0.372112675721639
C19orf38,FAM225A,0.3719264831702511
GRAMD4,ACKR2,0.3717567639348991
GNAI2,FAM47E-STBD1-1,0.3716928690368168
YBX3,RHD,0.3715892921017167
PRR24,SOX13,0.3714097145549787
MT-CO1,RP11-505P4.7,0.37109104793473
NFKBIA,CTD-3194G12.2,0.3709713426280934
SCO2,CENPI,0.3709531824295158
TP53BP2,BMP6,0.3708565136082882
MYL6,CYP46A1,0.3707644083235478
RUNX3,RP11-362K14.6,0.3707181641609448
SLC16A3,EPAS1,0.3705157032999318
PRRG4,ELMOD1,0.3704949893546294
ANKRD13D,AC068282.3,0.3704358100402728
GAS2L1,RP1-86C11.7,0.3703812552443218
HIST1H1B,CTC-503J8.4,0.3703384297609675
SDPR,RHD,0.3702210367776335
RP11-1055B8.7,KCNK5,0.3700687663664291
NKG7,TNS4,0.370040525290737
METTL22,PNMT,0.3696520748121505
HLA-DRA,RP11-665G4.1,0.3696504588232961
MT-ATP6,MTBP,0.3695323244575018
KCNG1,COL1A1,0.3691749149157601
GALNT2,CTD-3224K15.3,0.3690628313892325
IER2,AFAP1L1,0.3690305629151495
STXBP2,FZD8,0.3689883712579451
CSF1R,APCDD1,0.3689461460556139
C5orf56,CTC-498J12.3,0.3688405478897235
AVEN,C2orf48,0.3687330526046581
TCF4,RP11-511B23.2,0.3687000343033457
COTL1,GABRD,0.3686290799777501
STON2,SLC35D3,0.3686170886575489
GPR56,PTPRR,0.3685615597879736
C7orf50,RP11-314A20.5,0.368550415248587
DTX2,ADAM20,0.3683391363686842
SETD5-AS1,CTC-503J8.4,0.3681182688802781
LGALS2,RP11-122G18.5,0.3680640495123971
TAF4,ASB9,0.3680261860305137
BLNK,GCSAML,0.367836166934315
MIR142,ZFHX2,0.3675265668221674
MALAT1,VSTM2B,0.3674456493465208
ZNF264,C1orf101,0.3673323605923357
CCNK,AF131215.5,0.3673075306441822
ARID5A,CTD-3224K15.3,0.3672799740856674
TMSB10,TMEM105,0.3672029948728984
PFN1,RP11-55K13.1,0.367184758745686
UBE2V2,KRBOX1-1,0.3671523222848136
RNF130,IQSEC3,0.3670526927542631
PURA,TMEM105,0.3669510811953948
MT-ND1,EPN2-AS1,0.3669344430406463
BATF,LHX1,0.3668597601936225
FLNA,CTD-3224K15.3,0.3667855582377757
SLC15A4,WWC2-AS2,0.3667473561518967
GALNT12,CTC-523E23.1,0.3664823039086868
ARHGEF12,RP11-122G18.5,0.3664752053568765
TNNC1,SNX24,0.3660967672438518
BEND2,CTD-3194G12.2,0.3659855958088936
AIF1,CTC-498J12.3,0.3658743763542428
LGALSL,GABRD,0.3658147182041989
SYMPK,TMEM105,0.3657542140947423
RPLP1,RP11-362K14.7,0.3654417945038443
C4orf48,RP11-168O16.1,0.3652714028981356
PTGDS,VASN,0.3651765957273756
PDLIM1,RP11-55K13.1,0.3649919799883764
PPAPDC1B,DDR2,0.3649899751854802
TCHP,ACKR2,0.3649413346268451
PDE4A,AC016738.4,0.3649289722124603
MALAT1,RP11-505P4.7,0.3648301241396569
RP11-259N19.1,SOX13,0.3647200248785702
CD200,RP11-328M4.2,0.364654096112144
RSPH1,AMZ1,0.3642102990240406
GLIPR2,CTD-3224K15.3,0.3640822801771717
SAMD3,CTRC,0.3640457363403604
FOS,LYPD2,0.3639942423604271
LST1,KCNK5,0.363898145130799
LINC01137,RP11-276E15.4,0.3638570788727027
TCL1A,PLCD4,0.3636928017034573
GRAP2,CTD-3194G12.2,0.3635890128979597
SAMD3,ASB9,0.3635587593190285
COLGALT1,ZNF572,0.3635012567267385
SNORD3B-2,CTC-523E23.1,0.3634308798246259
AGAP3,CTD-3224K15.3,0.363285573272786
NKG7,CTD-3224K15.3,0.3632463537043683
VIPR2,DCLRE1A,0.3630116304424303
TPST2,ARHGEF28,0.3628897946980108
CLIC3,DDR2,0.3627723461659048
PDLIM1,ZNF572,0.362750534433661
IER2,FAM47E-STBD1-1,0.3626036053324474
CBX4,PDE1A,0.3625324310420002
SPON2,RP11-423C15.3,0.3624912761029432
RNF130,SLC35D3,0.36239137111591
RPL34,CCDC110,0.3623782691559953
JUN,PLCD4,0.3623056774492458
MT-ATP6,RP11-362K14.6,0.3622070126278764
RP5-887A10.1,PDE1A,0.3621154624976206
MT-ND1,DNAJB5,0.3619333513292485
TSPO,RP11-358L4.1,0.3615936354315109
TIGIT,RP11-29H23.4,0.3615708272156336
GZF1,DNAJB5,0.361437701848749
RP5-1028K7.2,C2orf48,0.3613482618208131
FGD4,LYPD2,0.3613176819638203
RSU1,SNX24,0.3610512002592322
LINC00936,TRIM54,0.3609081187898047
HIST1H2BK,CASC2,0.3608902626382234
RPGR,ARHGEF28,0.3602701064847832
TNFRSF18,DIRC3,0.3601383938180871
GRHL1,CCDC110,0.360083397983352
MT-CO1,AP3B2,0.3599735691099044
MLTK,SEZ6,0.3598400090588783
HOTAIRM1,CAPN9,0.3597422583119001
FERMT3,TMEM105,0.3596821364512972
RP11-820I16.4,C11orf45,0.3595222112434112
S100B,IQSEC3,0.3595165630838242
FTH1,WWC2-AS2,0.3594490837634209
ALOX5AP,EPAS1,0.3591733329177314
TSPO,RP11-122G18.5,0.3591535598006511
LST1,CLDN23,0.3590575013844325
CTSA,SNX24,0.3588114415448232
KIF13B,FAM225A,0.3587919746208693
GAS2L1,SLC35D3,0.3587904642856111
STAT3,ARHGAP44,0.3587615857478001
CHD8,RP11-348N5.7,0.3587142397410466
SAT1,RP11-55K13.1,0.3586409749621421
NCOA4,LRP12,0.358365661645623
STAT3,ELMOD1,0.3583358474366119
RPL3,FOXE1,0.3582924953217355
OAZ1,AGAP9,0.3582852989788426
CTA-445C9.15,RP11-225B17.2,0.3580069156997678
RUFY1,MMP1,0.3575008487545957
ADAP1,RP11-225B17.2,0.3573751729647565
ARID5A,RP11-362K14.7,0.3573026326716558
HOPX,RP11-816J6.3,0.3571591989951287
KBTBD11,AC068282.3,0.3570069225410318
XPNPEP1,SLC35D3,0.3569206920969403
FTH1,RP11-420L9.5,0.3569090866280273
MYL6,DCLRE1A,0.3569053559507983
C12orf75,C1orf177,0.3565479712753324
TIMP1,AP3B2,0.3563442441733954
B2M,VSTM2B,0.3561984814703728
CD8B,EPAS1,0.3560784010067785
RPL3,CCR8,0.3559811305769602
TBXAS1,JAG2,0.3559730607784324
CCDC138,DIRC3,0.3558186917863662
PILRA,DNAJB5,0.3553056469548896
HDAC6,SOX13,0.3552633899294563
RRBP1,FKBP9,0.3551487423030502
RPL34,KCNK5,0.3550866767663941
S100A4,RP11-816J6.3,0.3549724004979141
AC147651.3,WFDC3,0.3549001641368127
MFSD2B,APCDD1,0.3542515091577139
FAM110A,DNAJB5,0.3542450915766632
PRF1,FBXO30,0.3540318991973689
FTL,LINC00951,0.3539783369006234
CCL5,RP11-55K13.1,0.3538858818005676
CA2,PDE7B,0.3538719613912574
SAMHD1,LAMB3,0.353497080503548
SPI1,GCSAML,0.3534087376800092
CLEC1B,RHD,0.3534026657519185
GPR35,AGAP9,0.3533258704193549
MYL6,AL049829.1,0.353291913302495
RPL34,LONRF2,0.3532732391763995
CTSA,SPTB,0.3532061824418641
NKG7,RP11-55K13.1,0.3531939478426812
SNX29,COL1A1,0.3528572283134096
PLEKHO1,VNN3,0.3528284450742372
CEBPA,DNAJB5,0.3523871788587764
TP53,TMEM105,0.3522761483151096
HLA-DRB5,LHX1,0.352275341174194
BID,FAM47E-STBD1-1,0.3520933262538763
TM4SF19-1,DDR2,0.3519912111920078
RP11-488C13.5,CTD-2081C10.7,0.3519278213006034
RPL3,CTD-2192J16.26,0.3519176202966712
MT-ATP6,MAEL,0.3518374873271686
FSTL1,GABRD,0.3517212372706177
SYNGR1,MPP4,0.3516904163149473
DUSP23,USP27X-AS1,0.3516874592015108
ILK,RP11-524F11.2,0.3516613759670135
CD68,TTC39A,0.3516145232773562
ZC3H12A,CSN1S1,0.3513158618079903
TMSB4X,XX-FW83128A1.2,0.3511219937165797
TMEM141,XX-FW83128A1.2,0.3510697805808007
CD74,RP4-655J12.4,0.3509624635818653
IRF5,MAEL,0.3507325766007942
SETD5-AS1,AF131215.5,0.3507289381231149
GSTP1,RP11-122G18.5,0.3503879794858455
FTL,C11orf45,0.3502629253859445
NUDT9,PDE7B,0.3501318128879793
ID3,UNC13A,0.3500800334805191
ZBTB38,EPAS1,0.3500610850487584
SNN,COL1A1,0.3500494389321854
CAST,LAMB3,0.3500039452970405
ARHGAP4,DIRC3,0.3499960303951357
VAC14,USP27X-AS1,0.3498779333269395
SCAPER,RP11-167N5.5,0.3497454334145257
CLCN7,STRIP2,0.349578649794247
MT-ND1,NLGN3,0.3494824406322683
ASIP,APCDD1,0.3492602089587027
GPX1,RP11-348N5.7,0.3490988505389573
TCHP,SPTB,0.3487724122347947
B2M,AC007036.6,0.3487566103255373
RPL34,RET,0.3487157891035256
FAM214B,C11orf45,0.3485685411894709
IGFBP7,AC079354.5,0.3483603754556519
FAM217B,CGN,0.3483382512530612
B2M,RP11-505P4.7,0.3481144202984557
NPC2,RP11-328C8.4,0.3480193609778051
MLXIP,AP3B2,0.3473724704674216
ASGR2,AC007036.6,0.3473037130087654
LST1,BBS5,0.3472073503124891
ANKRD13D,DNAJC28,0.3470748911055358
PARVB,RP11-55K13.1,0.3470709635928778
RP1-199J3.7,AF131215.5,0.3470650169535008
BOD1L1,RP1-261D10.2,0.3469787602750689
LDOC1L,CTC-498J12.3,0.3469347020186665
KIAA0368,TNS4,0.3468095348158337
PFN1,GYPE,0.3466082318122344
UBR4,ZFHX2,0.346534423786467
XCL1,RP11-787I22.3,0.3463543091755461
RPL3,NLGN3,0.3462665905789467
TCL1A,RHOV,0.3461462916489826
CLU,MMP1,0.3461398427804299
HLA-DQB1,PNMT,0.3460964574159098
PAFAH2,APCDD1,0.3460467948822992
TUBB4B,AP3B2,0.3458961377366643
ZNF707,RP11-325I22.2,0.3456911462984324
NUDT9,ARHGEF28,0.3456201055854171
DGKZ,RP11-358L4.1,0.3454287223396782
OS9,EPN2-AS1,0.3453681704703479
FTH1,LAMB3,0.3452533620588245
VIM,AL049829.1,0.3450131011197753
VTI1B,EPN2-AS1,0.3448615538618635
ABHD2,TRIM54,0.3448474571700626
ODC1,VSTM2B,0.3444588958958763
HLA-C,RP11-456K23.1,0.3444461304238324
CLEC7A,RET,0.344428065248972
SLC11A1,RP11-362K14.6,0.3442010614457789
MT-CO1,USP27X-AS1,0.3440956791219167
IL17RA,FAM225A,0.3440750515154371
RP11-874J12.4,SLC35D3,0.3439618222806617
RPL34,AMZ1,0.3438669968021415
KIAA0319L,CXXC4,0.3438489714751974
HOTAIRM1,LAMB3,0.34378098869748
MALAT1,SNX24,0.343533411335757
LAG3,VSTM2B,0.3433415315073697
TNNI2,HCAR1,0.3432752516872273
HIST1H1C,AC015969.3,0.3432182571509455
MYBL2,TTC39A,0.3432008820451472
RP5-1028K7.2,DIRC3,0.3427733879054537
AP001469.9,ZFHX2,0.3426642778190695
STXBP2,LYPD2,0.3426534255366332
CST7,AC015969.3,0.342541427287493
RP11-427H3.3,AC009312.1,0.3423679646668052
S100A4,RP11-118K6.3,0.3423204240797429
HLA-A,C1orf177,0.3421906508524188
SIN3A,CXCL10,0.3419837032946218
IER2,PDE1A,0.3416717966085674
MT-CO1,CTD-3224K15.3,0.3415128403819857
SERPINE1,MAEL,0.3410328059335842
HLA-DMA,RP11-106M3.3,0.3407811071319486
HOPX,RP3-323N1.2,0.3407224354129247
ADAP2,RP11-325I22.2,0.340722297783089
DUSP1,RP4-655J12.4,0.3405350252318459
COPRS,CTC-503J8.4,0.3403637618474313
ARNT,AP3B2,0.3401718326661001
STAC3,LYPD2,0.3399124543484313
AIF1,DIRC3,0.3398060706300373
FOS,BBS5,0.3397086994038386
PPAPDC1B,HBA2,0.3396556442962319
CDKN2D,RHD,0.3396232113552142
C5AR1,XX-FW83128A1.2,0.3395731862736652
RPL34,SOX13,0.3395135398630851
RP11-427H3.3,RP11-816J6.3,0.3395105369402848
RGS18,LRP12,0.3394808683469367
FGFBP2,CENPI,0.3393042349171177
S100A6,TRIM54,0.3391666160074326
PPP1R14A,PSD3,0.3391406679407518
RPL3,CCDC110,0.3390161157018986
PRF1,CTD-2081C10.7,0.3389829186626233
NAGK,TRIM54,0.3385767303991874
FGR,PTPRR,0.3384891725395347
C12orf75,XX-FW83128A1.2,0.3383916547635066
NNT,CENPI,0.3383693103748489
EXD3,TTC39A,0.3383196965206024
JOSD2,AP3B2,0.3382420269043455
PCSK6,MMP1,0.3382075361283347
EHBP1L1,RP11-118K6.3,0.3381060654373988
TNFRSF18,CTD-3224K15.3,0.3379357398163152
ANXA2,TRIM54,0.3379045784998188
PTMS,TNS4,0.3375592219793124
S100A6,HSPA12B,0.3375055216127871
MPST,VASN,0.3373690437585253
NGFRAP1,VASN,0.3373103347014777
SELPLG,ARHGAP44,0.3372357301253222
C1QA,AC007036.6,0.3371677206827864
CTSW,FAM225A,0.3370033100679208
B2M,LINC00951,0.3369013316282848
MYO1F,RP11-118K6.3,0.3367509984248119
FOSB,EPAS1,0.3367249513078058
GPX1,SNX24,0.3366970964305559
CTSS,SNX24,0.3364881898411723
GZMK,PLCD4,0.3364757706271791
RP11-973H7.4,LIF,0.3364663358460997
C14orf164,MMP1,0.3363881436363045
GMPR,LRP12,0.3363641880085153
MT-ND1,RP11-362K14.7,0.3363502403335924
CCL5,AP3B2,0.3362300053171179
TREML1,LRP12,0.3361696584181908
P2RX5,GYPE,0.3361088988832517
NUDT16,FAM225A,0.336073275548185
MLH3,CCDC81,0.3359722789174591
PRR5L,RHD,0.3359076295372635
KIAA0125,RP1-261D10.2,0.335867046823034
PTPN11,EPHB3,0.3358242260450578
NLRP3,RP11-348N5.7,0.3358101690915404
ACTB,CTD-2527I21.7,0.3356799796591135
PPP1R12C,GSG2,0.3354547646430563
NPLOC4,CLDN22,0.3353322790428533
ULK1,GYPE,0.3352751643595954
SOD2,RP11-276E15.4,0.3352277336348879
GPX1,RP11-314C16.1,0.3351949938394252
RGS2,AC007036.6,0.3350148953147215
LYZ,LONRF2,0.3348438427009811
SAT1,TTC39A,0.3348270268190596
TMSB10,FAM47E-STBD1-1,0.3345786597905213
IRF7,SOX13,0.3344807952667697
IQGAP2,C11orf45,0.3344740972210653
AGTRAP,AC068282.3,0.3344120827672312
BTBD6,RP11-816J6.3,0.3343896883575828
DNAJC1,FKBP9,0.33430942219187
SMARCD3,FKBP9,0.3341932796683656
RUNX3,LAMB3,0.3341631362503134
FTH1,CXCL10,0.3339756862705931
FCGRT,CTD-2081C10.7,0.3339732051866019
GNGT2,FOXE1,0.3337211551830804
CD7,RP11-816J6.3,0.3336474697929916
CYTL1,XX-FW83128A1.2,0.3336323777857229
SNAP23,RP11-348N5.7,0.3335772448507221
TCL1A,RP11-362K14.6,0.3335526042962534
IFITM3,USP27X-AS1,0.3335123745102679
RPL3,DNAJC28,0.3333987555655809
RAB32,SLC35D3,0.333334492767594
GNLY,ADAM20,0.3331895624009881
SYMPK,RP11-55K13.1,0.3329098174648112
MT2A,CXXC4,0.3327676893128989
APOBEC3G,HBA2,0.3327043384968182
POMC,TRIM54,0.3326754850928695
TNFRSF1B,ARNTL2,0.3325290851381041
RGL2,GCSAML,0.3322833247915647
RPL3,RP11-275I4.1,0.3322544389945678
ZNF683,RP11-225B17.2,0.3321838827437575
HLA-C,FAM47E-STBD1-1,0.3318394670293572
JUND,AC068282.3,0.3316861141532988
GPR35,FAM225A,0.3316500611550467
PHACTR1,RP11-362K14.6,0.3316078324113143
UBE2M,RP11-168O16.1,0.3315922858993412
HCK,LAMB3,0.3315508865365452
GZMB,EPN2-AS1,0.3314891265398226
S100A4,TTC39A,0.3312798463850516
LCAT,AC140481.2,0.3311379144267803
CCL5,C1orf177,0.3311050332593293
IER2,ZNF572,0.3310457384093444
NKAP,CXXC4,0.3309815068090215
HLA-C,FANCE,0.3309638667737223
LAYN,SNX24,0.3307079525539543
NCF2,FAM225A,0.3306734513999688
ODF3B,RP11-328M4.2,0.3301543565832942
C1orf35,RP11-276E15.4,0.3299084740634451
ZNF707,RP11-314C16.1,0.3298677655890664
ABLIM3,RHD,0.3298452095524985
NKAP,CASC2,0.3297985030569211
GSTP1,CASC2,0.3297882434646155
FYN,RP11-362K14.7,0.3296755056808007
CEP44,SLC35D3,0.329597470751758
FTL,RP11-362K14.7,0.3295722842269715
SNCA,SLC35D3,0.329349243783249
ZYX,KRBOX1-1,0.3292564827721352
RPL34,VSTM2B,0.3291303762920732
RP11-367G6.3,PTPRR,0.3291269150572304
RAD54L2,CXCL10,0.3286496215886758
AP001055.6,RP11-665G4.1,0.3286040052853464
ITGAL,XX-FW83128A1.2,0.3283493791250887
STK40,LRP12,0.3283309432822386
HLA-A,FAM47E-STBD1-1,0.3282774616441028
CD8A,RIPK4,0.3281488534807793
CAPG,DIRC3,0.3281388471994605
PMAIP1,AC140481.2,0.3276108385521586
DGKZ,CYP46A1,0.327543945403409
IRAK1,HCG20,0.3274474986434837
NAGA,AC007036.6,0.3274013596773413
SPIB,HM13-AS1,0.3273660489007875
HIST1H1C,RP11-55K13.1,0.3271235325438776
MOGS,RP11-362K14.6,0.3270951690440606
LILRB1,ADAM20,0.3269139312750516
RPL34,FBXO30,0.3267332253928208
ZC3H13,FAM47E-STBD1-1,0.3265692532432534
PPM1A,CCDC81,0.3265378974822969
FGR,TRIM54,0.3264665433168632
FAM129A,HBA2,0.3262694587771202
HVCN1,RP11-665G4.1,0.3261115003707694
PVRL2,RP11-816J6.3,0.3259209181315101
MATK,RP11-55K13.1,0.3259162053071286
FYN,RP11-787I22.3,0.3259009523827587
BLNK,CYP46A1,0.3257944596693395
MAX,RHD,0.3256346503107235
NXF1,RP11-524F11.2,0.3255449277701063
ISG15,RP11-122G18.5,0.325486508520441
MMP23B,ARHGEF28,0.325482480023419
CD22,APCDD1,0.3253310724994594
TTBK2,CTC-498J12.3,0.3251573465915859
SENP3,DCLRE1A,0.325086038788224
FCN1,IL10,0.3250722700670578
CLDN5,RHD,0.3250625158167174
KLF6,MST1R,0.3249762476962128
PHF21A,AL049829.1,0.3248919721812356
ZNF358,JAG2,0.3248643146150282
SETD5-AS1,RP11-55K13.1,0.3248431853750156
MT-ND2,FAM225A,0.3247516863821132
MDC1,RP11-225B17.2,0.3246852153680302
TNFRSF1B,RP11-55K13.1,0.3246494685171155
BLVRB,RHOV,0.3246168255430334
CTSA,CTC-503J8.4,0.324482469543805
MTPN,RP11-55K13.1,0.3244141208129475
FCER1G,AC079354.5,0.3243368455010313
LAG3,RP11-816J6.3,0.324325409663457
PAFAH1B2,SNRK-AS1,0.3243227882863536
JUND,SNX24,0.3240832475437963
HLA-DRB1,RGS9BP,0.3239625224223127
GAK,SOX13,0.3239081395829255
HLA-DMA,ACTG2,0.3238790613159567
MYCBP2,LAMB3,0.3238171772631261
NAGK,CTD-2081C10.7,0.3238043175936456
MATK,AC140481.2,0.323764864064458
IFITM2,TTC39A,0.3237639742912621
STRN4,RP11-55K13.1,0.3236312417192921
CELF1,RP11-118K6.3,0.3235020169254985
BRWD3,RP11-314A20.5,0.3233490662719441
GNAZ,C1orf177,0.3232701883583916
SLC27A3,C19orf44,0.3232660167261876
ACTB,AP3B2,0.3232108242191394
C7orf50,MMP1,0.3232036083348911
TPST2,ADAM20,0.3231544351200276
CTSS,C15orf65,0.3230594812349729
LYAR,AC140481.2,0.3229324667283887
NEURL2,RP4-635E18.7,0.3229229805223926
DUSP1,RP11-511B23.2,0.3225767337692363
IL17RA,EPHB3,0.3225529520327223
CD8A,PNMT,0.3223402500581943
CD63,LONRF2,0.3222943890110538
MVB12B,APCDD1,0.322277520722254
TYROBP,RP11-29H23.4,0.3222617767036713
MALAT1,MAEL,0.3221826925439548
PRSS23,TRIM54,0.3221612704067911
IFITM2,RP11-225B17.2,0.3221581568162687
CD7,RP11-122G18.5,0.3221260540113211
CCNK,ZNF572,0.3220658663598944
UBE2V2,BBS5,0.3220378509220914
HLA-DRA,ADAM20,0.3219514042699247
FGFBP2,RP11-55K13.1,0.3219442387166164
CD8A,PLCD4,0.3218632655963603
EXOC6B,ARHGEF28,0.3218522714715618
BCAN,RP11-225B17.2,0.3215715771681465
STAG3,RP11-362K14.6,0.3213053730295778
TSPO,AC068282.3,0.3212360189495187
TMSB4X,RP11-787I22.3,0.3211901605992678
LYZ,RP11-55K13.1,0.3211122711892347
SGK3,EPHB3,0.3210627491944744
BLVRB,CCR8,0.320993176889395
S100A11,CTC-503J8.4,0.3209451088951535
HSCB,RP4-635E18.7,0.3207872561991396
HLA-A,ARHGEF28,0.3207458628173605
TMSB4X,ZFHX2,0.3206599733634528
HLA-DRA,DCLRE1A,0.3204910432410811
IFITM2,AF131215.5,0.3204047018525221
BIRC3,RP4-635E18.7,0.3203251155565556
CD8A,RP11-276E15.4,0.32028160906598
FOS,CTD-3194G12.2,0.3202670987651657
SUGP2,DNAJC28,0.320056681745949
LINC00152,RP11-275I4.1,0.3198945958409303
LST1,EPN2-AS1,0.3198593322768467
NRROS,CTRC,0.3193815249508062
TMSB4X,SIAH3,0.3193773546107725
RETSAT,RP11-423C15.3,0.3193740361763424
CD8B,ZNF572,0.3193095492129422
ADAR,AC079354.5,0.319298731839679
BRI3,DCLRE1A,0.3192681689144871
PTGER2,AC009312.1,0.3192597634347442
MLH3,RP11-348N5.7,0.3191352039353139
NAGA,C11orf45,0.3189515914529284
WDR11-AS1,BMP6,0.3184701950207738
TUBB4B,PTPRR,0.3183761515782488
MYL6,GSG2,0.3182528958893751
PADI4,RP11-15A1.7,0.318167430773965
FLNA,RP11-225B17.2,0.3181315377848608
RUNX3,CENPI,0.3181304977649596
OAZ1,TRIM54,0.3181304530493395
R3HDM2,GCSAML,0.3172741693866537
PKIG,RP1-86C11.7,0.317146860530262
HOPX,TRIM54,0.316999987583348
FUOM,DDR2,0.316868700928146
TSPAN13,APCDD1,0.3168581583030977
B2M,CTC-498J12.3,0.3168510009557689
RP11-291B21.2,ZFHX2,0.3168486862324365
CWC25,ARHGEF28,0.3168247724666043
PFN1,COL1A1,0.3168052929636116
DNAJC1,RP11-456K23.1,0.3167255280107244
RSU1,AP3B2,0.3167181209444324
AC006994.2,SCML2,0.3167125116426304
ILK,MAEL,0.3164281224129007
S100A6,PLCD4,0.3162531573720963
NFAM1,FAM225A,0.3161576096839198
AP5B1,ZFHX2,0.3161227534652047
IRF8,CYP46A1,0.3161046331367625
JUN,RP11-769O8.2,0.3160197586983154
GPR137C,LONRF2,0.315777823120425
CBX4,RP11-276E15.4,0.3157644027038571
HLA-A,RP11-787I22.3,0.3157630553650289
PRKAR2B,RP11-15A1.7,0.3156279319804941
FTH1,AMZ1,0.3154636558936632
S100A4,LINC00951,0.315402802881889
CD9,MMP1,0.3153699134954988
GGA1,FAM47E-STBD1-1,0.3153451545158199
IGLL5,CTD-2620I22.7,0.3153315979807975
PDCD7,CXXC4,0.3152264004892187
FERMT3,RP11-314A20.5,0.3151693454214215
GZMB,TTC39A,0.3151392035052458
FYN,RP4-635E18.7,0.3148377204768332
DNAJC1,TTC39A,0.3148184720501172
LTB,CTC-523E23.1,0.3146206625624692
ADAP1,NLGN3,0.3144389999914035
APOBR,FAM47E,0.3143897270035434
MCUR1,XX-FW83128A1.2,0.3143512494799229
CTSW,RP11-328C8.4,0.3143510929463432
TUBGCP4,RP11-15A1.7,0.3140834023131046
RGS18,AC015969.3,0.3139849044863837
IGSF6,RP11-167N5.5,0.3139436463033532
CRIP2,FAM47E-STBD1-1,0.3137011427614698
S100A4,NODAL,0.3135298636411011
HNMT,LAMB3,0.3135107288390973
TCL1A,PDE7B,0.3134297842922026
CD200,C15orf65,0.3133993204508965
TESC,ARNTL2,0.3133939826260146
GSTO1,RP11-275I4.1,0.3133832249429198
RPLP1,RP11-81H3.2,0.3132985888179905
RGL2,CTC-498J12.3,0.3132101604463945
CD79A,CCDC81,0.3131839299625895
ZNF133,CTD-2081C10.7,0.313059199827933
CTSS,SIAH3,0.3129964911380397
ITGA2B,RP11-15A1.7,0.312940389840814
RP11-611L7.1,LYPD2,0.3128106789619825
RELT,MST1R,0.3127913189009289
RGS2,ACKR2,0.3127777159451199
PLAC8,RP4-635E18.7,0.3127165373046284
OAZ1,RP11-106M3.3,0.3126356919003181
TUBG1,RP4-677H15.4,0.312635279781994
PGPEP1,PTPRR,0.3125672964007521
C1orf233,CTD-2619J13.3,0.3125433405801432
PPAPDC1B,CCDC81,0.3125404425019368
BRI3,RP11-665G4.1,0.3121424184459563
LYN,GYPE,0.3121349290430874
IL32,IL17A,0.3121089194142627
IGFBP7,AP3B2,0.3120954637409853
CD93,RP11-118K6.3,0.3120737268445229
ISG15,RP11-54O7.1,0.311984452368315
CCL5,TRIM54,0.3117996570407093
TNK2,CYB5R2,0.3117126635932237
SLA,CCR8,0.3115161803279829
VAV3,RP11-769O8.2,0.3114909652130149
FCGR2B,FBXO30,0.3114745279754424
HIST1H2BK,BBS5,0.31144566665659
RP3-329E20.2,SPTB,0.3114432074977488
RAI1,AC007036.6,0.3114201615477514
SNAP23,DCLRE1A,0.3111958107559446
PTGDR,RP1-122O8.7,0.3111713638447663
RP9,AGAP9,0.3111160292614406
SLA,AC140481.2,0.3111027347789669
MT2A,CTRC,0.3106927418831001
SFSWAP,MMP1,0.3106431200952668
HAVCR2,TRIM54,0.3105990890561041
YWHAH,CTC-503J8.4,0.310154688867066
ARRB1,AC007036.6,0.3100068585938853
SRPK2,CTC-498J12.3,0.3100039835302262
ZNF322,APCDD1,0.3099583157135226
AC093609.1,WWC2-AS2,0.3099369392044829
USP28,RP4-635E18.7,0.3098512243996278
PASK,RP11-524F11.2,0.3095952923296923
DOCK2,DDR2,0.3095612611567019
GM2A,IL10,0.3095174195362386
PAFAH2,RP11-275I4.1,0.3093881407338485
DENND6B,AFAP1L1,0.3093772789190812
CTSH,DIRC3,0.3092455703652697
MYO9B,UNC13A,0.3091980627982575
ANXA2,PSD3,0.3091761194333536
TSPO,LRP12,0.3091188224996537
FOS,LINC00951,0.3090578067027461
EMR2,AC007036.6,0.3090572463401568
PLA2G16,HBA2,0.3090143666388191
IQSEC1,MST1R,0.3089296976881365
CHD6,CTD-2081C10.7,0.3088587777181358
GOLIM4,ARHGEF28,0.3088530094321143
ZC3H12A,VSTM2B,0.3087898848020644
PPP2R2B,RP11-769O8.2,0.3086105434651087
ZNF576,TRIM54,0.3085569673300794
B2M,TTC39A,0.3085535844548993
FCER1G,RP11-348N5.7,0.3083086162192609
ZNF593,AC015969.3,0.3083059298711331
DYNLT1,CXCL10,0.3081717876383767
AC005037.3,LINC00638,0.3080033433198636
ARHGEF12,CTD-2192J16.26,0.3078915019504377
RPLP1,PSD3,0.3077292081186855
SLC9A1,ASB9,0.307630742441777
GSTO1,MTTP,0.3075003296341298
CPAMD8,RP11-275I4.1,0.3072946233508426
NT5C3A,RP11-423C15.3,0.3072273302879852
HOTAIRM1,HBA2,0.3072185316096568
COTL1,AMZ1,0.3072016144208799
CD74,CTD-2620I22.7,0.3070705204409755
PRKAR2B,ARNTL2,0.307015659873305
ABI3,CTC-523E23.1,0.3069638107813369
PLEK,GCSAML,0.3069281844483821
NAB1,LYPD2,0.3066532415517443
CRIP2,AC140481.2,0.306474572628185
FCER1G,AC140481.2,0.306474418694095
POU2F2,ZFHX2,0.30642516229323
GPATCH2,RP11-276E15.4,0.3064193949238085
UBE2Z,DDR2,0.3063168387723263
LGALS3,RP11-275I4.1,0.3063136271190337
CD79B,PDE7B,0.3062854812063797
ZEB2,APCDD1,0.3062471732553838
NUDT16,CLDN23,0.3061893977502326
FAM110A,CTRC,0.3061572397673949
SLC26A6,DNAJB5,0.3061261437672302
TSPAN13,RP11-362K14.6,0.3060037877505971
RP11-879F14.2,BMP6,0.3058977147559202
PDXK,RP11-665G4.1,0.3058572161967007
S100A6,RP11-328M4.2,0.3056980279924257
PASK,RP11-106M3.3,0.3054371298026803
CXXC5,HBA2,0.3053744062579869
HLA-C,RP11-722E23.2,0.3053139448919718
MT-ATP6,CTRC,0.3052141246338266
ZNF467,RP11-665G4.1,0.3052123953180684
CTD-2035E11.3,IL17A,0.3052101958319176
F13A1,VSTM2B,0.3051539331544833
LTB,RP11-524F11.2,0.3050853535342265
IFI27L2,TNS4,0.3048770841517428
RPL34,RP1-122O8.7,0.3047858265777761
AP001055.6,TTC39A,0.3047054791888633
JOSD2,ZNF572,0.3045889043429331
ABI3,RP11-275I4.1,0.3045496445280854
CD79B,RP11-665G4.1,0.3043261853896142
HLA-DPB1,RP11-15A1.7,0.3041650883924595
ACTB,PLCD4,0.3037915211221084
CACNA2D4,GSG2,0.3036940378120492
CD74,WWC2-AS2,0.3036499180977338
CTSD,BBS5,0.3036105305135118
CBFA2T3,MST1R,0.3035238154037069
DDX42,RP11-328M4.2,0.3034637579518072
BOD1L1,TRIM54,0.3034295484862769
S100A9,VNN3,0.3033475074386839
OAZ1,MAEL,0.3032202893688885
IFITM2,RP11-816J6.3,0.3031530666955873
HIST1H1C,CYP46A1,0.303077951935451
AIF1,BBS5,0.3028964947347982
MESDC2,CASC2,0.3028653672732979
NXF1,RP11-816J6.3,0.3026408525540908
TNNI2,TRIM54,0.3021428747843166
GZMA,SNRK-AS1,0.3019426375966937
STOM,GABRD,0.3018181577701149
ZNF683,FOXE1,0.3015349810557299
GZMK,SNRK-AS1,0.3010919115934738
ANO6,IL17A,0.3009395511357647
CDC42EP3,LRP12,0.3009334413775981
POLE,FANCE,0.3008183662686128
ZC3H13,RIPK4,0.3008164490509982
LGALS2,LAMB3,0.3007893256678162
GPX1,RP3-323N1.2,0.300557655249747
TTC7A,PTPRR,0.3004487621302121
ABHD2,CTD-2081C10.7,0.300421443901613
HLA-DPA1,ARHGEF28,0.3004087858545868
CDC42EP3,PTPRR,0.3003674405595949
RP11-320M2.1,TRIM54,0.3000874098210083
PYCARD,HBA2,0.299955254599035
MT-ATP6,FKBP9,0.2997797872958589
RNASEK,CGN,0.2997674872037962
IL32,SIAH3,0.2995711556677151
HLA-C,RP11-54O7.1,0.2993263062649302
WASF2,AC079354.5,0.2991801726069626
SLC16A3,TTC39A,0.2991097296243619
MXD4,CYP46A1,0.2990991040248372
GZMA,USP27X-AS1,0.2987049438884493
COTL1,HBA2,0.2985468574120031
NBAS,CAPN9,0.2984799112343051
MT-CO1,RP11-276E15.4,0.2983507251501849
MYEOV,RP11-142C4.6,0.2982310518293402
VCAN,ADAM20,0.2981890071850082
KCNC3,UNC13A,0.2979228285846883
TLN1,RP11-275I4.1,0.2978768915876525
RPLP1,CSN1S1,0.2978463860177668
AP001816.1,CTD-3224K15.3,0.2978346814124449
AGTRAP,CSN1S1,0.2977751414742794
SPHK1,RHD,0.2977476898258651
PSAP,WWC2-AS2,0.2976074095777873
VIPR2,RP11-722E23.2,0.2975164650552434
GPX1,AC009312.1,0.2973936988037672
MYL6,TTC39A,0.2973021108303875
PTPN18,CTC-498J12.3,0.2968720479764387
LTB,RP1-122O8.7,0.2967369102288896
FHL3,RP11-118K6.3,0.2967344225510462
PACSIN2,CTC-498J12.3,0.2967252650765013
ALDH1A1,RP1-86C11.7,0.2966657017492493
GPATCH2,TRIM54,0.2965721048883217
PTPN18,FZD8,0.2964787727928273
CMIP,IL10,0.2964559773503002
CDKN2D,C19orf44,0.29641051197689
RP11-539L10.2,CTD-2527I21.7,0.2962978390102063
CD7,IQSEC3,0.2962966011055896
KIAA0040,AC009312.1,0.2959916116394935
CD151,WWC2-AS2,0.2959646879074519
PGRMC1,RP11-15A1.7,0.2958978428767129
HLA-A,EPHB3,0.2958670002454238
RP3-402G11.26,RP4-635E18.7,0.2958415691020226
CEBPD,LAMB3,0.2958266995411492
NCF1,RP11-456K23.1,0.2958200931551012
CD8A,CENPI,0.2956992617452833
SAMHD1,C11orf45,0.2956132731230454
MATK,VSTM2B,0.2953981426355313
CLIC3,RP1-261D10.2,0.2953978641522292
GRN,SNRK-AS1,0.2953259338942862
FGFBP2,RP11-122G18.5,0.2951904159740856
CD74,CYB5R2,0.2951496838558067
AIF1,RP11-29H23.4,0.295127898149137
IGSF6,RP11-29H23.4,0.2950978661218842
DUSP1,C15orf65,0.2949527796640149
FTL,CTC-498J12.3,0.2949143305297517
MALAT1,FKBP9,0.2948611142486789
PRF1,RP11-122G18.5,0.2947821765123402
TMSB4X,MPP4,0.2947688752225231
RPL34,RP11-348N5.7,0.2946618851264544
KRT86,AC140481.2,0.29461262447222
MS4A1,ACKR2,0.2945948083362129
LMNA,LRP12,0.2945515979690956
ADAR,RP11-106M3.3,0.294529276106446
LCN2,RP11-15A1.7,0.2944561243010637
FERMT3,GABRD,0.2942806423285695
NGFRAP1,DDR2,0.2942408987124957
UBR4,RP11-269M20.3,0.294218078573889
METTL25,C1orf177,0.2941934541749738
HIST1H1B,CTD-2620I22.7,0.2941523956863587
IGFBP7,AC068282.3,0.2938513120535868
CD1A,C15orf65,0.2936461869776441
CST3,CTD-2192J16.26,0.2934848555962535
CCDC50,RP11-362K14.6,0.2934214292016486
FOSL2,HBA2,0.2932438696543091
GZMA,RP11-122G18.5,0.2932434949392168
GCHFR,AC015971.2,0.2932208836745871
LINC00936,TTC39A,0.2932199210452226
SH2B3,CTD-2619J13.3,0.2931942343345162
TLE1,FZD8,0.2931624064631449
DNAJC1,DCLRE1A,0.2930174789975073
C7orf50,LAMB3,0.2929735477728356
ARHGAP17,AMZ1,0.2925872737162709
HOPX,RP11-276E15.4,0.2923878700119383
MESDC2,ZFHX2,0.2923110595239508
HSCB,PTPRR,0.2922835906762662
NGFRAP1,BBS5,0.2920945051961897
TNFRSF18,AC009312.1,0.292010900251603
CXCR3,HCG20,0.2918973183050102
KLRC1,CTC-523E23.1,0.2915323136109948
CCL5,AMZ1,0.2914230778424344
STX3,CTC-498J12.3,0.2913895436762836
GZMH,GSG2,0.2913886245736278
MALAT1,ACTG2,0.291356524885731
PID1,KCNK5,0.2913504279363517
RP11-505K9.1,IL17A,0.2913231621501007
CD74,MTTP,0.2913152563829991
FCN1,SNX24,0.2911007274047928
IFITM3,BBS5,0.2910797848220769
CHD6,RP1-122O8.7,0.2910046293345479
CFP,EPHB3,0.2909223858966512
KLRB1,DIRC3,0.2908174204788363
JUND,USP27X-AS1,0.2906721659478596
CHD6,AC007036.6,0.2906309413118566
HLA-A,TTC39A,0.2903848187774214
WASF2,CCR8,0.2900946939839832
VIM,FOXE1,0.2894803731874135
GOLIM4,C19orf44,0.2894564155831775
CLCN7,GSG2,0.2893870505539809
LY86,RP11-328M4.2,0.2893676642589028
NT5C3A,WWC2-AS2,0.2893361311164702
SFSWAP,C11orf45,0.2892469620603392
LGALSL,LRP12,0.2888793944258996
SELPLG,S100A3,0.2886129996450624
SLC27A3,PDE1A,0.288489678139701
APAF1,WWC2-AS2,0.2884675176706567
JUN,LINC00951,0.2884629105505024
CD79A,RP11-269M20.3,0.2883653978656294
AKAP9,FAM47E,0.2883633775058823
FCER1G,S100A3,0.288226863159352
TNFRSF18,SIAH3,0.2881715442759378
KLF6,PTPRR,0.2881188704686006
LYAR,SEZ6,0.288114539896074
HLA-DQB1,ADAM20,0.2880803392589374
S1PR5,TRIM54,0.2879983568718334
PCSK6,SLC35D3,0.2879929718734696
IFT81,GABRD,0.2879144301804142
IER5,CCDC81,0.2876689618290758
DENND6B,KCNK5,0.2876411744132072
FCER1A,DNAJB5,0.2876135219747944
SLC19A1,CTD-3224K15.3,0.2876082839328375
FCER1G,MMP1,0.28758233843599
MMD,CASC2,0.2875737093318153
RPLP1,RP11-423C15.3,0.2875435365687951
JUN,RP11-55K13.1,0.2874415465843817
MAP3K3,WWC2-AS2,0.287345085110799
PLAC8,CTC-498J12.3,0.2871826657287893
BIRC6,ARNTL2,0.2869780717602569
AGTRAP,CTC-523E23.1,0.2868914937597119
MATK,RP4-635E18.7,0.2868060320108727
FTH1,CTC-498J12.3,0.2865955890283939
HLA-DQA2,RP11-15A1.7,0.2865782270396461
ZC3H13,CAPN9,0.2863618473343514
ZC3H13,RP11-348N5.7,0.2863124440795845
SH2D2A,IL10,0.2862735002315323
CEP85,VASN,0.2861600859241294
DGKZ,C15orf65,0.2859194354776479
MYBL1,ARHGEF28,0.2857807402577353
UNC93B1,MST1R,0.2856600599217489
MXD4,IL10,0.2855157763170555
FEZ1,VASN,0.2853974040126223
DUSP2,EPN2-AS1,0.2853033193999334
LRRC26,KCNK5,0.2852718312462018
RUFY1,RP11-276E15.4,0.2852549085880934
RPLP1,HSPA12B,0.2851035077653829
GZMH,RP11-55K13.1,0.284989988633129
MT-CO1,CTC-498J12.3,0.2849382347908565
FTL,RP11-665G4.1,0.2849347725279288
UNC93B1,AFAP1L1,0.2848002553098589
TESC,WWC2-AS2,0.2843921762772256
HLA-DQA1,DCLRE1A,0.2843764278630638
NKG7,RP1-261D10.2,0.2840540385248559
TYROBP,GPR153,0.2840467132356672
TTLL3,RP11-456K23.1,0.2839978149220505
APOBR,FZD8,0.2839670384815953
C12orf75,VSTM2B,0.2838325983621497
HLA-DQB1,COL1A1,0.2837262845021231
S100A4,CTC-498J12.3,0.283615568919678
ST3GAL6,MMP1,0.2834807075306161
MT2A,DNAJC28,0.2834734173103687
RSU1,RP4-677H15.4,0.2832793734388102
MLH3,CTC-523E23.1,0.2831279614037525
LINC00936,SOX13,0.2830261835799676
RPL3,STRIP2,0.2828355882716559
TUBA4A,ACKR2,0.2828139290169612
CTNNA1,RP11-328M4.2,0.2827999236777856
CCL5,CTD-2527I21.7,0.2826514243094984
HLA-C,HBA2,0.2826058358252766
PRRG2,DNAJC28,0.282515599152582
LGALS12,LRP12,0.2823495603129477
SNAP23,CTC-498J12.3,0.2823246889309759
IRF7,AC015971.2,0.2822385368306266
SPTBN1,RP11-276E15.4,0.2822292747033489
TNFSF4,GABRD,0.2821849330214147
RP4-728D4.2,RP11-275I4.1,0.282002672943648
HOPX,SNRK-AS1,0.2819709474992293
ACVRL1,CTD-2192J16.26,0.2818939746758608
QSOX1,BBS5,0.2818758192530337
PLXNA4,AF131215.5,0.2816813513442681
B2M,DNAJC28,0.2814979079220501
TRPC4AP,RFX8,0.2814384409514805
RAB11FIP1,RP11-328C8.4,0.281427941980148
ATG2A,LAMB3,0.281416852216976
AKR1C3,CTC-523E23.1,0.2813971398472263
NGFRAP1,AC009312.1,0.2810948337530745
MT-ND2,DIRC3,0.2810806025240796
CLEC1B,MAEL,0.2810154486079913
GZMB,RP11-358L4.1,0.2808880835462191
HLA-A,C19orf44,0.2808851836492446
ABI3,RP11-15A1.7,0.2808753203191079
TULP3,RP11-275I4.1,0.2807986628571292
LIMS1,RP11-29H23.4,0.2807986487076335
MALAT1,RP11-362K14.7,0.2807197583029199
EREG,FBXO30,0.280603150098863
AHNAK,CTD-2527I21.7,0.280534724916602
CD79B,ZFHX2,0.2804970700323133
DNASE1,SEZ6,0.280460001386455
PLD2,CLDN23,0.2804149096111961
POMC,RP1-122O8.7,0.2804080891937933
CD8A,CCDC81,0.2801485290991407
MGST2,GPR153,0.2801043706903385
F13A1,MAEL,0.2798048324362194
NFE2,BBS5,0.2797474020944844
ACTB,DNAJC28,0.279602115811393
NMB,RP1-261D10.2,0.2795735616935374
FAM135A,C1orf101,0.2794965767859627
MYL6,HSPA12B,0.2794763008110161
GUCY1A3,RP11-546M21.6,0.2792943988294327
LTB,RGS9BP,0.2792283682150731
MT-ND2,CAPN9,0.2791980017745576
GRN,FZD8,0.2791334137955193
RP11-85A1.3,VNN3,0.2790914684646424
VIM,FBXO30,0.2789909011719179
B2M,AC009312.1,0.278932109487374
MLXIP,RP1-86C11.7,0.278927760209654
TYMP,RP11-29H23.4,0.2789000776612474
TUBB1,NODAL,0.2788506463354384
PYHIN1,GJC2,0.2788023327557355
MALAT1,TTC39A,0.2784359356956213
MT-CO1,HBA2,0.2783842340905658
GSTP1,SPTB,0.2782972347709017
NT5M,EPAS1,0.2781886422968352
CAST,RP11-314A20.5,0.2780553098216181
R3HDM2,PDE1A,0.2779829304401514
GAB3,RGS9BP,0.2779292555689549
LYL1,AMZ1,0.2778302149772769
MOSPD2,AGAP9,0.2778299607816398
XCL1,TRIM54,0.2777024495191881
ZNF367,MTTP,0.2776964193921981
FCGR2B,RP11-314C16.1,0.2776734352023907
NCF1,RP11-511B23.2,0.2776104725110787
MYL6,RP11-122G18.5,0.2774321210225122
LYAR,STRIP2,0.2772078412944082
SLC43A2,CTD-2192J16.26,0.277171597223162
WDR70,AC009312.1,0.2770040384486523
TACC1,RP11-276E15.4,0.2769405542725437
SAMD3,FAM47E,0.2767786020227524
SLC43A2,RP11-118K6.3,0.2767586370898974
MTPN,DIRC3,0.2765572682410062
MALAT1,RHOV,0.2764580267118861
TMSB4X,CTD-2620I22.7,0.2764573584030623
TPST2,VSTM2B,0.2763928922347941
APOBR,VNN3,0.2763623128476297
CORO1C,MMP1,0.2762423291356582
ACTB,FAM47E-STBD1-1,0.2762337546214869
AP001055.6,TRIM54,0.2761069578749936
CLIC3,PTPRR,0.2760852193877314
TNFRSF1B,RP11-456K23.1,0.2760185022716825
HLA-DMB,RHOV,0.2759488961768924
OAZ1,WFDC3,0.2759390915543567
KLRC1,RP11-328C8.4,0.2759295484961648
TRAPPC3L,WFDC3,0.2759270799841531
APMAP,CAPN9,0.2759126839926882
ZNF467,PLCD4,0.2758212421632663
HES4,RP11-118K6.3,0.2757136147848845
TMSB10,EPN2-AS1,0.2757054517612345
RPLP1,RP11-713D19.1,0.2756781581904634
AP003774.6,SNX24,0.2756684970602508
KLF6,RP11-276E15.4,0.275518369337378
NFE2,AC015969.3,0.2752038312233053
TMCO3,GJC2,0.2751472760075514
PTGER2,FZD8,0.275136341993235
JOSD2,MAEL,0.2751016215012656
XK,AC140481.2,0.2750464502904854
RALGPS2,PTPRR,0.2750442456213584
RPLP1,DIRC3,0.2750385408818805
TPM1,RIPK4,0.2748276646317429
TAF4,AC016738.4,0.2746842022827371
CD40,RP11-362K14.7,0.274533185838788
CDKN2D,TTC39A,0.2744783608529503
SUPT6H,IL17A,0.2743555440943598
PDXK,HBA2,0.2743371145936331
LTB,VNN3,0.2743271818942861
SNCA,RHD,0.274308308684704
MYO9B,RP11-362K14.7,0.2739872839793559
SRC,MMP1,0.2737173596888604
KDM5A,DCLRE1A,0.2736980875818897
SFSWAP,RP11-423C15.3,0.2736435577322875
MAX,TTC39A,0.2736164780360912
LYAR,RP11-276E15.4,0.2734200329078077
MALAT1,NLGN3,0.2734050120653654
LYN,RP11-456K23.1,0.2730929916209638
GPX1,C15orf65,0.2730697884845668
MT-CO1,CYB5R2,0.2729807712846228
EPHB6,UNC13A,0.2728403260212199
KLRG1,RP11-328M4.2,0.2725916117924333
RNF130,ELMOD1,0.2725329625940533
ZNF547,COL1A1,0.2725316015491737
GBA2,RP11-269M20.3,0.2725150714153816
RPL3,RBL1-1,0.2724518648402939
DUSP2,RBL1-1,0.272441412212556
HLA-DRB1,SCML2,0.2723436742004843
C9orf89,DNAJC28,0.272198845211625
RP11-291B21.2,DNAJC28,0.2721292740038584
HLA-A,GSG2,0.2719921897651763
FHL3,CTD-2527I21.7,0.2719149549545031
ABHD2,COL1A1,0.271890877022967
PRF1,RP11-816J6.3,0.271832359801397
VIM,WWC2-AS2,0.271715590387147
ZNF230,SIAH3,0.2717017422999461
PFN1,AC009312.1,0.2716855758361878
MAX,RP11-15A1.7,0.2712675782877145
C9orf89,RP11-348N5.7,0.271214446057653
CCL5,C19orf44,0.2711548594799932
LYZ,GPR153,0.2711338651352982
ASIP,S100A3,0.2711271035639754
RP9,CTC-503J8.4,0.2709466777483588
DUSP2,TRIM54,0.2709317290272129
AIF1,DNAJB5,0.2708719868671642
LUCAT1,RP11-362K14.7,0.2708291051151671
RP11-367G6.3,RHD,0.2705602927858155
MALAT1,RP11-816J6.3,0.2705408546635028
CD40,RP11-665G4.1,0.2704253610643257
ARHGEF17,RP11-713D19.1,0.2704134744870652
YBX3,CTD-2527I21.7,0.2702453845450973
C1QTNF4,SCML2,0.2701613726274903
MT-ND1,PAPL,0.2700450191524481
CNTROB,TTC39A,0.2700434452849442
LIN54,CTD-2081C10.7,0.2699994359823558
CD40,CYB5R2,0.2699923564459752
PPP1R14A,PDE1A,0.2696843940017926
UBA6-AS1,C11orf45,0.2696807808749699
MGAT4B,AC015969.3,0.2696592326918349
B2M,AGAP9,0.2696201757994733
CTDNEP1,PDE7B,0.2695350339279482
IRF5,IL10,0.2694941244188683
SPON2,RP1-122O8.7,0.2694904594447172
ZCCHC24,LRP12,0.2694643563437116
CRIP2,RP11-81H3.2,0.2694639598254739
IGJ,CYP46A1,0.2694040732662793
JUND,JAG2,0.2693420183922436
PFN1,C19orf44,0.2684840228114163
RPL3,FZD8,0.2683371771805791
MT-CO1,AFAP1L1,0.2682344872311308
KPNA6,APCDD1,0.2680891322410041
GABBR1,C11orf45,0.2680649255094359
FTH1,CTD-2081C10.7,0.2679735573268655
FAM212A,RP11-511B23.2,0.2679263138938242
ZNF708,ASB9,0.2678503984186188
IGF2R,APCDD1,0.2678390162329293
HLA-DRB5,CXCL10,0.2678125798080544
NKG7,SIAH3,0.2677672723601166
BCAS1,RBL1-1,0.2676970990045602
RP11-191L17.1,CAPN9,0.2675569361749066
GPR63,LIF,0.2674890225045034
RPL34,CTD-3194G12.2,0.2672659575009228
GSTO1,ARHGEF28,0.2672371788355288
MCOLN1,ARHGEF28,0.2671930717400566
MEGT1,RHD,0.2671666106926569
C12orf75,PAPL,0.2671157571147179
RP11-876N24.4,SCML2,0.2669240350836175
DNAJC1,VSTM2B,0.2668898277845233
GPX1,VNN3,0.2668723055233081
MYL9,PTPRR,0.2667710974973737
CD97,TNS4,0.2667430842366158
CD79B,PAPL,0.2664337535349733
LINC00936,AC009312.1,0.2664168808992662
CCL4,C19orf44,0.2663452833938906
RP11-872J21.3,RP11-29H23.4,0.2663397475039897
MAX,MMP1,0.2663071354346832
IER2,AC007036.6,0.2662526216665796
WDR11,AL049829.1,0.2662273049852982
ARID3A,IL17A,0.2661338940476316
FAM214B,CXXC4,0.2661277836245835
RGL2,CTD-2620I22.7,0.2661186803538196
SOAT1,RP11-423C15.3,0.265848847848795
UTS2,ARNTL2,0.2657922007398108
FGFBP2,RP11-423C15.3,0.2657161995870081
TUBB4B,C1orf177,0.2656807247258659
JUN,RP11-275I4.1,0.2656333567808573
VAC14,RGS9BP,0.2656332030408236
GPR56,ARHGEF28,0.265582614288871
GNAI2,TRIM54,0.2654764196571397
P2RX1,MAEL,0.2653500961917407
PURA,RP11-276E15.4,0.2652601806257731
CDKN1A,WFDC3,0.2651308633879783
CYB561A3,CTD-2527I21.7,0.2651143905416547
NRROS,PSD3,0.2649828046759947
RGS18,GABRD,0.2648921401945793
IL2RB,RGS9BP,0.2648190584319995
MT-ND1,RP11-168O16.1,0.2648125678663975
RP11-367G6.3,MAEL,0.264635028415011
IFITM2,MTTP,0.2645682066385265
SH3BP2,RP11-348N5.7,0.2645635106127726
RPLP1,CTC-498J12.3,0.2645566373437688
CTSH,APCDD1,0.2643707682929829
LTB,CXXC4,0.2642119087135839
ARHGAP17,PTPRR,0.2642064049155934
KIAA0040,RP11-276E15.4,0.2642033098916211
DTHD1,CTC-523E23.1,0.2641619450215099
RNASE6,IL10,0.2641448872673307
LYL1,RP1-122O8.7,0.2640724385499093
HBA1,DNAH12,0.2640659930695975
CD74,DNAJB5,0.2637825275582138
HLA-DRB1,PDE7B,0.2637470506975531
TMEM91,EPAS1,0.2637445655948848
FOS,VNN3,0.2637401363379467
AC005076.5,TTC39A,0.2636474179191841
MT-ND2,RP11-276E15.4,0.2631815139913327
RP11-76E17.3,AC007036.6,0.2631780355114283
GMPR,MMP1,0.2630956595335778
HCG25,CCDC81,0.2630495978881358
LINC00152,LONRF2,0.2629375760464741
C7orf50,CASC2,0.262844493732734
HLA-DRB5,RP11-505P4.7,0.2626971474433176
PLAC8,IQSEC3,0.2625796232725243
RP11-879F14.1,BMP6,0.2625663240020415
TNFRSF18,GJC2,0.2625367228454839
ANXA2,CXCL10,0.2624831094691771
C9orf89,MAEL,0.2623647821795631
COTL1,LYPD2,0.2621676380615228
JUN,MMP1,0.2620306063399729
LIMK2,EPHB3,0.2619129821121479
HLA-DPA1,RP11-524F11.2,0.2619044022660455
C9orf89,CTD-2192J16.26,0.2618727033998274
TLN1,VNN3,0.2618529540591954
CD74,PTPRR,0.2618203739584325
PLEKHG2,AC016738.4,0.2616628284209191
IFITM3,COL1A1,0.2616143558063334
BIRC3,RP11-362K14.6,0.2613841668279292
PPM1F,AC009312.1,0.2613482804999334
MALAT1,AGAP9,0.2613381919449437
RP5-1092A3.5,CYP46A1,0.2613243085170615
LILRB5,LYPD2,0.2610946719449468
RUNX3,RP11-276E15.4,0.2609100000875963
C7orf50,RP11-269M20.3,0.2607058032550867
GNA15,RP11-15A1.7,0.2606789269395706
RUFY1,DNAJB5,0.2606161605703648
NPC2,SEZ6,0.2604895164184316
IGLL5,ACKR2,0.2604398489001814
SSX2IP,C15orf65,0.2603035170713669
MT-CO1,TMEM105,0.2602494995620978
MLTK,C11orf45,0.2602464759936105
TNFSF13B,WWC2-AS2,0.2600037679537467
BIRC6,MTTP,0.2597892221120607
DRD4,TTC39A,0.2597555470574158
DGCR2,CTC-498J12.3,0.2595568881983637
KIAA0930,APCDD1,0.2595272813494057
GNA15,MAEL,0.259524587316699
JUN,CSN1S1,0.2594837714988292
HDAC6,DNAJC28,0.2592338669979434
ABHD2,USP27X-AS1,0.2591125364407676
NUP214,RP11-414H17.5,0.2590792316183943
CTSH,RP11-275I4.1,0.2590285475987642
HLA-DMB,GPR153,0.2589633535611156
RP11-744N12.3,SLC35D3,0.2588677436697872
MAN2A2,RP11-328M4.2,0.2587857382210289
SUPT6H,RP11-787I22.3,0.2585390955471065
HLA-C,CXCL10,0.2583657913576431
ZYX,SOX13,0.2583100408899555
MYL6,DIRC3,0.2582180013388265
DENND1B,TTC39A,0.2580603708112244
C19orf33,WFDC3,0.2579194472539706
LIMS1,DCLRE1A,0.2578722499117038
LYZ,RP11-665G4.1,0.2578428213606033
GSTP1,TRIM54,0.2576911781445654
POU2F2,AC015971.2,0.2572397072486688
HLA-A,BBS5,0.2569012181207036
FCGRT,C1orf101,0.2568644008736724
TPST2,RP11-423C15.3,0.2567912829442419
GPR137C,LRP12,0.2567790492052368
LTB,FOXE1,0.2567247617812609
YWHAH,RP1-122O8.7,0.2566648240091832
HLA-DPB1,RP11-423C15.3,0.256577978829864
FTH1,RP11-118K6.3,0.2564839541119935
CD79B,PTPRR,0.2563592104849465
GOLGA3,SIAH3,0.2563510931955488
TMEM40,DNAH12,0.2563469524731894
PLEK,FAM47E,0.2559036591479496
YBX3,WFDC3,0.2558075312074976
PFN1,CYP46A1,0.2555894759633419
ALOX5AP,AC016738.4,0.2554187950271656
S100A4,FBXO30,0.2552763335656737
RNF130,CTRC,0.2552395569802406
JUND,ARHGAP44,0.2552385656818572
PRSS57,PNMT,0.255010576655554
GPX1,IQSEC3,0.2546416643356312
CTBP2,RP11-686D22.4,0.254382853189288
ARHGAP4,ARHGAP44,0.254247911112314
FCGRT,RP11-328C8.4,0.2537888597017471
FHL2,DNAH12,0.2536630727222054
NCF1,RP11-55K13.1,0.2536247728325996
RCC2,RP3-323N1.2,0.2535878463464061
KIAA0513,KRBOX1-1,0.2535242707557431
SNAP23,CCDC81,0.2533647090284744
GSTP1,AC015971.2,0.2533314260889294
GSTP1,SNRK-AS1,0.2533117739350591
BLVRB,HCAR1,0.253211834294574
STXBP2,RP11-142C4.6,0.2531965903844451
RPL3,RP4-655J12.4,0.252991711808928
TNFSF10,SCML2,0.2529580742556198
RBM27,RP11-276E15.4,0.2529420202764641
RETSAT,RP11-722E23.2,0.2528121036057704
C6orf25,MMP1,0.2528020738723713
C5AR1,LYPD2,0.2526873068464423
UBE2F,RP11-15A1.7,0.2525260639262211
LINC00926,LHX1,0.2524654142177943
KIAA0930,ARNTL2,0.2522077360187265
CABP5,RHD,0.2521472204404957
RCE1,C11orf45,0.2520235684157492
STK11,DNAJB5,0.2519208285567116
B2M,SEZ6,0.2518801956432564
AGTRAP,DIRC3,0.2517740871263717
CTSS,GSG2,0.2517477716069022
POU2F2,FBXO30,0.2516184526981552
MPPED2,FOXE1,0.2515861007685879
RELB,FBXO30,0.2513228554974533
SHD,HCAR1,0.2513126989542316
PPBP,RHD,0.251268808069168
S100A4,RP11-787I22.3,0.251208422538401
SNORD3B-2,RP11-456K23.1,0.2511797375001121
MCUR1,MMP1,0.2510159081977017
NPC2,FKBP9,0.2509824711571216
ARHGAP4,MMP1,0.2509809549419473
GSTP1,SCML2,0.2509299260980313
TMEM176B,EPHB3,0.2508677997737208
GNG11,S100A3,0.2508623730683561
OS9,RP11-328C8.4,0.2507940720309182
XCL2,HCG20,0.2507907602240653
PTCRA,TTC39A,0.250631976853452
VIL1,RHD,0.2505971507113188
FTL,CTC-503J8.4,0.2504277449869739
GNA15,TMEM105,0.2503948280504745
HOXA10,SIAH3,0.2502598002206111
TNFRSF1B,RP3-323N1.2,0.2500446889697615
SRPK2,C1orf111,0.2498760681875213
FAM26F,CTD-2527I21.7,0.2498690969239072
PYHIN1,PDE7B,0.2498344814945482
KIFC3,RHD,0.249776500467457
MS4A1,GSG2,0.2497496996854995
IRF8,FAM225A,0.2496035149220146
TMEM205,HSPA12B,0.249578892827093
ZNF730,C19orf44,0.2495749184115179
UTP14C,BBS5,0.2493548557235887
FCER1A,S100A3,0.2493143487179485
TMEM141,RP11-118K6.3,0.2493127927581679
CTSH,PTH2,0.2490920393575446
AC078883.3,APCDD1,0.2490812662907873
CLEC10A,CXCL10,0.2489856169414871
NKAP,DIRC3,0.2489251386596674
KLRG1,CSN1S1,0.2488829607785667
TUBB1,GABRD,0.248844232491977
FES,VASN,0.2487555372127028
RPL3,LRP12,0.2487540042057443
LMNA,LINC00638,0.2486879811820909
VIM,ARHGAP44,0.2486774816432493
ZC3H13,RP11-328M4.2,0.2485622224007834
FAM193B,EPHB3,0.2484436276954341
FCRL6,RP11-118K6.3,0.2484076289242626
C1orf21,USP27X-AS1,0.2483127259275754
EIF3B,RP11-665G4.1,0.2482449646531622
S100A4,ZFHX2,0.2482298527764063
AC016586.1,CCDC81,0.2482277634637834
RHOC,CTC-523E23.1,0.2480801425857078
S100A4,RP11-420L9.5,0.2480240495183517
UBXN6,RP3-323N1.2,0.2479997367813875
BST1,RP1-86C11.7,0.2478113816763631
POU2F2,NLGN3,0.2474699969062382
TSEN54,RP11-362K14.7,0.2469337580617543
SAMHD1,RP11-456K23.1,0.2468833029907387
HLA-DPB1,CYB5R2,0.2468801025337869
KLRB1,IL17A,0.2467686285914077
SCRIB,TNS4,0.2467460359362656
ARRB1,RP1-86C11.7,0.246652073204825
MYL9,PLCD4,0.2466444141086578
ARHGAP4,ARHGEF28,0.2466224319831249
LYL1,RP11-420L9.5,0.2466188683255492
PLAC8,PDE1A,0.2465433933585576
ACTB,HSPA12B,0.2465175290934261
RPL3,DDR2,0.2464649692446421
CCR10,AC009312.1,0.2461268576740607
DTX4,RP11-456K23.1,0.2458261374925886
S100A11,ASB9,0.2457810019222531
SLC1A7,SOX13,0.2457692755045461
CDKN2D,LONRF2,0.2456278789859142
CD79B,DIRC3,0.2456246544045863
FOLR2,C11orf45,0.245613964028301
MYO1F,EPN2-AS1,0.245522685329967
S100A6,SNX24,0.2454215759665988
GRN,HCAR1,0.2453411730673901
LCN12,LHX1,0.2451161403860737
KIAA0125,APCDD1,0.2450996652395982
WDR70,RP1-86C11.7,0.2450980640772575
GPX1,PNMT,0.2449582118774685
TYMP,DNAJB5,0.2449392071249183
LYN,PDE7B,0.2448955762354107
LINC00152,MAEL,0.2448801768373022
PSAP,RP11-142C4.6,0.2448573465514745
SLA,RBL1-1,0.2446697498735737
RCE1,LINC00638,0.2446633786680746
PGRMC2,DNAJC28,0.244617488802584
C6orf25,LRP12,0.2445219247240614
ADAM15,CXCL10,0.2444186000228998
ZNF516,CCDC81,0.2443546619627629
PLAC8,KRBOX1-1,0.2443428069181802
IRF7,AC007036.6,0.2441932805577755
IL32,RP11-314A20.5,0.2439207103806929
NRROS,LRP12,0.2438037995306604
IL32,HCAR1,0.2437973935066531
PLCB2,RP11-769O8.2,0.2437547982800535
CBFA2T3,PTPRR,0.2436121956987949
CRIP2,C1orf101,0.2435993386013818
SPTBN1,WWC2-AS2,0.2434395514925013
NFKBIA,CTC-523E23.1,0.243260230579747
AKAP10,RP11-722E23.2,0.2431690308983632
FGR,CTD-2527I21.7,0.2431600183070269
CCDC153,RET,0.2430282707588527
TMEM205,SNRK-AS1,0.2429564714115107
PQLC1,IL10,0.2427508203526379
MT-CO1,CENPI,0.2426293936996533
CST3,RP11-168O16.1,0.2425222304626708
GPR141,C1orf177,0.2424617807873388
IGF2R,DIRC3,0.2424506139564062
FAM212B,TTC39A,0.2423372772984151
PGRMC2,CCDC110,0.2422134330130657
RPL34,CTC-523E23.1,0.2422015669560737
SNORD3D,S100A3,0.2421769044168542
CLU,SPTB,0.2421563879715333
FCER1G,FBXO30,0.2421332989860833
TMSB10,RP11-665G4.1,0.2419966960746166
MT-CO1,JAG2,0.2418634171049154
ODF3B,C11orf45,0.2418598584117795
VPS41,APCDD1,0.2417382581860541
CTSA,C1orf101,0.2416897854420819
S100A4,ADAM20,0.2416836768866031
TNFAIP2,AC007036.6,0.2416586729557025
TRPM4,MMP1,0.2415748082135331
SRPK2,RFX8,0.2415310455871072
PF4V1,PNMT,0.241488173142731
CD74,RP11-348N5.7,0.2414798076633289
PRSS57,SCML2,0.2412428505030876
SLC15A3,C11orf45,0.2411877837770588
RPL34,CTD-3224K15.3,0.2411456702430705
PLEK,FKBP9,0.2410758615277398
FCRL6,GPR153,0.2410034784794746
PILRA,CTC-498J12.3,0.2408767776744128
CLU,GCSAML,0.24085699973209
SYNGR1,BBS5,0.2408082410071996
AKAP13,RP11-362K14.6,0.2407446587325249
RGL2,RP11-168O16.1,0.2401469898811372
SPARC,PLCD4,0.2399429388389878
MYO9A,JAG2,0.2399366548284215
KLRB1,C11orf45,0.2399021304501285
FERMT3,FOXE1,0.2398695632957544
PPM1A,LIF,0.2397689873215903
GZMB,APCDD1,0.2397445005927822
NFKBID,ASB9,0.2396911650727594
ARHGAP4,RP11-769O8.2,0.2396446343672248
IER2,HSPA12B,0.2395989973386398
MAP1A,AC007036.6,0.2395986916678544
ENKD1,EPHB3,0.239591325703043
ZNF143,PSD3,0.2395656678008383
TLN1,SEZ6,0.2395623002146236
HIST1H1C,C15orf65,0.2394197096225834
KIF21B,CENPI,0.2392472379697058
BID,C1orf177,0.2392457889908718
ARID5A,RP11-328M4.2,0.239231240613358
DAPK1,TTC39A,0.2391786430084256
RUNX3,RP11-505P4.7,0.239170337422902
RUFY1,LINC00638,0.2391266303539511
FAM26F,NLGN3,0.2389371216611746
FTH1,CXXC4,0.2388919583160997
EPHB6,C11orf45,0.2388781126738471
MYO1E,MST1R,0.2387751179318448
TKTL1,CCDC81,0.2387406430659855
PSAP,LRP12,0.2387020065803418
CD40,MTTP,0.2384875510043084
SLC9A1,FANCE,0.2384726247895416
KLRG1,RFX8,0.2379994211895777
CTSH,RP3-323N1.2,0.2378345166387676
C7orf50,DNAJC28,0.2377524544175958
ARHGAP35,ARNTL2,0.2377343001131752
WASF2,SOX13,0.2376540115317661
GNLY,C11orf45,0.237634637415793
MT-ND2,HBA2,0.2375724651472
HLA-DRB1,JAG2,0.2375343463783398
TTC38,HBA2,0.2374766231661919
MT-ND2,CYP46A1,0.2373790075795318
SH3BP2,ZNF572,0.2373535557303493
ANXA2,LYPD2,0.2373469623168256
TNFSF13B,WFDC3,0.2373439454390691
ACTB,SPTB,0.2371902177925885
MYO1F,ADAM20,0.2368055195716489
IFITM3,SCML2,0.2366480264290189
AP001816.1,RP3-323N1.2,0.2365257077306495
AP001189.4,RP11-15A1.7,0.2364141276548159
MIDN,IQSEC3,0.2362868515260957
EFHD2,RP11-328C8.4,0.2361133135966248
SLC31A2,RGS9BP,0.2360948671768212
LYL1,RP11-55K13.1,0.2360416027444267
NRIP3,PTH2,0.2360280879570339
OAZ1,RP11-362K14.6,0.2360218424149539
SIK3,CCDC81,0.2359912515852669
GAS2L1,RP11-15A1.7,0.2358419392813258
CD72,RP1-122O8.7,0.2354146754733316
MBP,RP11-722E23.2,0.2352524226186823
CX3CR1,CTRC,0.2349570076014206
PRF1,ARHGAP44,0.234943917690377
IQGAP1,LINC00638,0.2348824526107364
SLC15A3,AMZ1,0.2348712837753799
IQGAP2,PDE7B,0.234843123845367
C11orf68,RP11-362K14.7,0.2346339073095111
IER2,DIRC3,0.2345322973655659
S100A8,RP11-314A20.5,0.2345269090523589
SELP,GABRD,0.2345162999392699
CTSZ,RP11-269M20.3,0.2345071108341981
PASK,XX-FW83128A1.2,0.234309801195074
PFN1,DNAJB5,0.234300153546329
MT-ND2,COL1A1,0.2342996102097816
RCE1,HM13-AS1,0.2342860000148706
MT-ND2,RP11-269M20.3,0.234224620636436
IFITM2,RP4-677H15.4,0.2341916507362952
IRS2,RP11-314A20.5,0.2341495071962151
SFSWAP,TTC39A,0.2341009983220288
NEAT1,DNAH12,0.2340647968622655
HLA-C,EPAS1,0.2337996237980648
MT-CO1,RP11-269M20.3,0.2336311844046867
SYNGR1,RP11-769O8.2,0.2333547096604686
PTGDR,CTRC,0.2333141839672253
POU2F2,ARNTL2,0.2331990119962858
ERBB2,AC140481.2,0.2331687678782192
PLEK,RHD,0.2331247744519212
F2R,LRP12,0.2330300642815159
RP11-401F2.3,KRBOX1-1,0.2330064842678019
FTH1,CCDC110,0.2329977655790978
LGALS1,GJC2,0.2328908666090082
EIF3B,RP11-196O16.1,0.2326893605052237
MALAT1,CXCL10,0.2325845070233121
CD97,RP11-314A20.5,0.2323280364616524
LDLR,ZFHX2,0.2323131255838217
DAPP1,AMZ1,0.2321778203509015
ALDH2,RP11-348N5.7,0.2320177136204899
CDKN1A,CXCL10,0.2318573726723345
ARID5A,C1orf101,0.231844927461571
HLA-DQA2,TNS4,0.2313727464750356
FLNA,RP11-276E15.4,0.2313594616808647
ACTB,CCDC110,0.2312884884118518
RP11-191L17.1,CTD-3194G12.2,0.2311366673142339
CDKN2D,RP1-261D10.2,0.2309865792874417
IL32,TNS4,0.23095955131815
HLA-C,SEZ6,0.2309225878742443
HIST1H1C,PDE1A,0.2307951370386003
SPI1,PNMT,0.2307673835261154
ICAM5,LYPD2,0.2307190170758311
PTCRA,MAEL,0.2306092592149859
DMTN,MTTP,0.2306085339168994
PTX3,ELMOD1,0.2305481372503732
IGSF6,HCAR1,0.2305175804161069
ANXA2,RP11-15A1.7,0.2304222785211957
LGALS1,RP11-122G18.5,0.2302047638852043
RP11-442N24__B.1,RP11-142C4.6,0.2301881940513318
EIF4EBP1,RP11-328M4.2,0.2301502059256333
COTL1,CTD-3224K15.3,0.2301354833145894
TNFRSF1A,AF131215.5,0.2298684760044268
IL32,CENPI,0.2298593961832118
DOCK2,C2orf48,0.2297795523157874
C14orf164,GCSAML,0.2297642350722559
S100A12,EPHB3,0.2297265479448312
C12orf75,AC007036.6,0.2297229595690103
SNORD3D,DNAJB5,0.2296375805066571
CCL4,CLDN22,0.2295932375237939
CXorf21,S100A3,0.2294730529012975
SLC9A1,MAEL,0.2294580024248637
OAZ1,XX-FW83128A1.2,0.2293580540894345
TMEM141,RP11-423C15.3,0.22933622362843
RP11-572O17.1,KCNK5,0.2293140913650615
IER5,RP11-118K6.3,0.2293017599724539
BIRC6,RP11-314A20.5,0.2291496195311578
TMEM140,RP3-323N1.2,0.2291154701339329
PRTFDC1,LRP12,0.2290845144056234
MYL6,VASN,0.2289564586183526
RNF19A,TRIM54,0.2289349108159839
FCER1A,RP1-86C11.7,0.2289336880343019
EP400NL,MAEL,0.2288503497504194
COTL1,PDE1A,0.2286845583117273
MFSD12,CYP46A1,0.2285499811912866
MT-CO1,RP11-787I22.3,0.2285077042780534
RETN,CYB5R2,0.2284031430112125
TBXAS1,LRP12,0.2283927660076176
ETV6,RP11-665G4.1,0.2282778886200838
ITGAL,AFAP1L1,0.2282582570005981
CABP5,PNMT,0.2281725992368914
EIF4G3,RHD,0.2280194442048317
PGRMC2,CXXC4,0.227949749989046
LYZ,CGN,0.2279181325291344
IGSF6,SNX24,0.2277009597078119
MESDC2,RIPK4,0.227582678745472
TPM4,RP4-677H15.4,0.2274045178114482
GNLY,DDR2,0.2273341011064583
CXCR3,RP1-86C11.7,0.2271852403835254
P2RX5,ARHGAP44,0.2271163956732421
FERMT3,XX-FW83128A1.2,0.227077152384673
IER2,CTD-2619J13.3,0.2270346537256976
TNRC18,USP27X-AS1,0.2269652839359718
PRF1,EPHB3,0.2269444747668529
GAK,ARNTL2,0.2268991625690616
TACC1,C19orf44,0.2267802796734548
CAHM,SCML2,0.2263381727846805
ANG,RP11-722E23.2,0.226300811200954
TMEM141,FZD8,0.2262584679318227
GNAI2,GPR153,0.2262444712485954
SYK,RP11-456K23.1,0.2262325257093584
LST1,RP11-168O16.1,0.2261263375647603
HLA-DQA2,GPR153,0.2260367297910551
C19orf38,EPHB3,0.2260131093990525
RPLP1,TRIM54,0.2259647180941829
HLA-C,CYB5R2,0.2258887846985001
MSRB1,RP11-456K23.1,0.225754619036489
ACTB,CTD-3224K15.3,0.2256719278517936
PEAR1,DNAH12,0.2256655870877475
FGFBP2,C1orf177,0.2256417719958895
ZCCHC17,JAG2,0.2255056873203816
TBXAS1,LINC00638,0.2254163679364912
ABI3,RHOV,0.2253812579181394
TLN1,GABRD,0.2253669098857877
TPP1,RP11-55K13.1,0.2252296342002653
MT-ND1,C19orf44,0.2251416574306848
WBP2,ACKR2,0.2251200638164197
C19orf83,NLGN3,0.2250793428387776
PRCD,RP11-106M3.3,0.2250075940751016
RP9,NODAL,0.2249590360092067
BATF,CENPI,0.2247834301046657
MAFG,DNAJB5,0.2247171942934103
FAM212B-AS1,GABRD,0.2246235919889259
DUSP2,EPHB3,0.224595060446052
PFN1,DCLRE1A,0.2243467354998673
ERBB2,RP11-769O8.2,0.2242414263168472
C14orf80,CTRC,0.224041634999779
BIRC3,RIPK4,0.2238281023487034
S100A6,C1orf177,0.2237572814731398
NT5C3A,AC016738.4,0.2237557555792068
BLNK,RP11-276E15.4,0.2235822887113417
SYK,S100A3,0.223554028510585
PLBD1,C11orf45,0.2233774157614693
KLRD1,CTRC,0.2233219352259278
UBE2F,ZFHX2,0.2233074042495446
PDE5A,MAEL,0.2232581790308004
NFKBIA,TRIM54,0.2232180005716099
ATG2A,C11orf45,0.2232033223722367
PARD3,SNX24,0.2231852805530606
ATF5,RP11-420L9.5,0.2231797909308236
FHL3,CTD-2192J16.26,0.2230661229605781
VIM,C1orf177,0.2230623366715793
HVCN1,MTTP,0.2230053063906121
WBP2,WWC2-AS2,0.2230032719927421
FOS,RGS9BP,0.2229598777828219
SEC16A,RP11-456K23.1,0.2229240127275069
ULK1,SOX13,0.222762113185953
COTL1,EPHB3,0.2227618463339568
TLK1,CXXC4,0.2226442228392547
PPIP5K1,AC140481.2,0.222592138630817
SERPINE1,GABRD,0.2225779376435273
MT-ATP6,SPTB,0.2224842016491615
H1FX,CTD-2192J16.26,0.222314368961022
CRIP2,RP11-269M20.3,0.2222241254065473
CWC25,FBXO30,0.2221989036805029
IL32,HCG20,0.2221697570603598
HLA-A,HM13-AS1,0.2221370247250612
TYMP,C11orf45,0.2220659730274826
NFE2,DNAH12,0.2219731770891319
PFN1,CENPI,0.2216908771121371
NCOA4,C1orf101,0.2216087054732353
KIAA0226L,RP11-314C16.1,0.2215918916480376
CD8A,NLGN3,0.2215446961807992
DENND4C,DNAH12,0.2215146558314209
MTPN,ACKR2,0.2214850684583315
ASAP2,EPHB3,0.2214503724217702
CD68,RP11-15A1.7,0.2213731868110737
HLA-DRB5,ESPL1,0.2212986387598456
IL4R,RP11-314C16.1,0.2212909419473701
PDCD7,IQSEC3,0.2211804510732527
CD7,RP11-524F11.2,0.2211436638166241
ANKRD13D,ACKR2,0.2211347195329973
CCNK,LINC00951,0.221043881547987
RP11-305L7.1,SNRK-AS1,0.2210364004934324
APLP2,MPP4,0.2209938194641011
LIMS1,CTD-2081C10.7,0.220867465836498
KLF6,CTRC,0.2208625737105289
CTD-2514K5.2,RP11-420L9.5,0.2207247689003929
CAPN12,LINC00638,0.2204683088397823
TYROBP,FOXE1,0.220459876432658
IMPA2,RP11-15A1.7,0.2204339897745942
MIDN,GRIN2D,0.2203860037015043
ARHGAP4,RP3-323N1.2,0.2203080071058102
TBC1D20,RP11-816J6.3,0.2202344835821319
S1PR5,SIAH3,0.2202073597214246
LTB,DIRC3,0.2201098828441018
GPX1,VASN,0.2200673114898246
HLA-DQA2,LRP12,0.2200593259939523
NXF1,RP11-167N5.5,0.2199678053069362
MT-ATP6,AGAP9,0.219935686815949
MIR142,IL10,0.2199042395733173
RNF130,SNX24,0.2198613732771285
PTGES3L,WFDC3,0.2197480375252234
TYROBP,RP11-665G4.1,0.2197309582199959
TUBB4B,KCNK5,0.2196677375970844
GZMA,KRBOX1-1,0.2196552730364227
VAV3,AF131215.5,0.2195632961184995
C7orf50,RP11-276E15.4,0.2195454865756939
SH2D2A,RP11-816J6.3,0.2193213481811081
RP11-960L18.1,RP11-269M20.3,0.2193025971119347
HEG1,CTD-2619J13.3,0.2190557450495027
ACTN1,PNMT,0.2188184224784152
TPST2,CCR8,0.2188122471235539
CD151,MAEL,0.2187839505606642
STX3,CTD-2192J16.26,0.2186271071138971
MYO9B,AC079354.5,0.2185971296248719
CPVL,KCNK5,0.2184802499854285
CTSW,NLGN3,0.218387273593056
YWHAH,SCML2,0.2183672023570003
ANKRD11,RP11-325I22.2,0.2183472548300566
XPNPEP1,SIAH3,0.2182160029974296
CELF1,RP11-505P4.7,0.2182133430838669
GPX1,AC068282.3,0.2182130962790165
B2M,IQSEC3,0.218210844564004
HLA-DRB5,RP11-328M4.2,0.2181020512776678
GPX1,RP11-168O16.1,0.2180930996056705
CCL5,EPAS1,0.2180054751393903
FCRL6,PTPRR,0.2178977475573414
SPTBN1,BMP6,0.2178245112434749
MYL6,C19orf44,0.2175341292159293
HLA-DMA,SCML2,0.2174200865459439
VIM,AC140481.2,0.2173335878103471
TNFRSF17,APCDD1,0.2173065085681071
MYCBP2,CENPI,0.2172780450690585
LY6G6F,MAEL,0.2171125173328431
DENND4B,RP11-314C16.1,0.217052633201751
NPC1,RP11-722E23.2,0.2169286193845978
CLEC4C,PNMT,0.2168739053818451
CYB561A3,ARNTL2,0.216724290493562
STAG3,SCML2,0.2164071245923518
TNNI3,RHD,0.2163934425936627
CD151,RP11-722E23.2,0.2162651915176479
S100A4,C11orf45,0.2161761708688714
TSPAN13,ZNF572,0.2160073658392201
FLJ27365,VNN3,0.2159969333645116
GPR56,CXXC4,0.2158542459036345
NFKBIA,WFDC3,0.2156937056969659
CST3,FBXO30,0.2156071266415477
RTN2,CTD-2081C10.7,0.2154542033217583
CCDC24,PTPRR,0.2154356936161068
NEAT1,C2orf48,0.2154302919388114
TSPAN2,GPR153,0.2152497769389683
NCOA4,AF131215.5,0.2151970455442381
IFITM2,RP11-106M3.3,0.2151659247729739
RUNX3,C2orf48,0.2151009027026366
SMPD3,HCAR1,0.2150410699682146
C19orf59,DNAJB5,0.214981853788274
GRN,LRP12,0.2149639092884859
FCGR3A,CTD-2619J13.3,0.2149384130202059
CD97,FKBP9,0.2149113273763143
PHRF1,ACKR2,0.2148693208850183
CD74,SNX24,0.21457268067138
TMSB10,MPP4,0.2145158396143728
NCOA4,HSPA12B,0.21427738778715
CHD6,LINC00638,0.2141132179601409
FTL,FAM47E,0.2140108833203647
TMSB10,DNAJB5,0.2139724633932862
AP000476.1,C15orf65,0.2139209849448971
MAX,RIPK4,0.213890901152973
RPLP1,LYPD2,0.2137741799000028
FTH1,RP11-276E15.4,0.2134178982907572
HTT,IL10,0.2134118331274934
ILK,AC016738.4,0.2133315569338281
FTL,C2orf48,0.2133190115989617
DUSP2,CTD-3224K15.3,0.213317943926161
GSTO1,RP11-15A1.7,0.2132187344096078
ANPEP,C11orf45,0.2131670365155323
KLRB1,RP11-722E23.2,0.2131598200581255
ZBTB16,C19orf44,0.2130715361783754
FAM212A,RP1-86C11.7,0.2130664011357113
FERMT3,LRP12,0.2130332003272397
IL32,CCDC110,0.2130310403444275
STMN1,AC140481.2,0.2130086494092046
C19orf40,VSTM2B,0.2129985218229028
RPF2,RP11-15A1.7,0.2129605835186734
CCDC88B,CENPI,0.2128388909065158
PACSIN2,C11orf45,0.2127974714359925
ANKRD13D,RP4-677H15.4,0.2126181528207667
RPL34,VASN,0.2125074264229163
HDGF,S100A3,0.2124719989066626
HLA-A,NLGN3,0.2124674383713571
GPR56,CTRC,0.2124628130327956
BACH1,RP11-122G18.5,0.2124122375427705
VIM,LRP12,0.2124018701407427
HLA-A,GABRD,0.2121784582290524
DNAJC5,EPHB3,0.2121752900923553
AOAH,C1orf101,0.2121348959015561
C12orf75,COL1A1,0.2120066276924376
KLF16,CTRC,0.2118844056107162
NIN,RP11-348N5.7,0.2117814463150069
NPC2,DDR2,0.2117725457718115
CSRNP1,ZFHX2,0.2117316039214815
GRAP2,UNC13A,0.2116436494825938
EGFL7,RP1-86C11.7,0.2116187687872283
TMEM41B,CTD-2081C10.7,0.2116153720403347
ZCCHC12,PLCD4,0.2115740979004398
SCGB1C1,PLCD4,0.2115319389267908
MT-CO1,CSN1S1,0.2114097958685489
NKG7,RP11-722E23.2,0.2112838533776948
RGS2,MPP4,0.2112239894210646
ZMYND8,RP11-524F11.2,0.2111825290861675
LIMS1,RP11-420L9.5,0.2108629930176473
FTL,HCAR1,0.2107867158860259
MYO1F,RP11-423C15.3,0.2107322799367217
IL32,RP11-122G18.5,0.2106754505504127
MYEOV,SPTB,0.2105455807570722
SELPLG,CTC-503J8.4,0.2103663661159794
ITGAM,DNAH12,0.2103503459208896
STON2,GABRD,0.2102517678842181
NGFRAP1,C1orf101,0.2102219409802071
AC078883.3,DNAH12,0.210166071011946
PFN1,AFAP1L1,0.2100708148148335
TUBA4A,RIPK4,0.2098731497875762
BCL2L1,FZD8,0.2098656758484455
SELPLG,LINC00951,0.2097692990469274
ODF3B,CTD-3224K15.3,0.2096282381526259
RP11-572O17.1,CTD-2527I21.7,0.209555210526332
FGFBP2,RP11-314A20.5,0.2094704947703262
GLIPR1,FANCE,0.2094122317960488
PKIG,GCSAML,0.2091794485287156
CHD8,CTC-498J12.3,0.2091588169004752
CD7,RP3-323N1.2,0.2089838128019625
PGPEP1,CSN1S1,0.2089746644710706
MT-ND1,ZNF572,0.2089601664430239
VPREB3,RP11-142C4.6,0.2088863438078108
PTPLAD1,SCML2,0.2088529194858176
MT-ND2,RHD,0.2088464117744595
JOSD2,DNAJB5,0.2088278343049037
ATG2A,IQSEC3,0.2086381635632662
SRPK2,CCR8,0.2086230643616608
LYAR,FAM47E-STBD1-1,0.208563176976629
ITGAL,KCNK5,0.208552092196056
TSC22D1,TNS4,0.2084959431068592
KLRG1,CTD-2192J16.26,0.2084466791607493
TMCO3,RP11-362K14.6,0.2082534971297909
SENP3,RP11-362K14.7,0.2082096249717039
HEBP2,TRIM54,0.2081018407135723
MT-CO1,DDR2,0.2079708595250515
IFITM2,CCDC110,0.2077410367069598
ERI2,MTBP,0.2076677682864716
SUGP2,MST1R,0.2075864885452993
CAPNS1,PSD3,0.2075857398136167
TMSB4X,AC009312.1,0.2075153814941573
ASCL2,FOXE1,0.2075117912529296
GAS7,CTD-2619J13.3,0.2074924813252147
ODF3B,GJC2,0.2074776513031534
TMCO3,EPHB3,0.2074467212396837
TMEM8B,TTC39A,0.2073375879264572
SAMHD1,MTBP,0.2072627912724908
PLAUR,CYP46A1,0.2072315392044632
PTGER2,RBL1-1,0.2071215097268406
RPL3,PDE7B,0.2070962338528015
RPL34,LINC00638,0.2069982699782996
KIF2A,GABRD,0.2069928393715074
LGALS1,GPR153,0.2069849585539482
PTGIR,GABRD,0.2068644373833355
LINC00936,EPHB3,0.2068030178264712
MT-ND2,LHX1,0.2067914499856742
GMNN,SOX13,0.2067191202530415
CCR10,CENPI,0.2067001780719733
HLA-DQB1,C19orf44,0.2066879508125536
GLIPR2,CTRC,0.2066860535602911
TMEM91,RHD,0.2066601066024883
MYOM2,CCDC81,0.2066086121648308
NFE2,LRP12,0.2065015215280078
ALOX5AP,RP11-314A20.5,0.2064983808815979
DBT,COL1A1,0.2064826403359744
PLEK,RP11-325I22.2,0.2064046451147704
GAB1,LYPD2,0.2062791936252034
JAKMIP2,MST1R,0.2062697102261402
THAP6,FOXE1,0.2061072431828338
RP11-572O17.1,ZFHX2,0.2060351735145107
TBC1D20,RP11-456K23.1,0.2059653670450589
DNAJC1,RP11-168O16.1,0.2059116460179647
LGALS1,RHD,0.2058515253106709
DNAAF3,SLC35D3,0.2056912109640017
RPPH1,CTD-2192J16.26,0.2056570408628334
SYNE2,WFDC3,0.2055089108626064
S100B,RP11-524F11.2,0.2054643464458525
S100B,LINC00638,0.2054498677497704
TCF4,TTC39A,0.2054444723483539
TYMP,FBXO30,0.2053650628044082
TMSB4X,SEZ6,0.205342862120522
C11orf83,C11orf45,0.2053064032155256
TREM1,SEZ6,0.2052599910706106
SPI1,LYPD2,0.2051846923588067
FAM20C,RP11-524F11.2,0.2051309123648966
IER3,ARHGAP44,0.2050725623837522
LINC00152,PAPL,0.2049658616608081
DAPP1,RP11-15A1.7,0.2048184366531563
ITPR2,CYP46A1,0.2048161631699435
DENND1B,DNAJB5,0.20467216041189
RBM27,RIPK4,0.2045971777429693
SLC10A3,RBL1-1,0.2045353438456571
RP11-490O6.2,AC068282.3,0.2045212415232331
GZMB,GPR153,0.2044831480817038
ARMC7,DCLRE1A,0.2044393316286632
PGGT1B,RP11-816J6.3,0.2043943318808007
JAM2,FBXO30,0.2043708041196771
KIF2A,RP11-15A1.7,0.2042890400735199
MT-ND2,LYPD2,0.2042386776840958
MYL6,CCDC81,0.2041769763928533
RRBP1,C19orf44,0.2041115296103337
TNFRSF1B,CCDC81,0.2039786030708342
PDZK1IP1,GABRD,0.2038177705735785
ZBTB34,CTC-523E23.1,0.2037850527460515
hsa-mir-1199,BMP6,0.2037480413536463
C6orf25,RHD,0.203720779504459
CWC25,RP11-414H17.5,0.2036882448195769
OAZ1,RIPK4,0.2036448318510917
FLNA,AC140481.2,0.2035807493117637
TIMP1,RP4-677H15.4,0.2035774964345458
KIR3DL2,AC015969.3,0.20357653872872
RPL34,C19orf44,0.2035457290199097
JUN,CGN,0.2033907708712793
SPARC,SPTB,0.2032809140610904
GSTP1,PAPL,0.2032311895892111
HLA-C,AGAP9,0.2032182118237657
SYNE2,JAG2,0.2030360037806548
RALBP1,RP11-423C15.3,0.2029017503387117
SH2D1B,RP11-325I22.2,0.2028001329373578
PRTFDC1,RP11-142C4.6,0.2027140509503045
ARHGAP10,CGN,0.2026995932424966
FTH1,NLGN3,0.2026438724756871
CTD-2035E11.3,SOX13,0.2026054097683787
NMUR1,CSN1S1,0.2025959226801444
CD8B,RP11-328C8.4,0.2025600546329267
CYB561A3,RP11-546M21.6,0.2024840230917362
CD97,ESPL1,0.2022379872539198
B2M,SCML2,0.2022378621981601
RP11-672A2.4,MMP1,0.2018632016841571
UPK3A,DNAJB5,0.2017448773566469
HBA1,SPTB,0.2016942545530878
MZB1,CYP46A1,0.2016877053088443
LRCH3,AF131215.5,0.2015946581256247
PLXNB2,APCDD1,0.201569943390594
RP11-638I8.1,RP11-456K23.1,0.2014747123827996
IL32,CTRC,0.2014715318449896
MT-ATP6,RIPK4,0.2014459240018259
TUBB4B,RHD,0.2014341819538767
RP11-983P16.4,VSTM2B,0.2014277909121488
BIRC3,IQSEC3,0.2013594890970368
CST7,RHD,0.2013322394431054
DUSP1,JAG2,0.201289872532695
UBR4,GYPE,0.2012748635884556
IGF2BP2,DNAH12,0.2012511381859222
CAPNS1,CTD-2619J13.3,0.2012230925923508
IER2,CCDC110,0.2011120837285304
TFEB,LYPD2,0.2011092460687795
RSU1,HCG20,0.2010838394521055
TAL1,GCSAML,0.2010758800286258
CHST13,GPR153,0.2010112192900959
CD300A,RP11-348N5.7,0.2010063423532123
TMSB10,C1orf101,0.2010018822971135
ANKRD13D,ZFHX2,0.2007403627752216
RP11-479G22.8,AF131215.5,0.2007336919472166
SNAI3,C11orf45,0.2006393800195282
AKNA,RP11-54O7.1,0.2005887477123034
SAT1,RP11-665G4.1,0.2005369846280847
MT-ATP6,RBL1-1,0.200465090500564
CTNNA1,RP11-142C4.6,0.2004473043929248
PTPN18,CCR8,0.2003816336396418
VTI1B,GCSAML,0.2002861593578341
GZMB,RP11-225B17.2,0.2001626702809337
PPP2R2B,IL17A,0.2001034194289117
ZNF264,C2orf48,0.2000010221749475
CST3,CLDN23,0.1999422348613834
CTTN,DCLRE1A,0.1999370720606082
ACTB,CGN,0.1998809152598806
RP11-367G6.3,VSTM2B,0.1997669092527368
CTSA,LRP12,0.1997133820231429
UBXN6,KCNK5,0.1996031172066941
MYL6,RP11-665G4.1,0.1995408188884214
HLA-C,CTD-3194G12.2,0.1994945905570296
MALAT1,RIPK4,0.1993453261828024
CAST,ZNF572,0.199339045764599
NGFRAP1,ADAM20,0.1993162749141501
MYO6,FAM47E-STBD1-1,0.1992495059820832
ZC3H13,CTD-2192J16.26,0.1992407519010381
GLIPR2,C1orf111,0.1990835573859307
S100A4,RP11-275I4.1,0.1990613558994996
CD40,C15orf65,0.1989235734314034
CARS2,MPP4,0.198796893875281
GSTP1,PTPRR,0.1987292093965823
DENND4C,RP11-275I4.1,0.1986893633812028
HLA-C,C11orf45,0.1986321756961015
IRAK1,C11orf45,0.198444746490619
MT-ATP6,RP11-328M4.2,0.198441464727242
NAGA,TTC39A,0.1984330367815
LYZ,SNRK-AS1,0.1982660989364671
JUN,C11orf45,0.1982488569264891
MYL6,GPR153,0.1981266443524139
PREX1,TNS4,0.1981015349611274
hsa-mir-1199,DNAH12,0.1979376335279843
TBC1D20,LRP12,0.1978991234969797
RALBP1,LHX1,0.1978867527301284
RPL34,DNAJB5,0.1977301543016633
HLA-DRB5,HCAR1,0.1976763945233499
CCL4L1,RP11-196O16.1,0.1975693316266572
IL17RA,ELMOD1,0.1975377169367142
ABCC3,SNX24,0.1975290862306715
MT-ND2,SCML2,0.1975086075775046
AHNAK,EPHB3,0.1975024784077328
GALNT2,GPR153,0.1974808510594383
VIM,JAG2,0.1974435815002533
TMSB4X,AC140481.2,0.1974330110573413
RP5-887A10.1,AC007036.6,0.1974099245456015
VIM,RP1-261D10.2,0.19735355878246
ACRBP,RP11-423C15.3,0.196960582618527
SETD5-AS1,AC068282.3,0.1965991780518504
CELF1,FAM47E,0.196580762777303
GNGT2,AMZ1,0.1965749400167792
HCK,RP11-665G4.1,0.1965404580532184
MIR181A2HG,CTC-503J8.4,0.1965227351866124
HLA-C,GPR153,0.1964852278717413
CMTM5,AC068282.3,0.1963905513544668
PTGER2,RP11-362K14.6,0.1963532972889249
R3HDM2,MTBP,0.196306089891282
DBT,RP11-54O7.1,0.196222775776252
SYTL3,RP3-323N1.2,0.1962025434576626
ARID5B,CTD-2527I21.7,0.1961072942038144
HLA-A,RP11-122G18.5,0.1960742587765381
GOLGA3,RP11-665G4.1,0.196002186359214
ZCCHC17,GPR153,0.1958981462919223
CD97,LINC00951,0.1958612167039526
CFP,LYPD2,0.1957428233441037
RPL3,LINC00951,0.1956651630921972
GCHFR,CTD-2527I21.7,0.1955749206182856
LAG3,TNS4,0.1954299980380174
MMD,DNAH12,0.195389475882153
ATF6,AC016738.4,0.1953798699117852
KIF22,UNC13A,0.1953588704299067
hsa-mir-8072,DNAJC28,0.1953471230014986
S100A6,C19orf44,0.1952831236669022
ZBTB34,SCML2,0.1951246859905133
MESDC2,GYPE,0.1950111386145183
HLA-A,RHOV,0.1948284397325254
GLIPR1,SNRK-AS1,0.1948267802068597
POU5F2,RP11-142C4.6,0.1947511094109481
RPP25L,CTC-503J8.4,0.1947034556968468
B2M,AL049829.1,0.1946885649959403
VIM,AGAP9,0.1946737550372509
USP46,CAPN9,0.1946662160134171
RPLP1,LAMB3,0.1945924685914894
HLA-C,MST1R,0.1943652341228346
HIST1H2BF,MPP4,0.1942319574172888
CCDC50,GPR153,0.194149381233849
TLR2,SNX24,0.1940963731509759
SAMHD1,RP11-196O16.1,0.1938141001319472
WBP2,PNMT,0.1936922942431048
GZMA,CLDN22,0.193679142942479
RYK,CLDN22,0.1936632280681715
HLA-A,DDR2,0.1935616788443805
MATK,MTBP,0.1933862632984976
ANKIB1,LYPD2,0.1933445954575259
FTH1,RP11-665G4.1,0.1932769865482854
NGFRAP1,RP11-168O16.1,0.1931595675447737
BLK,RHD,0.1931352726352045
IER2,LONRF2,0.1931255598293574
MYL6,RP11-55K13.1,0.1931249477075247
PASK,RBL1-1,0.1930796761846532
MFSD1,RP11-314C16.1,0.1928722757569461
TRAPPC3L,RP11-15A1.7,0.1928350843324942
WASF3,RHD,0.1926361098573797
KIF22,SOX13,0.1924947454714251
UBE2V2,TRIM54,0.1923001456677855
CD163,RP11-29H23.4,0.1922116829385965
GIMAP8,CTD-2527I21.7,0.1922110875827621
TPST2,HCAR1,0.1920307002624628
LIMS1,HM13-AS1,0.1919869142481616
FTL,RP11-314C16.1,0.191925088779281
MYL6,GABRD,0.1919035242571737
CATSPER1,VASN,0.1918459134761946
KLF6,PTH2,0.1917938758762359
ZNF143,CLDN23,0.1917739361524535
FCER2,GYPE,0.1917697804608348
ITGA2B,RHD,0.1916730472027751
CDC42EP3,KCNK5,0.1916531087376829
TPM1,CAPN9,0.1916009493594723
TUBB1,RP11-15A1.7,0.1915451399093717
HLA-A,FZD8,0.1914956216249535
BLVRB,KCNK5,0.1914202794039104
SPON2,RP11-168O16.1,0.1913867841913614
CRIP2,CXXC4,0.191365571810455
PILRA,EPHB3,0.1913086813665339
RP5-1159O4.2,RP11-524F11.2,0.1912731260209302
CFP,RP11-196O16.1,0.1912708816212443
MT-ATP6,USP27X-AS1,0.1912177637432635
ITGAX,RP11-325I22.2,0.191187258699774
CEBPD,AP3B2,0.1911540206080657
FOS,CTD-2619J13.3,0.1910305317423454
RP5-1028K7.2,FBXO30,0.1909781831655785
RP11-583F2.5,FANCE,0.1909325166845065
HLA-DPB1,APCDD1,0.1908175123339055
SAT1,AC000068.5,0.1903447070403692
PTPN11,RP11-328C8.4,0.190303123813868
NPC2,LAMB3,0.1902921958114532
FTL,RIPK4,0.1902087413115818
MARCH2,RP11-816J6.3,0.1901476730689386
IL32,MPP4,0.1901408535686133
CLUH,ZFHX2,0.1900983252915467
PTTG1,IL17A,0.1900222192231445
PTCRA,BMP6,0.1900022982624702
ODC1,RP11-314C16.1,0.1899960052913176
FBXW11,FOXE1,0.1898519482872837
DAB2,RP11-769O8.2,0.1897373418893886
FAXDC2,BMP6,0.1897183911248343
ATF6,DDR2,0.1896497959503548
SMPD3,RP11-456K23.1,0.1896493319420814
RALGPS2,RP11-787I22.3,0.1895175134132463
CATSPER2,PTPRR,0.1894914780563181
TACC1,PDE1A,0.1894237663186189
LAT2,CCDC81,0.1894235322504688
LAT2,C19orf44,0.1893852602286152
ZCCHC17,RP11-328M4.2,0.1893814010527295
CORO1C,BMP6,0.1891839517449161
MALAT1,TMEM105,0.1890489458883899
HLA-A,SNRK-AS1,0.1889813078938682
MALAT1,AMZ1,0.1889791848049943
RP11-61J19.4,RBL1-1,0.1889689886243312
TIMP1,AC140481.2,0.1888492151049605
ADAR,SNRK-AS1,0.1886528984358368
NIN,CYP46A1,0.1885462453305727
MALAT1,RP11-456K23.1,0.1885259971507165
PMAIP1,TRIM54,0.1884733727681722
DMTN,RHD,0.1882907030247532
MYL9,MMP1,0.1882839027119831
MAP3K3,NODAL,0.1882829466211146
SFXN5,RP11-348N5.7,0.1882063357213131
LIMK2,SOX13,0.1880507294926006
CD8B,LAMB3,0.1879197807869762
LILRB2,FAM225A,0.1878674820807323
SLA,CTD-2620I22.7,0.1878590044266329
HLA-A,LINC00638,0.1878130900344462
ITGB5,DNAH12,0.1876957835177347
CAST,RP11-325I22.2,0.1876588598804797
TRIP10,CYP46A1,0.187604835650678
G0S2,PNMT,0.1875995501925005
AL022344.7,BMP6,0.1875660416205688
BLNK,RP11-29H23.4,0.1874224174374959
ODF3B,AC000068.5,0.187420170943825
CLIC3,VASN,0.1872951276280334
GSTP1,AC068282.3,0.1872560825153101
S100A4,SEZ6,0.1871934400712
MAML3,RP11-168O16.1,0.1871667800682912
TUBA4A,AL049829.1,0.187053705598451
GNLY,CTRC,0.1870335341387957
CTSW,RP11-54O7.1,0.1869103048061504
KLRF1,RP11-325I22.2,0.1868470861672872
NMB,ACKR2,0.1867726578419394
IFI30,AP3B2,0.1867289197863131
NRROS,VNN3,0.1866903396989113
PMAIP1,RP11-29H23.4,0.1866116659310333
ALOX5AP,TTC39A,0.1865412475535541
S100A9,CXCL10,0.1865408808184632
ACTB,LYPD2,0.1864545158751243
MALAT1,VASN,0.186387418453357
NT5C3A,DCLRE1A,0.1862829846912912
OAZ1,CASC2,0.1861874637771742
C2orf88,GCSAML,0.1859891858044299
WASF2,AF131215.5,0.1859688912748116
SLA,HCAR1,0.1859218867727853
S100A6,IL10,0.1858929802045692
SEPT5,RP11-15A1.7,0.1857549556444347
OXTR,RHD,0.1856241713684217
SPON2,GPR153,0.185567702069752
CD79A,RP11-29H23.4,0.1855164447311665
CAST,RBL1-1,0.1854653604034779
H1F0,RGS9BP,0.1854426749319835
NKG7,RP11-423C15.3,0.1854345350594134
JOSD2,DCLRE1A,0.1854118954624169
CTD-2035E11.3,CXXC4,0.1853835178506039
YBX3,RP1-86C11.7,0.1853399515931206
RPAP3,LYPD2,0.1852827395132278
B2M,CGN,0.1852809869368902
NKAP,CAPN9,0.1852316036990531
TNFRSF10D,FAM47E,0.1851830545000161
CMTM5,DCLRE1A,0.185164388224909
FAM109A,BMP6,0.1851569128207731
HLA-DPA1,C19orf44,0.1851225609902737
HDAC6,RP11-325I22.2,0.1849755366444742
CTSS,RP11-414H17.5,0.184968149669906
DHX38,RP11-348N5.7,0.1847047420642588
FTH1,AC068282.3,0.1846866196698679
SCFD2,DDR2,0.1846427804475205
PPP1R14A,MAEL,0.1846110868233643
AL022341.3,MTBP,0.1845537772579793
ACTB,RHD,0.1845437180414844
ZNF593,RP11-269M20.3,0.1844869843501779
SETD5-AS1,LAMB3,0.1844310531392568
PFN1,HCAR1,0.1843842198743108
PYCARD,CTD-3224K15.3,0.184351916823218
RPLP1,ZFHX2,0.1843171253175522
PMAIP1,STRIP2,0.1842598850389167
KIAA1109,DNAH12,0.1841141356493736
SRPK2,RP11-722E23.2,0.18384653077806
NCR3,LAMB3,0.1837813389522389
WBP2,ARNTL2,0.1836343901454834
CD74,RP11-423C15.3,0.1836195514635171
PTRH1,RIPK4,0.1835961911775207
FOS,MTBP,0.1835799133303032
CD8B,RP11-122G18.5,0.1835597140397593
GZMK,LHX1,0.1832831489934587
TATDN1,ASB9,0.1831239457845625
RBM27,FAM47E,0.1829471179532243
CDKN2D,LYPD2,0.1829094233971462
GAS2L1,IL10,0.182848112530968
IFI27L2,AP3B2,0.1828335376716879
TNRC18,GPR153,0.1828198738343615
TPP1,APCDD1,0.1826534787043765
KPNA6,RP11-54O7.1,0.182399441882167
GPX1,CXXC4,0.1823309199598959
TRIM24,ACKR2,0.182328110080657
NUP214,FKBP9,0.1823161525006924
CTSW,ARHGEF28,0.1821267593309899
ACTB,MST1R,0.1821265933749836
RPF2,SNX24,0.1819937335609497
DGKZ,MTBP,0.1819865278907185
HLA-A,RP4-677H15.4,0.1819265591747508
FHL3,SCML2,0.1819111514069729
PKN2,C11orf45,0.1818766397460907
CYB561A3,C15orf65,0.1817843358505174
LGALS3,AMZ1,0.1817707473715595
ZC3H13,MST1R,0.1815386272670113
AKAP1,DNAJB5,0.1814392039930882
TMSB10,AC068282.3,0.1813950716423465
NUP188,RP11-420L9.5,0.181301402993213
CD74,COL1A1,0.1811917066764327
BOD1L1,RET,0.1811850727963414
SERPINF1,RP4-677H15.4,0.1811218740627419
CST3,RP11-15A1.7,0.1810822442494115
MZB1,PNMT,0.1810187655085632
GSTP1,RP11-787I22.3,0.1809823495903347
GLIPR1,AC009312.1,0.1807930581260473
LIMS1,FBXO30,0.1807453163764339
PLAC8,AL049829.1,0.1805217245162882
PARVB,DCLRE1A,0.1803248081907013
PARVB,GCSAML,0.1802760248132918
CXCR3,HBA2,0.1802408497311398
KLRC2,CENPI,0.1801394893731938
HLA-C,DNAJB5,0.1801074808355652
MALAT1,RP11-414H17.5,0.1799752864365146
RTN2,EPAS1,0.1798819659250972
HLA-C,TNS4,0.1798413361940556
TRIOBP,USP27X-AS1,0.1796558202808955
ABI3,FOXE1,0.1796077525352516
NNT,CCDC81,0.1795593656309234
HLA-DPB1,SNRK-AS1,0.1793856694843963
IFITM2,RP1-261D10.2,0.1792736956889686
NFE2,MAEL,0.1791327925075478
HLA-DQB1,RP11-55K13.1,0.1791164583704838
ARHGAP4,FOXE1,0.1790720468047534
C15orf39,RP11-769O8.2,0.1790564956330961
YWHAH,ZFHX2,0.1789677781708789
NKG7,VASN,0.1788561201029332
HOXA9,CLDN23,0.1788110089892139
CLDN5,DNAH12,0.1787505144900465
NR4A1,GABRD,0.1787082306564293
FOS,CLDN22,0.178611132632435
GRAP2,FAM47E-STBD1-1,0.1786084584638895
HLA-A,ZNF572,0.1784219033072623
NCF2,GRIN2D,0.1783271248654638
RP5-899E9.1,CXCL10,0.1782911200618565
GPX1,RP11-328C8.4,0.1782079336545219
ARHGAP18,DCLRE1A,0.178109172145227
CCL5,RP11-423C15.3,0.1780640939165764
C7orf50,RP1-261D10.2,0.178008988699811
DGKZ,ACKR2,0.177913299575002
FOS,SNX24,0.177899869372692
IER2,FOXE1,0.1778083620203555
TMSB10,KRBOX1-1,0.1777473599460735
RHOC,CTD-2619J13.3,0.1775767517132753
GNGT2,VSTM2B,0.1775449011082341
PARVB,RET,0.1774783013489581
ZNF684,RP11-769O8.2,0.1773749125539253
CAPNS1,RP11-787I22.3,0.1772076682135894
TPST2,RP11-787I22.3,0.1771696503638073
SOD2,RP11-524F11.2,0.1770776928374381
RP11-496I9.1,MTBP,0.1769755266063325
DUSP5,RP11-168O16.1,0.1769029135888942
XPNPEP1,TTC39A,0.1768574879139516
CYB561A3,MST1R,0.1768208276889072
LINC00894,LAMB3,0.1768060083051912
MT-ND2,RP11-122G18.5,0.1766378777007414
CLIC3,VSTM2B,0.1766064299788394
DERL3,C19orf44,0.1764631059364764
HLX,FANCE,0.1764116302649704
FCN1,CLDN23,0.1763593137102564
RUFY1,DNAH12,0.1763485253329181
PINLYP,ADAM20,0.1762876774485618
RSF1,RHD,0.1761574738449687
F13A1,GABRD,0.1761429313806872
CAPG,GJC2,0.1761270301161831
AATK,RP11-348N5.7,0.1759397391807635
PKN2,WWC2-AS2,0.1758142401043642
LTB,S100A3,0.1757396283719555
JUN,ARHGEF28,0.1757015766009281
ETV6,RP11-524F11.2,0.1756607672050024
SYMPK,RP1-261D10.2,0.1754113324704106
ILK,SPTB,0.1753807493133797
RPPH1,AMZ1,0.1753544381245084
DDX51,BBS5,0.1753217574180198
NPEPL1,C17orf96,0.1748858514784385
GLIPR1,CYP46A1,0.1748855887844642
PTGDR,TNS4,0.1743236358830443
PDLIM1,RP11-15A1.7,0.1742883317490519
CTSW,RP11-686D22.4,0.1741335476179504
IL32,AC140481.2,0.1739136056217611
GPX1,MMP1,0.1738585032182593
RPLP1,FANCE,0.1735942735130347
RALGPS2,CCDC81,0.1734621355077337
ODC1,RP11-328M4.2,0.1734571191382011
USP28,HBA2,0.1734463707911564
PHEX,FAM47E,0.1733395944646143
DPYS,MMP1,0.1733099780953205
ISG15,CGN,0.1732963026428101
VIM,RP4-677H15.4,0.1731023876097452
MYCBP2,FAM47E,0.1730619308855629
IQGAP1,MPP4,0.173045243621584
BLVRB,RP11-816J6.3,0.1729734844872912
RUFY1,BMP6,0.1728655277840394
FUT11,TNS4,0.1727486835739778
DNAJC1,HCG20,0.1726509299578775
CCL5,RP11-106M3.3,0.1724812396930367
PROS1,RHD,0.1724691226174673
B2M,GABRD,0.1724570835198123
IFITM2,PDE7B,0.1724001537282533
CCDC135,PLCD4,0.1723491089480006
LGALS3,HCG20,0.1722982531381193
LAT2,ZNF572,0.1722686377393149
GADD45A,DDR2,0.1721431335902256
B2M,FOXE1,0.1720993233225616
HLA-DQA2,GCSAML,0.1720904786547977
GATA1,DNAH12,0.1720810876084663
ZNF707,CAPN9,0.1720069460235614
GATA2,PNMT,0.1720010624368785
GLIPR1,AMZ1,0.1719594910707782
MALAT1,KRBOX1-1,0.1718849747710642
NCR3,RP11-358L4.1,0.1718627543912362
PRKCE,AC068282.3,0.1718489609253668
ISG15,FANCE,0.1718091987817201
HEBP2,USP27X-AS1,0.1717765627431339
MYO9B,WWC2-AS2,0.1717478759049222
RAP1GAP2,CYP46A1,0.1717048339959628
ODC1,CTD-2527I21.7,0.1716831657609824
JUN,CTD-2527I21.7,0.1716067279090977
FERMT3,FAM47E-STBD1-1,0.17140215988183
FMO5,COL1A1,0.1713516344503558
RELB,TNS4,0.1713022331024273
MT-ATP6,RP11-275I4.1,0.1713003027315974
IL3RA,TTC39A,0.1712260065096758
DNAJC1,RP11-665G4.1,0.1710848003571383
OS9,RP11-722E23.2,0.1709507260995466
TNFRSF18,BBS5,0.1709406605657584
VAV3,GYPE,0.1708499375155764
FAM217B,RP11-225B17.2,0.1708073897090735
MESDC2,RP11-456K23.1,0.1707977533045351
RPAP3,RP11-55K13.1,0.170797321063142
RP11-879F14.1,RHD,0.170789480736382
CD79B,COL1A1,0.1707335480623433
RRBP1,C15orf65,0.1707257030934779
PTCRA,RHD,0.1706213820515154
IL32,AL049829.1,0.1704997413573175
COTL1,CAPN9,0.1704600731709973
C12orf75,RP11-358L4.1,0.1704296986382598
RP5-894A10.2,RP11-142C4.6,0.1704162994064461
TTC27,CTRC,0.1704111684676659
TGFBI,CTC-503J8.4,0.1703852603323226
RPGR,PNMT,0.1701628971051222
B2M,RP11-348N5.7,0.1701220430396044
HLA-DQB1,CTD-2527I21.7,0.170116321207759
DKFZP779L1853,LINC00951,0.1700390952441952
RP11-96B2.1,RP11-15A1.7,0.1699210599218156
CTSW,FZD8,0.1699026343951683
HBG2,RP11-142C4.6,0.1698914361157407
S100A6,FANCE,0.1698436307384228
AEN,ARHGAP44,0.1697153836068785
MALAT1,LYPD2,0.1696590682153142
LYN,RP11-325I22.2,0.1694180966479591
TMCO3,KRBOX1-1,0.1692502608753172
TMCO3,DNAH12,0.1692107336459245
GRAMD4,C19orf44,0.1691298919641161
HLA-DMA,RP11-456K23.1,0.1691182308975778
SLC26A6,CTD-2527I21.7,0.1689950514281963
SDPR,LRP12,0.1689854763953495
TP53,RP11-524F11.2,0.168834119598727
LATS2,PNMT,0.1687951739153358
ITM2C,CGN,0.1687149413400045
VIM,AMZ1,0.1686600708267729
ELOVL7,RP11-15A1.7,0.1686294334034508
MMD,BMP6,0.1685663312933945
S100A9,CXXC4,0.168538750034529
TSPAN13,AMZ1,0.1685371528358272
CNRIP1,LRP12,0.1684118618518383
OAZ1,C19orf44,0.168297659908251
TUBB4B,HCG20,0.1682365412087897
PFN1,RP11-118K6.3,0.1681826285396076
TMSB10,PNMT,0.167971648456457
UBE2Z,ZNF572,0.1678835785494828
KLRD1,VSTM2B,0.1678127291720406
SCFD2,DCLRE1A,0.1677248191129192
FCER1G,IL10,0.1676493597697161
SUZ12,CXXC4,0.1676309791256225
FCGRT,DNAJB5,0.1675201794005277
RP11-334C17.5,BBS5,0.1673877470980175
HRH2,LAMB3,0.1672558947159677
STAT3,AC068282.3,0.1671363337320638
CDKN1A,CLDN23,0.1669327890043316
SNN,RP11-816J6.3,0.1669041114287698
TMSB4X,RP11-29H23.4,0.1668014104173441
ARG1,CGN,0.1667815407694514
S100A11,RGS9BP,0.1667521325026809
GRAP2,RP11-55K13.1,0.1667148305346226
KCNE3,IL10,0.1666689571495032
IER2,AC079354.5,0.166558712112689
RAD54L2,CXXC4,0.166522367442805
GLIPR2,CTD-2081C10.7,0.1664960952377477
MT-CO1,RP11-362K14.7,0.1664552222139464
AGAP3,LONRF2,0.1663590039032708
PPP1R26-AS1,PNMT,0.1663378271401047
FCGR3A,CSN1S1,0.1662915893603984
IL32,SEZ6,0.1662874145253617
SH3BP2,EPAS1,0.1662546445103808
AKAP9,RP11-456K23.1,0.166192381930216
GCHFR,CASC2,0.1661121210479
MCUR1,GCSAML,0.1660579536198551
PRTFDC1,CXXC4,0.1659179430243778
PTGER2,CTD-3194G12.2,0.165905793968968
SIPA1L2,LYPD2,0.1658896821098439
C15orf39,EPHB3,0.1657583691443903
FERMT3,SNRK-AS1,0.1657443389338411
PACSIN2,CGN,0.165742370379821
NT5C3A,LYPD2,0.1657296535334831
HLA-C,RHD,0.1656971085206969
TMEM141,CASC2,0.1656119508036478
DUSP2,AF131215.5,0.1655653100789633
LMNA,LONRF2,0.1653294389578542
MT-ATP6,NLGN3,0.1650640052077443
COMT,RP11-142C4.6,0.1650514972604317
NAP1L5,CTRC,0.164955356226508
CD97,CTC-503J8.4,0.1648421360407065
C1QA,CXCL10,0.1646283122968757
MDC1,HCAR1,0.1646147492674972
RP11-315O6.1,RBL1-1,0.1645309190778019
HBA1,WFDC3,0.1644725930682149
CD1C,RP11-456K23.1,0.1643816900152329
HBEGF,FOXE1,0.1643433669536012
ID3,RP11-713D19.1,0.1642098270994428
ACTN1,CGN,0.1641547366911168
S100A4,C19orf44,0.1641452770438087
DNAJC1,ACKR2,0.164069820563767
TMEM205,CTD-2527I21.7,0.1640276475424103
CD7,GABRD,0.1640196388863108
NRIP3,SNX24,0.1640017766209021
TIMP1,SIAH3,0.163766918189021
ZNF133,LYPD2,0.1637566483936105
CD7,EPAS1,0.1637192617935999
OAZ1,ZFHX2,0.163481609636852
CD40,RP11-362K14.6,0.1634748883987845
PURA,ARHGAP44,0.1634024462849107
PHF21A,TNS4,0.1632700927097685
UPF1,FOXE1,0.1632207018453955
PGRMC1,CTD-3224K15.3,0.1631845923962245
DGKZ,CASC2,0.1629976226209735
JUN,CTD-2081C10.7,0.1629962685449808
TBC1D9,AMZ1,0.1629451846671678
STOM,MAEL,0.1628912357267456
P2RX1,GABRD,0.1628702132918531
S100B,RHOV,0.1628476518863864
FTH1,RP11-423C15.3,0.1626746048577
PAWR,SNX24,0.1626402970992519
DAPK2,PSD3,0.1625295617670561
TMEM141,FOXE1,0.1625144212057613
MB21D1,RP11-81H3.2,0.1624630168064449
CHST8,MAEL,0.1624509778890157
ODF3B,RP11-456K23.1,0.162384415685154
ILK,CENPI,0.1623234772292013
GNG11,RHD,0.1623185919386172
SERPINE1,SNX24,0.1623122252176461
TMSB10,AF131215.5,0.1622705316788235
PDCD7,C1orf111,0.1621294286444713
TGFBI,AC007036.6,0.1620569555840834
ANKRD11,RP11-55K13.1,0.1620357303600164
SRC,MAEL,0.1620040678203422
RP11-138I1.2,RP11-106M3.3,0.1619661537100725
ZNF264,RP11-362K14.6,0.1619405525840059
TNFAIP2,CTC-503J8.4,0.1618771908649061
HLA-A,RP11-362K14.6,0.1616805235359542
FAM214B,RP11-524F11.2,0.1615829138319369
RP13-941N14.1,C1orf177,0.1615565813817867
PRF1,RP11-314A20.5,0.1615521221703316
NCF1,CTD-2081C10.7,0.1614935278755392
FTL,RP11-54O7.1,0.1614094201227912
MZB1,APCDD1,0.1613479858882442
MT-ND1,CLDN23,0.1612739356489769
STMN1,RP11-325I22.2,0.1611617509847635
CCR1,LYPD2,0.1611486749718979
MROH1,RP11-816J6.3,0.1610893508171234
STOM,LHX1,0.1610801042654101
TTC27,CTC-503J8.4,0.1610761644379394
GAPT,RP11-420L9.5,0.161072524727681
HOTAIRM1,CTD-2527I21.7,0.161002798467326
TMSB4X,MST1R,0.160909693431085
NGFRAP1,SPTB,0.1608243453356537
RUFY1,RP11-106M3.3,0.1607127462608281
CAPNS1,RP11-106M3.3,0.1606907755398919
CDC42EP3,MTBP,0.1606160185967107
MYL6,RIPK4,0.1605980040475911
TYMP,APCDD1,0.1604682753320098
TMSB10,RHD,0.1604528280450975
ACTB,RP11-142C4.6,0.1604360496552291
FLNA,EPAS1,0.1604326337777322
LTB,C11orf45,0.1601952552692226
SULT1A1,C1orf177,0.1601861952098263
BRD2,HBA2,0.1601380368169529
STMN1,RP11-524F11.2,0.1601243254397716
BRD2,RP11-524F11.2,0.1601078417128556
EED,C11orf45,0.1600947001472292
IL4R,LINC00638,0.1600613781739186
GTF3C1,LYPD2,0.159873389648665
MCFD2,RP11-167N5.5,0.1596871719810979
LTB,RP11-106M3.3,0.1596148862288539
JUN,C1orf101,0.1592933667587312
C5orf56,FAM47E-STBD1-1,0.1592029975593879
HLA-DRB5,RHOV,0.1591439286638367
IL4R,COL1A1,0.1590463693933012
NFKBIE,GYPE,0.158997090397532
PFN1,C2orf48,0.1589775612706655
TRIM25,IL17A,0.1588220234608556
ZNF264,RP11-168O16.1,0.1584855228278704
RP11-443B7.1,AMZ1,0.1584808030607741
GPBAR1,CXCL10,0.1583869254665751
HLA-C,AC007036.6,0.1582445829497435
CEBPD,LHX1,0.1582017848707459
LYAR,FOXE1,0.1582013764694208
RALBP1,AC108025.2,0.1581901593884408
C15orf39,RP11-225B17.2,0.1581832586127981
FTL,PNMT,0.158145210468239
ABCA7,MTBP,0.1581409907074866
RPP25L,WFDC3,0.1581153419466698
IFI27L2,AC079354.5,0.1580147003299557
ACTB,WFDC3,0.157938362254384
RP11-138P22.1,RP11-328M4.2,0.1579377039973539
HLA-DPA1,RHOV,0.1577799892611609
EFHD2,C19orf44,0.1574495103970016
HLA-DRB1,RP11-54O7.1,0.1573854916396583
PMAIP1,RP11-168O16.1,0.1573274979851266
ANKRD9,RP11-142C4.6,0.1572433722617927
HHEX,RP11-420L9.5,0.1571078153258717
RBM27,AC140481.2,0.1570932397726249
GLIPR2,RP11-81H3.2,0.1570140494695369
CDC42EP3,C15orf65,0.1570108683287733
WASF2,RP11-106M3.3,0.1566809762674476
KIR3DL1,FZD8,0.156637545031661
HLA-DRB1,TTC39A,0.1565033333899022
GSN,RP11-325I22.2,0.1564537580797192
MAFK,CENPI,0.1564381350868398
STXBP2,SPTB,0.15640734419998
TUBA4A,LINC00638,0.156252051273793
TMCO3,FOXE1,0.1562353448620992
WDR17,PNMT,0.1562210543190285
DMTN,DNAH12,0.15609499308229
HLA-A,VASN,0.1560559885927638
SYMPK,EPHB3,0.1559764996550529
ZNF684,PTH2,0.1558845853133473
PDCD7,ASB9,0.155608044373726
IFITM2,CXXC4,0.1555887085654565
IRF7,C1orf101,0.1554898862744072
PPP1R14A,RP11-665G4.1,0.1553750045423284
UPK3A,JAG2,0.1552750569134792
GSTP1,ASB9,0.155258409423291
ATG10,CXXC4,0.1551575610465309
LTB,NODAL,0.1550210389386655
TIMP1,RP11-275I4.1,0.1549931059738308
MYL6,WFDC3,0.1548478707601907
DAPP1,MTTP,0.1548034292230716
SYK,GCSAML,0.1547725223586611
TATDN1,RP11-420L9.5,0.1546284936210889
C4orf48,AMZ1,0.1546201997424109
POMC,C1orf177,0.1545566737341845
ACSL3,FAM47E-STBD1-1,0.1544927594959775
RPF2,IL10,0.1543714243845848
TSPO,CLDN23,0.1543274885749601
OS9,C19orf44,0.154316265138073
LILRA3,LYPD2,0.1543081569084564
MYCBP2,RIPK4,0.1542752092786496
CXCR3,VSTM2B,0.1542636077029592
RP3-467K16.4,MTBP,0.1542057607333254
CCL5,CTC-523E23.1,0.1542005506770808
RBM12B,CTRC,0.1541883081408447
FAM110A,STRIP2,0.1541616444306071
MT-CO1,EPAS1,0.1541109478805394
RHOC,CTRC,0.1540937318852575
GZMK,AC140481.2,0.1539670843149011
PDLIM1,GCSAML,0.1539312518915396
JUND,IL10,0.1539059034232809
RP11-66N24.4,WWC2-AS2,0.1537881185379359
MEF2C,CCDC81,0.153719353927355
SMG5,AMZ1,0.1535486147153808
MOSPD2,C19orf44,0.1535395951978572
RP5-887A10.1,ZNF572,0.1534934617469847
FERMT3,TTC39A,0.1533889170537572
BID,APCDD1,0.1533846377592261
PRF1,RP11-524F11.2,0.1533078334878482
TATDN1,RP11-314C16.1,0.1532574422016723
CD7,EPHB3,0.1531449705229944
NPC2,TNS4,0.1531162714145445
RP3-467K16.4,FOXE1,0.153070594294796
RP11-354E11.2,PNMT,0.15286098164224
COLGALT1,CLDN23,0.1528224718585121
BIRC3,ASB9,0.1526772063687196
IGFBP7,PNMT,0.1526527339315575
HCK,LYPD2,0.1525806060568041
GPX1,KCNK5,0.1524934047460576
ARL17B,IQSEC3,0.1524731673351831
WASF2,AMZ1,0.1524554459229904
TPM4,PTPRR,0.1523175735860563
IER2,GRIN2C,0.1522544130396654
KLF6,HSPA12B,0.1522315532972222
AKAP9,C19orf44,0.152204817203588
C9orf89,PAPL,0.152177975866272
FAM129A,RP11-15A1.7,0.1520837285895176
SLC1A7,CENPI,0.1519646673513819
GPX1,C19orf44,0.1519058103435242
CYB561A3,RP11-54O7.1,0.1518414748645258
CMIP,AC079354.5,0.1517494115779411
FTL,ASB9,0.1517328509456705
JUN,SOX13,0.1513272669540731
CD8B,CTD-2527I21.7,0.1512328215513958
RPL34,AC009312.1,0.1512110331700873
NKG7,ASB9,0.1511683423892847
MT-ATP6,CAPN9,0.1510622459235451
TIGD3,SNRK-AS1,0.1509845775346482
RP11-293M10.5,GJC2,0.1509326767793747
PPBP,GCSAML,0.1508680199745141
C12orf75,RP11-142C4.6,0.15085908019731
HOPX,RP11-524F11.2,0.1507945300120964
MT-CO1,AC108025.2,0.1506078722852169
SLA,AC108025.2,0.150317715948906
STOM,VNN3,0.1501759649557376
HLA-DPA1,KRBOX1-1,0.1501208688628049
C11orf83,RP11-787I22.3,0.1501200678020905
CLEC4C,APCDD1,0.1501069094876256
RPL3,C11orf45,0.150101501620387
IL1RN,GABRD,0.1498213482270492
IFNG,ARHGEF28,0.1498140303494179
LRBA,CCR8,0.1496683491722368
DTX2,GJC2,0.1496480120477767
KIF2A,C15orf65,0.1495425110586159
NMB,RP11-456K23.1,0.1495238239639839
B2M,AMZ1,0.1493817912696669
DOCK2,FKBP9,0.1493316946340538
ALOX5AP,PAPL,0.1492625570601231
DENND6B,GCSAML,0.1491144099521153
RASSF4,TRIM54,0.1490850014649864
NKAP,CTC-503J8.4,0.1490430850221349
GPR68,STRIP2,0.1490241784558517
METTL25,MTBP,0.1488866035556323
GTF3C1,CGN,0.1488614565675304
EGFL7,SCML2,0.1487749423108252
SLC1A7,CXXC4,0.148634188679211
RP11-169E6.1,HM13-AS1,0.1486295562704157
ITGAL,RP11-362K14.6,0.1486058363241057
HLA-DPA1,DIRC3,0.1485326621717905
RPL34,RP11-54O7.1,0.1484862372298682
NEK4,CYP46A1,0.1484692601796359
ATRN,PTH2,0.1484364158037434
MT-ND1,RP11-55K13.1,0.1484284990058005
OAZ1,RP11-665G4.1,0.1483590800599214
AHNAK,XX-FW83128A1.2,0.1483459900830446
SNX22,SNRK-AS1,0.1482766000581389
CCR10,TMEM105,0.1482634367278687
CCL5,RP11-769O8.2,0.1482516842454653
NKAP,RP11-314C16.1,0.148225634443462
MARCH2,MAEL,0.1481771852636555
NFKBIA,RP11-722E23.2,0.1481536643320127
SEPT5,RP11-142C4.6,0.1480504668101384
POMC,FAM47E,0.147893094366084
RHOC,GCSAML,0.1478657463808272
SYNE2,RP11-54O7.1,0.1478174336832629
NBPF10,CTD-3194G12.2,0.1477147014624679
COMT,RP11-118K6.3,0.1477094181863951
DKFZP779L1853,RP11-55K13.1,0.1476824175335322
TK1,LYPD2,0.1476725987169056
CD7,CSN1S1,0.1475966330331043
ALOX5AP,C1orf111,0.1475630945023852
MTHFR,RP11-420L9.5,0.1475154360128636
FERMT3,RP11-142C4.6,0.1474010546034687
RASSF2,CCR8,0.1473110090558688
FAM217B,LONRF2,0.1472913365516127
HLA-C,CTRC,0.1471095218552039
GNLY,LHX1,0.1470357666209276
MYL9,DNAH12,0.1469603445246809
GPX1,LAMB3,0.1469542855313075
STMN1,PNMT,0.1469332335950231
MZB1,FAM47E,0.1465972653644864
WDR11-AS1,MAEL,0.1465845909805393
CST7,RP11-81H3.2,0.146580387601484
FTL,GSG2,0.1465413205915502
TMEM141,CENPI,0.1465209576746552
ADAR,CXCL10,0.1462439873936971
RILP,RHD,0.1461874822757437
RP11-291B21.2,RP11-328C8.4,0.1461799473687824
LZTR1,C1orf101,0.1461085292960331
HLA-C,RP11-314A20.5,0.1460360125581376
CST7,SIAH3,0.1459961172414074
ADAR,MTBP,0.1459237601645786
FUOM,FOXE1,0.1459081271285438
RUNX3,CTD-2527I21.7,0.1456829139440152
PGRMC1,ASB9,0.1455315237508724
FICD,DNAJB5,0.1454763535076881
VIM,RBL1-1,0.1454023974410963
VAC14,CCDC81,0.1453135511312302
BCL2L1,MTBP,0.1453068609278714
FAM129A,RP11-118K6.3,0.1452997767004568
AXIN2,RET,0.1452510792304493
DTX2,AMZ1,0.1452405000242491
NRGN,MAEL,0.1452284592837909
PSAP,FOXE1,0.1452001803960008
HES1,AC068282.3,0.1451182889542079
ABCA7,CTC-498J12.3,0.1451067562084282
NPC2,RP11-816J6.3,0.1451024376091731
RAB13,AC068282.3,0.1449795242858724
TUBB4B,GABRD,0.1449326766505665
ZCCHC2,ARHGAP44,0.1448270770199216
SOD2,SPTB,0.1447919718930469
MT-CO1,RP11-423C15.3,0.1447903047446837
IL32,IQSEC3,0.144766817530599
FTH1,FZD8,0.1447386346623048
S100A4,RP11-314C16.1,0.1447331716964988
ESAM,GCSAML,0.1447178081744952
PLEKHF1,CTC-523E23.1,0.1443278269605054
ANXA3,RHD,0.1442375514395774
RPL34,CYP46A1,0.1442226527512225
HDGF,RP11-358L4.1,0.1441763976643332
RP11-351A11.1,RP11-106M3.3,0.1439078753410009
CD8B,DCLRE1A,0.1438290174275077
PLCH2,ARNTL2,0.1438024485397334
HLA-DRA,COL1A1,0.1436480344349884
SNX29,IQSEC3,0.1434649874270846
PF4V1,MMP1,0.143449015820945
HLA-DPB1,C1orf101,0.1434290432083246
LGALSL,DCLRE1A,0.1434240577908398
GRAP2,WWC2-AS2,0.1432960110109693
PLXND1,AP3B2,0.1430508996766754
CELF1,C19orf44,0.1429643530451803
SPON2,PTPRR,0.1429316516653359
ITGB5,WFDC3,0.1429139583102632
FLNA,LAMB3,0.1428902902199484
ARHGEF9,DCLRE1A,0.1428277696699993
WASF2,NLGN3,0.1427207864542745
UBE2V2,APCDD1,0.1427160680365101
MT-ATP6,AC007036.6,0.1426831439893247
GZMA,C19orf44,0.1425896138537525
TLK1,SPTB,0.1424824149296663
ZNF468,FAM47E,0.1424154285044652
CD7,MTBP,0.1424152544009418
LTB,LHX1,0.1423046906124342
RP11-291B21.2,RP4-677H15.4,0.1423007149236879
CTSW,MTBP,0.1422947843774656
IFT81,SOX13,0.1422133983025012
ALOX12,DCLRE1A,0.1421751028430108
DDX42,RP11-420L9.5,0.1421423783652566
FCGR3A,AC068282.3,0.1421208113765199
RHOC,RP11-142C4.6,0.1418914403871377
EIF3B,RP1-122O8.7,0.1418465840327003
GNPTAB,HBA2,0.1417183497691516
RP11-874J12.4,RHD,0.141704506646219
RPL34,APCDD1,0.1416708921201438
TNFRSF18,LHX1,0.1416688200153452
FOSB,C19orf44,0.141604621824901
WIPF2,AC068282.3,0.1414857371114489
IL32,CTC-503J8.4,0.1414028674255728
S100A6,LHX1,0.141358098584805
GCHFR,LAMB3,0.1412448980936634
CST7,FZD8,0.1412032221088553
RPL34,AGAP9,0.1411876040590369
CCL3,C1orf111,0.1411451657400406
ATG2A,VASN,0.1411382270756966
TNFRSF1B,ACKR2,0.1410805480963457
EVA1B,LIF,0.141001944442437
RP9,RP11-328M4.2,0.1409308816902489
LUCAT1,FAM47E-STBD1-1,0.140880124658474
RP11-386G11.5,FBXO30,0.1407102662956867
HEBP2,RGS9BP,0.1406638046253547
PTGER2,LAMB3,0.1406190036385396
CD22,AF131215.5,0.1406132477092775
WDR11,PTH2,0.1405879109527421
NMB,CTRC,0.1404916629274839
PLEKHA7,FBXO30,0.1404749337012117
CYB561A3,CTD-2081C10.7,0.1404226311142113
GZMH,C1orf177,0.1402919845111303
TONSL,C2orf48,0.1402839997050967
TMEM176A,IQSEC3,0.1402363131336474
GNA15,PNMT,0.1401827645007121
CD97,FAM47E-STBD1-1,0.1401780938753554
CDKN2D,RP11-54O7.1,0.140114547997869
STXBP2,RP1-122O8.7,0.1400087895373288
TMSB4X,CTD-2527I21.7,0.1399424258655215
RALBP1,AFAP1L1,0.139886529735399
DYNLT1,CTD-3194G12.2,0.1398817506199798
FTL,KCNK5,0.1398458434398436
IER5,CTD-2192J16.26,0.1398072638114877
SMPD3,EPAS1,0.139768910545145
CD79B,CTD-3194G12.2,0.1395858400149966
HIST1H1C,RP11-118K6.3,0.1395387751565805
WASF2,MTBP,0.1394631181680054
FTL,DNAH12,0.1393685084228206
CXCL2,FAM225A,0.1393274661050327
HLA-DQB1,NLGN3,0.1392955787631538
LYAR,VNN3,0.1392827085748583
LST1,S100A3,0.1392217353269618
ASIP,KCNK5,0.1392139954644959
PPP1R14B,C19orf44,0.1387891325338252
PPM1F,PTPRR,0.1387663339075835
MT-ND1,C1orf101,0.1387601643625246
KBTBD11,ARHGAP44,0.1386716944294191
RP11-191L17.1,CTC-503J8.4,0.1386508773980922
SLC7A7,AC015971.2,0.1386061300017076
LYAR,RP4-635E18.7,0.1385308832538901
PASK,CTC-503J8.4,0.1385159624309975
UBE2Z,RP11-456K23.1,0.1384791179060311
CRYM,AC007036.6,0.1384649932664704
PARVB,CCDC110,0.1384026028200664
PYCARD,CYP46A1,0.1383446593047022
NAT8L,RP11-456K23.1,0.1382689510546283
NEURL4,CTC-503J8.4,0.138267885111979
NCR3,RP11-524F11.2,0.1382658635355692
S100A9,SOX13,0.1382120458420618
ISG15,AC079354.5,0.1381612401337979
LINC00152,AC079354.5,0.1381290131823183
AKAP10,PTPRR,0.1381187562908912
CCR10,IQSEC3,0.1380905084480801
FLNA,CCR8,0.1380483798308999
GTF3C1,RP11-769O8.2,0.1380304353380955
CXCR3,TNS4,0.1379627428235378
TUBB4B,C1orf101,0.1379598801470848
FERMT3,RP4-677H15.4,0.1379515487739175
MT-ND1,FBXO30,0.137910132009885
ASCL2,DCLRE1A,0.1377815783940512
TNFSF10,LYPD2,0.1377097679019965
NUDT16,IQSEC3,0.1377063798364962
PTPRS,TTC39A,0.1375862669566772
SLA,HM13-AS1,0.1375471856329494
NCR3,AGAP9,0.1374569896254176
GP9,GABRD,0.1374489294730473
IRF7,RP11-665G4.1,0.1373298395286226
PLAC8,RP4-655J12.4,0.13731739600209
APAF1,AMZ1,0.1373017809677531
SUZ12,DCLRE1A,0.1371997856466638
MT-ND2,CTD-2527I21.7,0.1371575715919018
CAPG,AMZ1,0.1370352279011885
KRIT1,PNMT,0.1370145095316668
PPP1R14A,PDE7B,0.1369475608617114
STAG3,RP11-328M4.2,0.1368839199689619
CCL5,LHX1,0.1368579276852278
CCL4L1,PTPRR,0.1368541383979963
CD74,MTBP,0.136687802116391
GLIPR1,ARHGEF28,0.1366584038184258
IL4R,RP11-665G4.1,0.1364926858184283
CLMN,VNN3,0.136479132077006
WDR11,RP11-546M21.6,0.1364671377292809
RP11-96B2.1,DCLRE1A,0.1364505629067033
RP11-367G6.3,WFDC3,0.1364067114294183
KIF2A,MAEL,0.1363948750550302
AP1S2,DCLRE1A,0.1363794271897534
SYTL2,CCR8,0.136371879456347
LRIF1,VSTM2B,0.1363598027203288
RUFY1,MAEL,0.1363400850152971
SNN,CCDC110,0.1362908917834441
CTSW,LHX1,0.1362844299960567
EAF2,RP1-122O8.7,0.1362465496539535
RAD54L2,AC015971.2,0.1361827678808596
MT-ND1,COL1A1,0.1361793691887979
HLA-A,KCNK5,0.1361441123687397
GGA1,CTC-523E23.1,0.1361073995008943
CTSD,MST1R,0.1358593262595714
CAPNS1,CAPN9,0.1357469304306535
ATP13A3,RP11-269M20.3,0.1357103336621959
TRPC4AP,CYP46A1,0.1356985170793719
WIPF2,FOXE1,0.1356002452149422
MCOLN1,MST1R,0.1355832160346896
JUN,PSD3,0.1355665441822036
MCUR1,C1orf101,0.1355306470583696
LGALSL,RP11-15A1.7,0.1355127982152197
RPL3,C1orf177,0.1353949456690023
MT-ND2,ZFHX2,0.1352784262614322
HLA-DQB1,LONRF2,0.1350586918226582
TSPAN13,CASC2,0.1350280818993598
B2M,CCR8,0.1349968670244365
ITM2C,ZNF572,0.1349728061844519
PLCL2,PTPRR,0.1349447877937065
KIR3DL1,SOX13,0.1347464768825264
DGCR2,RGS9BP,0.1345761677762737
PGRMC1,AF131215.5,0.1345649791306339
IFI27L2,ARHGAP44,0.1345420385503162
FGFBP2,AC140481.2,0.1345356966934661
SETD5-AS1,DCLRE1A,0.1344695099246712
ITM2C,APCDD1,0.1344541562463055
CAPNS1,LIF,0.1343894076779157
CXCR3,AC007036.6,0.134388772283664
PLCB2,ZFHX2,0.1342664529672134
FTH1,RP11-722E23.2,0.1342279897933579
CTSS,AL049829.1,0.1341833521158464
RUNX3,RP1-122O8.7,0.1340703203226358
ARAP1,ASB9,0.1338211884494226
CTSW,RP11-546M21.6,0.1338076533929485
JUN,MST1R,0.1337948824463946
SAT1,COL1A1,0.1337070271705796
DUSP5,RP11-456K23.1,0.1337050348799819
SPARC,WFDC3,0.13369221787214
EHBP1L1,FBXO30,0.1336319278537594
MIDN,HM13-AS1,0.133582840120959
MATK,HSPA12B,0.1335684383413874
S100A4,FAM47E,0.1335037469845819
GNG11,WFDC3,0.13345724039301
RPL34,CTD-2192J16.26,0.133442167222956
INSR,AC007036.6,0.1334316587082952
LGALS1,RP11-524F11.2,0.1334229089789751
GBA2,GRIN2D,0.1332655173040685
IER2,FBXO30,0.1331776285538367
TMSB10,CTD-2620I22.7,0.1331659093672589
IFI27L2,GCSAML,0.1331618611134861
GPX1,PLCD4,0.1331163869634178
CHM,AF131215.5,0.1328300917600631
CTD-2035E11.3,C19orf44,0.1327995636527911
PTPN18,SNX24,0.1327546118686361
SCAPER,LINC00951,0.1326270871301934
S100A6,MTBP,0.1326246209225763
UBR4,FBXO30,0.1325657561944922
IFI27,C19orf44,0.1325423789015814
NEURL1B,DNAJC28,0.1324688783094073
UBE2F,RP11-505P4.7,0.1323105416733624
MT-CO1,PLCD4,0.1322127420373739
ITGAM,AFAP1L1,0.1321839543698394
ITGA2B,PNMT,0.1321784554840562
OAZ1,AF131215.5,0.1321665521014731
SOCS4,AC016738.4,0.1321415318003455
KLF6,CTD-2192J16.26,0.1319993075219197
TYROBP,MTBP,0.1319962188669966
CBFA2T3,AC015971.2,0.1319229734534255
DDX42,RP1-261D10.2,0.1318920356322083
RPLP1,LINC00638,0.1318904598863571
CCDC82,RGS9BP,0.1318083253385147
FUT11,RP11-225B17.2,0.1317964890997934
MYL6,CTD-2527I21.7,0.1317530160100249
FCGRT,RP11-665G4.1,0.1317234901949558
CD1C,LYPD2,0.1316667925261397
FOXN2,JAG2,0.1316661504098595
RP11-2B6.3,SOX13,0.1316569301161588
MIR22HG,SPTB,0.1316445444352092
TSPO,SCML2,0.1315481549966624
B2M,AFAP1L1,0.1314988700527234
IFITM2,FBXO30,0.1314446792923105
EAF2,RHOV,0.131414440320629
GNLY,FANCE,0.1313790332027292
MEGT1,RP11-546M21.6,0.1313021046590116
KLF6,ZFHX2,0.1312320265612619
IRF7,FAM47E,0.1310925986435854
RPL34,AC108025.2,0.131079131395727
LTBP1,WFDC3,0.1310317427339291
PTPRS,FAM47E,0.1310003809739349
RSU1,GRIN2D,0.1309711063800906
NCOA4,RP11-81H3.2,0.1309384032696838
HLA-DRB1,RP11-29H23.4,0.1309332138287101
TP53BP2,RP11-546M21.6,0.1308851826219965
TJP2,LIF,0.1306710058492708
MT-ND1,KRBOX1-1,0.1305084511269258
PF4,RP11-15A1.7,0.1304622058367643
HLA-DRB5,AL049829.1,0.1302626161919973
NCF1,FKBP9,0.1302595198765768
TMSB4X,PSD3,0.1302246814345261
FCGRT,CYP46A1,0.1302054811916012
RP11-427H3.3,RP11-686D22.4,0.1300976920244559
RPLP1,MTBP,0.1299853909787643
HLA-DRB5,DCLRE1A,0.1299160098862091
ISG15,C1orf111,0.129909826515004
PPP1R12C,AC108025.2,0.1298669713660215
FOS,AF131215.5,0.1298334178374817
CD97,RP1-261D10.2,0.1298291507352688
STAG3,RP11-314C16.1,0.1297230384387859
DYNLT1,NLGN3,0.1297124344529235
SLC12A2,ADAM20,0.1296804366101788
RP11-468E2.4,FAM47E,0.1296646994236355
MMP23B,RP11-686D22.4,0.1295630677244552
MTHFR,CTC-523E23.1,0.1295392910585144
NIPAL4,COL1A1,0.1294975080246807
PFN1,IL10,0.1293812194827629
IFI27L2,RP11-505P4.7,0.1293011534873332
DUSP23,SIAH3,0.1292902312627457
MT-ND2,RP1-122O8.7,0.1291708138359391
ID3,AC015969.3,0.1290569746224435
ZNF107,RP11-456K23.1,0.1289336322603316
CDA,S100A3,0.128895708518324
FYN,FBXO30,0.1288284526813746
NKG7,CTD-3194G12.2,0.1288172676261901
OASL,VSTM2B,0.128787681224931
KIAA0368,RP11-787I22.3,0.1287325309199679
YBX3,AC108025.2,0.1286908287822293
LRRC25,LYPD2,0.1285373130127294
ZNF708,RP11-420L9.5,0.1284742061907486
BCL2L1,AC140481.2,0.1284599146219014
RPF2,PDE7B,0.1284293177824926
BAIAP2-AS1,AC000068.5,0.1282932620614152
MT-CO1,RP11-414H17.5,0.1282578877010686
MPP1,CTD-3194G12.2,0.1281881079938474
OAZ1,AC108025.2,0.1280225148774963
HDGF,SPTB,0.1280103273263386
HLA-DQB1,RP1-122O8.7,0.1279497627038013
GNPTAB,IL17A,0.1278701240129666
IER5,COL1A1,0.1278452282750369
MYL6,RP11-15A1.7,0.1278436927241441
PSAP,AC009312.1,0.1278365733142537
GPX1,RP11-456K23.1,0.1277958416653439
MCUR1,DCLRE1A,0.1277570291870139
PTPN18,RP11-15A1.7,0.1277448588128768
FOSB,RP11-420L9.5,0.1276934586204466
MEFV,GPR153,0.1276319335104462
GNAI2,CAPN9,0.1276307328907102
PRKAR2B,AC009312.1,0.1275189686053714
DNAJC1,C1orf177,0.1273217530434453
SLC10A3,ACTG2,0.1271371264061004
CSAD,RP11-456K23.1,0.1271354385799677
S100A6,PNMT,0.1271344139788166
RUFY1,RP11-142C4.6,0.1270815112370537
DKFZP761J1410,RP11-55K13.1,0.1270678567681556
IGJ,TTC39A,0.1270007576690036
TBX1,LINC00951,0.1269952332921103
SMPD3,S100A3,0.1269351150746543
TIMP1,GABRD,0.1267174025936269
YWHAH,CCDC110,0.1266855287615961
JUP,CTD-2620I22.7,0.1266415325672678
ZNF155,CTRC,0.1265734175640696
MT-CO1,CTD-2527I21.7,0.1265630233728495
PFN1,KRBOX1-1,0.126517973267297
NXF1,FOXE1,0.1265055478107929
HLA-C,FAM47E,0.1264771719722269
SYNE2,COL1A1,0.1263814179047507
IRF5,IL17A,0.1262808556117526
NFKBIA,SNX24,0.1262552459631779
B2M,CTD-3194G12.2,0.126254709557604
PLAC8,KCNK5,0.1262522431642126
TNFRSF1B,RP11-362K14.7,0.1261476804085554
CMTM5,RP11-546M21.6,0.1260289836611591
MALAT1,ASB9,0.1259899924905316
SEPT5,RP11-546M21.6,0.1259159122841198
MAX,IL17A,0.1258608235362263
COTL1,DNAJC28,0.1258359353470177
LY86,PDE1A,0.1257489107235711
CRIP2,LIF,0.1257344318556116
IRF7,AFAP1L1,0.1256483000204032
HLA-DQB1,SOX13,0.1254256735967256
POMC,FOXE1,0.1253242200692168
MTPN,C1orf101,0.1253118027558032
PATL2,RP11-362K14.6,0.1252641117597638
GNPTAB,C1orf101,0.1252504207388729
FTH1,TNS4,0.1251942324987959
ZYX,TTC39A,0.125191537064791
FAM26F,RP1-122O8.7,0.1251791077090988
KCNG1,RP11-511B23.2,0.1250103327367386
RPL3,FANCE,0.1249498518392113
VMO1,RP11-511B23.2,0.1249394996078094
LRIF1,C15orf65,0.1249017438839984
GNG11,RP11-546M21.6,0.1248837300242843
MYO1F,RP1-122O8.7,0.1248771278393542
RBM27,CTD-2619J13.3,0.1247779972770432
NRGN,GABRD,0.1247377097267559
RP11-479G22.8,SNRK-AS1,0.1246587284016522
RBP7,RP11-29H23.4,0.124642099571011
FEZ1,VSTM2B,0.1246308929807594
SAT1,LIF,0.1244830398430746
CTSA,PDE7B,0.1244813638863617
POMC,CTD-2619J13.3,0.1243760608906526
LCN2,SLC35D3,0.1243554919497459
MNDA,SEZ6,0.1242219613854252
RBM27,IQSEC3,0.1241353629777277
B2M,RP11-118K6.3,0.1241054823227329
CELF1,AC000068.5,0.1240532969720365
HLA-DMB,CTD-3194G12.2,0.1239573585125337
TRIB1,AC016738.4,0.1239382681032581
SH2B3,LYPD2,0.1238342936501211
TMSB4X,RP11-420L9.5,0.1238254623939333
DGKZ,SNX24,0.1237466819967746
ENDOD1,CTD-2619J13.3,0.1237093419736225
ARRB1,LYPD2,0.1236543576559505
KIF2A,BMP6,0.1235743470113622
PYCARD,FAM47E,0.1234599990566188
STXBP2,C15orf65,0.123419528526738
CLDN5,BMP6,0.1234084469626346
MMD,RP11-142C4.6,0.1233640545289735
TSPO,LIF,0.123363887720684
KIF2A,VSTM2B,0.1233499873041274
COTL1,SIAH3,0.1231465679333936
EPHB6,RP11-524F11.2,0.123098118543015
MLH3,HCG20,0.1230272033175346
CBFA2T3,FAM47E,0.1229050612364823
ATG2A,CTC-503J8.4,0.1229031333684056
CLIC3,TNS4,0.1226619098956275
HTT,RP11-54O7.1,0.1226601178183254
EDEM3,LONRF2,0.1226432252054284
TK1,C2orf48,0.1226422005391717
WDR11,CCDC110,0.1226315918378206
COMT,PLCD4,0.1225586696851177
TBL1X,RP11-55K13.1,0.1225039442435182
SPON2,TRIM54,0.122493152307756
CTSD,RP11-546M21.6,0.1224916651621008
SFSWAP,SIAH3,0.1224658449656143
PIP5K1B,HM13-AS1,0.1224311421441323
PSAP,RP11-546M21.6,0.1223658843240661
GPX1,TTC39A,0.1222684566564249
FAM110A,HCG20,0.1221486318922157
AHNAK,PNMT,0.122125560955804
SOCS4,AL049829.1,0.1221208036067028
MYEOV,GABRD,0.1221204073161341
ZCCHC17,ARHGEF28,0.1219899894421699
UBE2V2,RP11-505P4.7,0.1219873835769143
PSAP,DNAJB5,0.121967566754329
MALAT1,C19orf44,0.121955587741299
PGRMC1,MTBP,0.1219547930390399
CHD6,RP11-122G18.5,0.1219407701903059
CXCR2,RP11-686D22.4,0.1218162887024924
LAMP5,S100A3,0.1218130032987664
HELB,IL10,0.1218001404653788
FTL,ARHGEF28,0.1217903189409992
PPP1R12C,ARNTL2,0.1217534800065631
RPLP1,PAPL,0.1217531415816084
HIST1H2AC,BMP6,0.1217482740285766
ARID5B,RP11-362K14.7,0.1217451739261346
HLA-DQA1,COL1A1,0.1217448521416125
APOBR,RP11-168O16.1,0.1217325296257788
SYTL4,RP11-546M21.6,0.1217060001777702
LYAR,CTD-2527I21.7,0.1216424397632739
HLA-A,AC068282.3,0.1215863922508344
KIF2A,RP11-686D22.4,0.1215719905253635
SPECC1,RP11-122G18.5,0.1214909183606075
RP11-849F2.8,HM13-AS1,0.1213669756723214
CAPG,RP11-269M20.3,0.1212864452665835
HIST1H1C,CTD-3194G12.2,0.1212797521648046
PPP1R12C,FAM47E-STBD1-1,0.1211863169925334
ESAM,SNX24,0.121078616556217
IL4R,CTD-2620I22.7,0.1210617705848914
ABCC3,RP11-142C4.6,0.1209782202190167
CTD-2270L9.4,RP11-196O16.1,0.1209747532496795
MYL6,C1orf177,0.1209717404536586
DYNLT1,FANCE,0.1208477496455638
SLC26A6,XX-FW83128A1.2,0.1208182586081451
ITIH4,LYPD2,0.1207671209128554
QSOX1,CCDC110,0.120570232806493
C12orf75,GSG2,0.1205556899954462
LEPREL4,DIRC3,0.1204294507645604
FOS,RP11-55K13.1,0.1204171017052818
RRP12,PNMT,0.1203868959368864
HAVCR2,FZD8,0.120373686105855
LILRA2,TMEM105,0.1203564362681937
CLEC1B,AC015969.3,0.1202177851382434
AKAP9,SIAH3,0.1202150513507735
HLA-A,SPTB,0.1201953545873091
HLA-C,RGS9BP,0.1201740463775607
MT-ND1,AGAP9,0.1201090938048887
TMSB4X,APCDD1,0.1200873032176964
DMTN,RP11-15A1.7,0.1200795354324155
DUSP2,RP11-55K13.1,0.1200661157611562
RP3-329E20.2,DNAJC28,0.1200573028635824
RP11-102N12.3,PSD3,0.1200158664411903
STAT3,FBXO30,0.1199977560342739
TMEM141,RP11-122G18.5,0.1199214929335255
PPIF,CXXC4,0.1199111334568084
SOD2,DNAJC28,0.1199059168916833
ARHGAP24,RP1-261D10.2,0.119675746474375
CCL3,RP11-122G18.5,0.1195141488699409
RAP1GAP2,S100A3,0.1195122910369413
CD74,RP11-362K14.6,0.1194913990431531
ACTB,RP11-362K14.7,0.1193870305329338
GPR56,RGS9BP,0.1193730679428969
RPL34,IL10,0.1193723086065162
SPDYC,GRIN2D,0.1193251779645052
CD300A,GPR153,0.1192123129011107
ATG2A,IL17A,0.1190616708803609
KLRB1,RGS9BP,0.1190564164332976
WBP2,AC140481.2,0.1190194224362999
CA2,LYPD2,0.1189467643368478
MBD3,RP11-722E23.2,0.1189296005853692
PTGIR,JAG2,0.1188817783159066
FTH1,FAM47E,0.1188590506400184
TNFRSF1A,DDR2,0.1188215600379303
HOPX,RP11-505P4.7,0.1187898384311701
MCOLN1,RP11-546M21.6,0.1186946626851726
RALBP1,SNX24,0.1186019191893014
PMAIP1,AGAP9,0.118398998925757
SAT1,SPTB,0.1181862916246973
RAI1,C17orf96,0.118145170507485
SYNGR1,VSTM2B,0.1180966109357052
MT-ND2,CTD-2620I22.7,0.1180421311330969
S100A6,RP11-142C4.6,0.1180168128637532
EXTL3,RP11-665G4.1,0.1179594317941807
AKAP13,C1orf111,0.1178493091998132
EP400NL,ARHGEF28,0.1177681381048844
GLIPR1,S100A3,0.1177600858745448
PNOC,PDE7B,0.1177555075597393
HLA-C,CCDC110,0.1176817322057172
RPPH1,RP11-55K13.1,0.1176768000595008
CAPN12,IQSEC3,0.1174971749869836
FAM26F,CTD-3224K15.3,0.1173748127202771
TUBA4A,RP11-106M3.3,0.1173212852615677
COTL1,ARHGAP44,0.1172973507445178
CXCR2,CLDN22,0.1172642876288298
DGCR2,LINC00951,0.1172440053344263
MT-CO1,FOXE1,0.117240434827612
FUOM,CXCL10,0.1172002509369466
LTB,SIAH3,0.1171863539828295
WASF2,C1orf177,0.1170957927845038
IER5,ACTG2,0.1170439421030825
PLEK,C1orf111,0.1169907463540778
PLEC,KCNK5,0.1169043201554841
SEC16A,SNX24,0.1169000842821799
FGFBP2,C1orf111,0.1168554912418832
RP11-367G6.3,RP11-546M21.6,0.1167972150901928
S100A6,RP11-420L9.5,0.1167901837343098
NELFB,RP11-524F11.2,0.1167605198984138
RHOC,LYPD2,0.116662824581754
C1orf216,ASB9,0.1165850193766955
S100A4,CASC2,0.1164653286233902
PLBD1,LINC00951,0.116437384332065
YWHAH,CXXC4,0.1164300200818222
ALOX5AP,CCDC81,0.1163534304299424
COTL1,RP11-362K14.6,0.1160557616609377
LIMS1,RP11-81H3.2,0.1159453441506127
PTRH1,PTH2,0.1159245990095663
ULK1,LYPD2,0.1158980406910662
PFN1,CCDC110,0.1157527146701158
PDZD8,HCG20,0.115743072947897
PMAIP1,RP11-722E23.2,0.1156548704359264
RP5-1028K7.2,ADAM20,0.1155710131701888
TMEM41B,RP11-546M21.6,0.1155525712859014
CTSW,HCG20,0.115420930833169
KIAA1715,PSD3,0.115390391390719
RP11-849F2.8,RP11-55K13.1,0.1153350317461527
PGRMC2,RP11-362K14.7,0.1153087916005417
FOSB,ADAM20,0.1152632711365075
ARID5B,PTPRR,0.1152611267080247
TBX21,RGS9BP,0.1152382320488627
VIM,RP11-122G18.5,0.1151872519284111
SRPK2,RP11-269M20.3,0.1151120111108978
FHL3,BBS5,0.1150531472209866
RCE1,RET,0.1150332444732246
TPM4,LINC00638,0.1150326914423821
ITGA3,RP11-314A20.5,0.115026349249881
GSTP1,RP11-816J6.3,0.1149794161822593
PRR5L,TNS4,0.1149740074512475
ADAM15,ZFHX2,0.1149668719345492
SELENBP1,CTD-2527I21.7,0.114808656602159
FLNA,RP11-414H17.5,0.1146963967351659
MEGF9,C17orf96,0.1146413687077734
CRIP2,RP11-314A20.5,0.1146084147324711
NIN,RP11-414H17.5,0.1145707565776184
SELPLG,RBL1-1,0.1145180448132759
GSTP1,RBL1-1,0.1144865487224072
SAMD3,AC140481.2,0.1143295823036927
FGFBP2,RP1-261D10.2,0.1143161711543041
MT-ND1,SEZ6,0.1142537458317944
JOSD2,SEZ6,0.1141824811817784
QTRTD1,HCG20,0.1141248155653754
CD74,C19orf44,0.1140821199561191
TACC1,ADAM20,0.1139893494897423
MT-ATP6,SNX24,0.1139702337949492
YPEL1,DNAJC28,0.1139653679973858
ITGAM,KRBOX1-1,0.1139319955651219
LYL1,BMP6,0.1139017142807135
RP11-472N13.3,JAG2,0.1139013571970943
C9orf89,RP11-362K14.7,0.1138906154366145
ANXA2,RGS9BP,0.1138689876790998
S100A11,C1orf101,0.1138420849226271
FAM217B,ACTG2,0.1137358290140637
TLE1,RP11-325I22.2,0.1135516621516633
C4orf48,DDR2,0.1135471725292936
DTX2,CAPN9,0.1134932207781994
IRF5,AC108025.2,0.1134567604805129
TST,RP11-665G4.1,0.1134146074090801
WDR11,RP11-269M20.3,0.1133657866557767
ACTB,CTD-2619J13.3,0.1133363425144353
ATP2A2,RP11-546M21.6,0.113286262377594
TMSB10,CENPI,0.113240094726313
WIPI1,SPTB,0.1131625105323922
CD74,CYP46A1,0.1131341057818562
MTURN,RP11-546M21.6,0.1131249963835752
CCR10,PTH2,0.113123286008365
FCER1G,KRBOX1-1,0.1130960935611269
MPEG1,PSD3,0.113094122600433
SYTL4,SPTB,0.1130604999218656
MT-ND1,CCDC110,0.1130446023974538
DENND4B,RP11-55K13.1,0.1130398646117922
ATP6V0A1,RP11-511B23.2,0.1129863310715515
TFCP2L1,C1orf177,0.1129032367997541
HES4,LYPD2,0.1128825693747121
CCNY,RP11-665G4.1,0.1128335663734754
S100A4,SNX24,0.1128219601920931
RSF1,SCML2,0.1127622827872439
ITGAM,RP11-275I4.1,0.1126936448810474
SMARCD2,ACTG2,0.1126376883254512
NNT,PTH2,0.112624593045099
SAMD4A,CXCL10,0.1123212493974981
CAST,AC009312.1,0.1122009692108155
AKNA,RP11-314C16.1,0.1121747560645192
DHX38,RP11-314A20.5,0.1121507336359119
AKNA,AC140481.2,0.1120544236085139
CCR10,RP11-722E23.2,0.1120513135359897
TMEM141,GYPE,0.1120278526043442
VIL1,RET,0.1119638881649494
CDKN1A,JAG2,0.1119155712260879
COL6A2,RP11-722E23.2,0.1119103432345185
IL17RA,CTC-503J8.4,0.1118834507232359
MIR155HG,AMZ1,0.1118298231909312
HLA-DQA1,RP11-269M20.3,0.1117952871932592
HLA-A,RBL1-1,0.1117675143500095
FERMT3,LINC00638,0.1117210206990075
VIM,RP11-348N5.7,0.1116992859926565
WASF2,TNS4,0.1116726399172923
ITM2C,FAM47E,0.1115877761886624
HLA-A,C15orf65,0.111539325747789
RPL34,WFDC3,0.1115153528048791
ZMYND8,RP11-816J6.3,0.111440535718861
HLA-DPA1,AL049829.1,0.1113626907140521
ANXA2,AC009312.1,0.1113191916394169
FTL,RP11-225B17.2,0.1113043412843136
KIAA0226L,LHX1,0.1112515597174751
ARID5B,CXXC4,0.1111977739709579
THAP6,SNRK-AS1,0.1111685267383035
TKTL1,UNC13A,0.1111636433176618
CST7,RP11-686D22.4,0.1111509633785899
GLIPR2,ADAM20,0.1111027691420725
TESC,LYPD2,0.11105294354848
HLA-DRB5,FAM47E,0.1110518876349832
PCDH1,AC079354.5,0.1109863412752381
FAM129B,RBL1-1,0.1109308385337151
MT-ND2,RP11-420L9.5,0.1109304238082596
COL6A2,RBL1-1,0.1109087209324627
FGFBP2,CSN1S1,0.1108597348875232
FOS,FOXE1,0.1108580061274987
CD22,RP11-328M4.2,0.1108279496794272
CARS2,CTD-2192J16.26,0.1108179308009668
NCR3,RP11-55K13.1,0.1107903713046599
SLA,RP11-546M21.6,0.1107673654931187
MT-ATP6,AC140481.2,0.1106725623662704
RP11-472N13.3,LYPD2,0.1106132982632129
C7orf50,EPAS1,0.1106088890716004
VIM,SNX24,0.1105768032248044
OAZ1,PTPRR,0.1104961171072557
FOS,EPN2-AS1,0.1104763723576989
PASK,RP11-423C15.3,0.1104689314183693
TMSB10,GRIN2C,0.110432207206749
TBXAS1,UNC13A,0.1104282183363239
RSU1,FANCE,0.110419795451942
IER2,COL1A1,0.1104149651753707
TUBA4A,ARNTL2,0.110387784486682
SELPLG,ARHGEF28,0.1103770790164852
HLA-C,TTC39A,0.1102726038772039
RAD54L2,RP11-713D19.1,0.110188634698198
C19orf59,IL10,0.1100741460335053
IL32,HM13-AS1,0.1100230892764081
CLEC7A,LYPD2,0.110010565293174
ARHGEF9,WWC2-AS2,0.1100101396905311
SLC12A9,MTTP,0.1099605900427884
MESDC2,RP11-414H17.5,0.1099536862293666
ALOX12,AC015969.3,0.1098570270041521
IER2,AC140481.2,0.1098245405824155
PSAP,PNMT,0.1097534165086844
RP3-337H4.9,ASB9,0.1095937321801265
LEPREL4,MST1R,0.109521061032064
ZMAT1,DIRC3,0.1094582101582235
SYNE2,ARHGEF28,0.1093865803276023
FRY,PNMT,0.1093583864811219
SEPT5,AFAP1L1,0.109254575418711
MAX,NLGN3,0.1091725779125075
PIP5K1B,JAG2,0.1090870549459195
KCNE1,FAM225A,0.1090648915671974
HLA-DQA1,C11orf45,0.1090508878208989
CLIC3,CYP46A1,0.1089711291478849
RPLP1,HCG20,0.1089245641436787
S100A12,APCDD1,0.1088896772589259
DUSP1,RP11-348N5.7,0.1088171483399125
TPST2,TNS4,0.1088008089099862
HLA-DRA,RP11-420L9.5,0.1087229083744025
HLA-A,CTD-3194G12.2,0.1087132112239927
PLCL2,RP11-511B23.2,0.1086142393647009
UBXN6,RP11-55K13.1,0.1085856429108394
GOLGA3,RBL1-1,0.1084845147342033
RP11-326I11.3,C1orf101,0.1084489043495612
EVA1B,EPHB3,0.1084486227743221
POU2F2,SNX24,0.1083763247983745
QTRTD1,PTH2,0.1081110429652592
BLK,RHOV,0.1081109788156887
SEC14L5,MMP1,0.1080140131658718
CSRNP1,RP11-505P4.7,0.1079827925106709
RP11-317P15.4,MAEL,0.1079731113369017
MYCBP2,VNN3,0.1079540055702514
MITF,FAM225A,0.1079483214529558
SLC35E1,RP11-722E23.2,0.1078787664297345
PDZD4,RP11-722E23.2,0.1078609646195429
LINC00936,PSD3,0.1078576430047546
RP11-109G23.3,MTBP,0.1077963569373469
S100B,RP1-261D10.2,0.1077741474479621
MS4A7,FBXO30,0.1076745329480834
IGF2R,CCDC81,0.1076610520953513
HLA-DRB5,AC140481.2,0.1076390322255685
GNPTAB,RP11-29H23.4,0.107627711157757
FAM212A,RP11-816J6.3,0.1076214877490354
TLN1,AC140481.2,0.1076198255082331
CRIP2,RBL1-1,0.1076101327592509
MT-ATP6,PNMT,0.1075699617085765
TLK1,RP11-167N5.5,0.107554177627926
RP11-973H7.4,CENPI,0.1075343999324233
JUND,CXCL10,0.1074909212971176
XK,SPTB,0.1074877041386204
GSTO1,CGN,0.1072903298387221
PKIG,C17orf96,0.1071640891617061
RSAD2,JAG2,0.107081762236936
AHNAK,CENPI,0.1070357249084574
SAMHD1,C19orf44,0.1070149505656789
DAB2,RP11-546M21.6,0.1069077449463186
RPLP1,CTD-3194G12.2,0.1068403282823398
HIST1H1C,ARHGAP44,0.1068397450856543
HLA-C,CENPI,0.106785729050409
CST7,JAG2,0.1067593966054187
RPL3,WWC2-AS2,0.1067402861194239
PTGIR,RP11-546M21.6,0.1066816759922828
IER5,DNAJC28,0.1066212640957347
MYL6,PLCD4,0.1065839126745965
MLH3,RP11-686D22.4,0.1065563051695195
CD14,C11orf45,0.1064936996788493
RPL34,RP4-635E18.7,0.106411590541137
CEBPD,GJC2,0.1064045335989293
SMIM5,AMZ1,0.1063261405117935
RPL3,VASN,0.1062684272517001
CD79A,RP11-142C4.6,0.1062383950178811
MCUR1,DNAJC28,0.1062273735262135
EPHB6,ZNF572,0.1061375177190351
TRIM7,C1orf101,0.1061278461015002
TNNT1,TMEM105,0.1059914403314752
CTD-2547L24.4,DNAJB5,0.1059744303087783
SMG5,EPAS1,0.1059259623557857
SAT1,RP11-362K14.6,0.1059161124295555
RPL34,RGS9BP,0.105799837798048
INTS9,CSN1S1,0.1057350215127426
ARHGEF9,CTD-3194G12.2,0.1056787785714421
FCER1G,RP4-655J12.4,0.1056389227117483
ACTB,AC079354.5,0.1056203532200503
NEXN,BMP6,0.1055683839965416
FAM81B,WFDC3,0.1055249312475608
RPL3,AC140481.2,0.1054909572533256
MYO1F,ARHGEF28,0.1054794462229292
PYCARD,PDE7B,0.1054358146642375
CD8B,C19orf44,0.1054247145331517
IFITM2,FANCE,0.1054150184954631
POMC,CTD-3224K15.3,0.1054028015285716
DENND4C,BMP6,0.1052183380426508
TNS1,SLC35D3,0.1051519109850837
HLA-A,CASC2,0.1051274724427716
MRM1,KRBOX1-1,0.1051108500059518
ZDHHC19,CTD-2527I21.7,0.1050339721773714
MT-ND1,ARHGEF28,0.1049829133827415
SRPK2,TNS4,0.1049529751442896
KIF2A,DNAJB5,0.1046494262596948
APOBEC3G,RP11-276E15.4,0.1046250259730721
BRD2,NLGN3,0.1044680238400539
FAM26F,RP11-456K23.1,0.1044092804975772
TSPO,CTD-2192J16.26,0.1043175506858598
HIST1H1C,CENPI,0.1042547120568877
UBE2V2,FAM225A,0.1042453507577301
NPC2,HSPA12B,0.1040685346741488
CEP85,RP11-713D19.1,0.1040392747010303
GZMB,CTRC,0.104016255891558
GRN,ARNTL2,0.1039690853051708
LGALS3,PTH2,0.1039597520645387
CD22,COL1A1,0.1039538022177984
P2RX1,RP11-546M21.6,0.1039106661649686
ADAR,RP1-122O8.7,0.1038619574564604
HLA-A,RP11-314C16.1,0.1037093835533572
CCL4,RP11-358L4.1,0.1037000304773966
PGRMC2,EPHB3,0.103571844218052
LGALS1,ACKR2,0.1035449816932196
SULF2,SCML2,0.1033905266952108
KRT1,NODAL,0.1032155328075774
YWHAH,RHOV,0.1031910671244741
GZMA,CTC-523E23.1,0.1031069594417155
NPLOC4,RP1-261D10.2,0.1031049363876574
ZBTB34,LAMB3,0.1029344966145841
STXBP2,VASN,0.1029137390167191
IL2RB,CTC-523E23.1,0.102906317336514
HLA-C,RP1-86C11.7,0.1028676359524575
ALOX5AP,TNS4,0.1028648609801012
PFN1,RP11-456K23.1,0.1028603077673309
FUOM,ADAM20,0.1027780534709624
GZMK,USP27X-AS1,0.1027775844936356
CST7,RP11-118K6.3,0.1027277416663767
SIGLEC7,C15orf65,0.1026811609115899
ATG2A,USP27X-AS1,0.102503995244966
TRIM24,RP11-713D19.1,0.1024789564303589
PSAP,RP11-81H3.2,0.1024618186800884
FGFBP2,MPP4,0.1024214720784677
AKAP9,PTH2,0.1023792649089679
B2M,PTH2,0.1023186873091154
C12orf75,KRBOX1-1,0.1022574292443269
SAT1,AC015971.2,0.1022390674958136
RSU1,RP11-722E23.2,0.102205964750591
PLAUR,CYB5R2,0.1021996819134757
GSTO1,DNAJC28,0.1020693922429806
JUN,RP11-168O16.1,0.1020644596180222
LMNA,JAG2,0.1020370350228814
MT-ND1,AFAP1L1,0.1020192458766284
NEAT1,RP11-122G18.5,0.1019557486973648
TNFRSF1A,CENPI,0.1019180309339781
ANO6,RBL1-1,0.1018661829535187
TK1,CENPI,0.1017987429901316
DGKZ,RP11-722E23.2,0.101746133904161
ROCK2,C19orf44,0.1016302705936977
DUSP1,DCLRE1A,0.1015208733906141
CRIP2,MTBP,0.1014983818151128
CAMKK2,AGAP9,0.101470632560991
CD8A,AF131215.5,0.1013553444207849
TMSB10,RP11-362K14.7,0.1013117672796487
TUBB4B,RP4-635E18.7,0.1013104564475847
AGTRAP,PDE7B,0.1012812228792291
ITGAL,CTRC,0.1012339040572777
ISG15,CTD-3224K15.3,0.1012200351531798
TMEM140,MST1R,0.1011880789722217
SETD5-AS1,ARHGAP44,0.1011879488739043
HDGF,PDE1A,0.1011768522527951
PSAP,RP11-511B23.2,0.100951121230174
ARID5B,HSPA12B,0.1009044215279288
TCHP,RP4-635E18.7,0.1007800255925313
MTPN,C19orf44,0.1007724540378161
POU5F2,ARHGEF28,0.100734444723333
SPECC1,C15orf65,0.1006378057928682
AKAP1,CTRC,0.1005695993864943
AC115618.1,SCML2,0.1005412577913996
HIST1H2BK,RP11-328C8.4,0.1003713655223535
MYL9,SPTB,0.1003622602596008
ZNF708,RP11-686D22.4,0.100317806578939
RP11-99A1.2,DNAH12,0.1003119920738313
C19orf40,AC015971.2,0.1002717637582096
CD63,BBS5,0.1002717595149835
CTD-2165H16.4,NODAL,0.1002403620213663
RP11-667M19.2,ARHGEF28,0.1001557996979136
HIST1H1C,RP11-168O16.1,0.1001548010135995
PI4K2A,AGAP9,0.1000034180729884
CTNNA1,AC068282.3,0.0999745387935781
HOPX,RP11-325I22.2,0.0999589608335243
AHNAK,RP11-269M20.3,0.0999219244211809
MARCH2,CXXC4,0.0999023454904408
FAM193B,LYPD2,0.0998329255756852
ETV6,FAM225A,0.0997451070991828
STRN4,DNAH12,0.0996882859479856
FASLG,ACTG2,0.0996732335477264
S100A6,SCML2,0.0996067992858449
PHLDA2,DCLRE1A,0.0994932621402981
GRAMD4,XX-FW83128A1.2,0.0994777954948924
TP53,RP11-358L4.1,0.099466161800372
CWC25,RP11-546M21.6,0.0994489219106794
CCR10,HCG20,0.0992952970250985
TMEM205,ASB9,0.0992921134678023
MT-ATP6,PDE7B,0.0992657265508963
MT-ATP6,AF131215.5,0.0992167525347381
ZNF576,GCSAML,0.0991907398434353
PTTG1,IL10,0.0991885236322951
HMOX1,RET,0.0991652373591431
FERMT3,RP11-314C16.1,0.0990908778177092
ALOX5,RHOV,0.0989632409383742
C19orf40,TNS4,0.0989612960063265
ADRBK1,PTPRR,0.0987961187317177
TUBA4A,RP11-546M21.6,0.098746225918763
KIAA0319L,KCNK5,0.0986842564449453
LMNA,IL17A,0.0986799361851681
LAG3,ZFHX2,0.0986194268732376
C10orf25,C1orf177,0.098600525258181
IQGAP2,JAG2,0.098565765530816
HES1,AC079354.5,0.0985042651391069
C11orf83,CTD-2527I21.7,0.098467201179571
ZNF470,C11orf45,0.098434040387683
NCR3,ZFHX2,0.098419502127339
WBP2,SPTB,0.0983659931641706
PSAP,CTRC,0.0983340250616173
IER5,FANCE,0.0982566232826252
MT2A,CTC-523E23.1,0.0982480274501835
CWC25,C1orf101,0.0981202044828979
JOSD2,RP11-686D22.4,0.0981007867358095
VIM,PTH2,0.098049634752412
SLAMF7,RP11-722E23.2,0.0980359989115779
LGALS1,ACTG2,0.0978899024532891
ZDHHC19,ZNF572,0.0978767398048086
PPAPDC1B,RP11-314C16.1,0.0978747920293353
PRKAR2A,USP27X-AS1,0.0978618407863383
CTSD,ARNTL2,0.0978281716361532
BLNK,AF131215.5,0.0977845262593864
PASK,FAM47E-STBD1-1,0.0976626934870053
KLHL23,TRIM54,0.0976509922532647
FERMT3,C1orf177,0.0975708864297922
PACSIN2,DCLRE1A,0.0975133462279624
KIAA1875,S100A3,0.0975116725502904
BTBD6,ESPL1,0.0973194480328509
GZMA,ASB9,0.0973162004221073
TPPP3,FAM225A,0.0972740923076538
EMR2,RP11-511B23.2,0.0972719208639949
TMSB10,FANCE,0.0972684583444643
LRIF1,JAG2,0.0972382820716904
ARL6,FZD8,0.0972216688378188
LMO2,RP11-524F11.2,0.0972021552896856
BIRC3,LINC00638,0.0971904713856793
RNF19B,CTD-2620I22.7,0.0971867733430976
GATA1,SLC35D3,0.0971553686271889
FGFBP2,HM13-AS1,0.0971376908869298
DUSP1,HCG20,0.0971268731455992
LIMS1,BMP6,0.0969824907047554
VWF,SLC35D3,0.0969555825681214
IL2RB,MST1R,0.0968344402590053
MYO1F,FAM47E-STBD1-1,0.0965627994378589
SLC46A2,SNX24,0.0965230895058345
MT-ATP6,DIRC3,0.0964950716409689
AHCTF1,RGS9BP,0.0964799720863023
AEN,RP11-122G18.5,0.0964747474490208
MEGF9,FAM47E-STBD1-1,0.0964733050356246
GOLIM4,C15orf65,0.0964432220453399
IFITM10,RP11-456K23.1,0.0964243658329426
SNCA,PLCD4,0.0963429980036403
NEAT1,RP4-635E18.7,0.0963235768918773
LILRA3,RP11-511B23.2,0.0963155777630721
MYCBP2,TNS4,0.0962502108913074
CTSW,AGAP9,0.0961685971636621
SLC15A3,RP11-524F11.2,0.0961193949235465
RAB11FIP1,JAG2,0.0961034698943667
AKNA,CSN1S1,0.0960708220789861
HLA-DPB1,WWC2-AS2,0.0960492643530087
HSCB,CCDC110,0.0960270861970825
RPL34,GSG2,0.0960126698236605
C6orf120,FANCE,0.0960115466420547
PTMS,RP11-713D19.1,0.0959950376896068
RNF130,BBS5,0.0959888757350154
CTDNEP1,AC068282.3,0.0959241772006991
CD8B,AF131215.5,0.0958922856224407
JAKMIP2,RP11-713D19.1,0.0958637551981462
ANXA2,DIRC3,0.0958522224025717
PTGIR,LINC00951,0.0958380679466656
MIR142,TRIM54,0.0957528446921605
PLAC8,CAPN9,0.0955696594504615
CLCN6,AC079354.5,0.0955394572669698
SNORD3B-2,TRIM54,0.0954960008827893
IER2,KRBOX1-1,0.0954741517581513
ACRBP,RP11-546M21.6,0.0954139674799472
MT-ATP6,ASB9,0.0953796080292025
UBE2F,CAPN9,0.0952042510741646
SIRPA,SNX24,0.0951122613533641
IER2,BMP6,0.0950525391370663
LINC00936,RP11-196O16.1,0.0949690075477274
MAX,SNRK-AS1,0.0947481497791079
TAF13,ACTG2,0.0946752802854051
RP5-894A10.2,CCDC110,0.094507479254593
MT-CO1,SOX13,0.0944500797328996
ODF3B,CTD-2619J13.3,0.0944089871265379
RPL3,RP4-635E18.7,0.0944067377101867
LRRC25,PDE7B,0.0944051595949284
CFP,ARNTL2,0.0943600889937858
CTD-2357A8.3,RP11-816J6.3,0.0941724616390609
IGF2R,CSN1S1,0.0939394342347199
OR2W3,SPTB,0.0939015059179054
AKAP10,RP11-769O8.2,0.093869931078619
MT-ND1,DIRC3,0.093815848839421
ACTB,AL049829.1,0.093763168853223
ARHGAP10,CYP46A1,0.0936794819184549
IFI27L2,IL10,0.0936290630183286
IQGAP2,PTH2,0.0936284231443852
HLA-DQA1,AC015971.2,0.0936242327944301
FCGR3A,FAM225A,0.093619687024636
YPEL1,RP11-196O16.1,0.0935825494757906
CDC42EP3,RP11-511B23.2,0.0934478132644424
KLRD1,RP11-196O16.1,0.0934080601253311
IFI6,C1orf177,0.0934011876595254
FGFBP2,CTRC,0.0933855290440139
MYO15B,PNMT,0.0933770930566153
AIF1,JAG2,0.0932882612230559
RP11-401F2.3,DDR2,0.0932334563421469
MSRB3,SLC35D3,0.093204764321328
ACTB,KCNK5,0.0931931808625289
PRR24,FANCE,0.0931404124553957
TMTC1,RET,0.0930974130050788
GRHL1,GABRD,0.0930814165035516
C9orf89,CLDN22,0.0930301877584413
MTPN,APCDD1,0.0930299279935529
POU2F2,HCAR1,0.0930207083147483
CTSD,SNRK-AS1,0.0929295820481727
AKAP9,RP11-505P4.7,0.0929017696298826
AC006116.17,DNAJC28,0.0928538849955928
TTC38,RET,0.0928515694038754
hsa-mir-8072,ACTG2,0.0926897610026894
EAF2,ZNF572,0.0926115345354647
SDSL,TRIM54,0.0925483032682037
NEURL4,AP3B2,0.0924603714960239
LTB,RP11-505P4.7,0.092419194475376
CD101,CYB5R2,0.0924061575258595
CRIP2,RP11-196O16.1,0.0923477454314939
TYMS,ESPL1,0.0923089499716718
C15orf39,AC079354.5,0.0922229363435074
ALOX5,RP11-456K23.1,0.092212930691153
RP11-85A1.3,RP1-122O8.7,0.0918906465915501
PLEK,ACKR2,0.0918191741466089
BRD2,ARNTL2,0.0918131776440693
ANXA2,MTBP,0.091789956666443
NCF1,AC009312.1,0.0917444993744379
ITM2C,LYPD2,0.0916999880014924
CNRIP1,PNMT,0.0915750640160627
LGALS3,ACTG2,0.0915725197376409
CTSW,RBL1-1,0.0915424606895378
SOCS4,AGAP9,0.091496748192365
DENND1B,PTH2,0.0914696837000969
MIR142,AC068282.3,0.0913764751530442
TMSB4X,RP11-505P4.7,0.0913629146061119
MSRB1,RP11-328M4.2,0.0912791881798259
TTC7A,JAG2,0.0912038537182882
MBP,AF131215.5,0.091188184017375
HLA-C,RP11-269M20.3,0.0911734960069763
KLRF1,RP3-323N1.2,0.0911683400834499
CD97,AC140481.2,0.0911094199447188
LST1,RP11-420L9.5,0.0910967573923129
PARVB,RP11-420L9.5,0.0910507938360662
CD79B,CYB5R2,0.0909310308598825
TLE3,NLGN3,0.0909225573858347
CTSW,DCLRE1A,0.0909148665289247
KIAA0930,AC079354.5,0.0909140350975549
ZNF805,RP11-328C8.4,0.0908871655011488
B2M,SNX24,0.0908172879371992
CD63,MPP4,0.0907573331318847
NEAT1,RP11-328C8.4,0.0906997700170485
FCGR3A,CCDC81,0.090679962547205
HGD,AC015969.3,0.0905616368401263
AF001548.5,MTBP,0.0903566638856509
S100A4,CTD-2527I21.7,0.0902878961990198
MYL6,SNRK-AS1,0.0902867215755582
PILRA,RET,0.0902363431561422
AP001816.1,ASB9,0.090207552393534
SERPINF2,S100A3,0.0901341641007966
PLAC8,ASB9,0.090051684962878
KIF1B,IL10,0.0899902176568153
ESAM,SPTB,0.0899144228303585
SAT1,LYPD2,0.0897964287206762
AL627309.1,GCSAML,0.089759231301997
CCL4,CTRC,0.0897046814185738
RP11-128M1.1,AC007036.6,0.0896394733603086
MAPKAPK2,FAM225A,0.0896132494766532
GYLTL1B,ARHGAP44,0.0895941380461856
CTSW,RP4-677H15.4,0.0895809825774955
PLEKHG2,CTD-2081C10.7,0.0895335397290724
FAM212B-AS1,BMP6,0.089478283921092
ARHGAP4,PTPRR,0.0894740034088989
WASF2,STRIP2,0.0893769981506185
COMT,RP11-275I4.1,0.089342077167553
PFN1,RP11-142C4.6,0.0892403146877008
MT-CO1,RP11-524F11.2,0.0891978439538096
MTHFR,PDE7B,0.0889868965571753
KIAA0226L,AC079354.5,0.0888855529683633
GCHFR,RP4-655J12.4,0.0888443315861207
RP11-466P24.6,GRIN2D,0.0888111417989843
COTL1,IL10,0.088723356701163
MEGF9,LYPD2,0.0887190936003515
DNAJC5,RP11-713D19.1,0.0886942323089672
TYMP,ACTG2,0.0886459749065329
TTLL4,LYPD2,0.0885479849037221
CTSW,AF131215.5,0.0884775694782857
C9orf89,LHX1,0.0884071853733538
NFE2,GRIN2D,0.0884019906782845
KIAA0368,AMZ1,0.0883234039593631
PCSK6,LINC00638,0.0881975281033913
LINC00936,AC108025.2,0.0880229558770352
TK1,ESPL1,0.0880011211793784
CST7,RP11-816J6.3,0.0877887201262153
MRM1,MTTP,0.0876710763127833
IER2,CAPN9,0.0876164325640674
EDEM3,GSG2,0.0876076771421795
LAIR2,C11orf45,0.0876055666832143
PRKAR2B,PLCD4,0.0875429782909747
TSEN54,RP11-196O16.1,0.0874752453682233
GRAP2,LINC00638,0.0874728961512799
RP11-416N2.4,RP11-456K23.1,0.0874505302744294
IER2,RP4-677H15.4,0.0874251041659813
APOM,FAM47E,0.0873507107912482
TPST2,DCLRE1A,0.0873498174526028
RPL3,CLDN22,0.0873332683344692
RPAP3,RP11-511B23.2,0.0872644345232172
RP9,C1orf111,0.0872560648629616
GOLIM4,LAMB3,0.087106092666195
DUSP1,RP11-546M21.6,0.0871039416003862
TCL1A,HCAR1,0.0870574653583953
HLA-DQB1,CLDN23,0.0870026329452081
CX3CR1,RP11-456K23.1,0.0869816772453656
CRIP2,CTD-2527I21.7,0.0869375465719205
TMCO3,RP11-81H3.2,0.0868880118421252
POU2F2,MTTP,0.0868737649750214
NCKAP5L,DNAJB5,0.0868681149136288
EIF4EBP1,JAG2,0.0867348072639989
IER2,CLDN22,0.086692701556453
CCNY,MTTP,0.0865595468118351
CD97,FOXE1,0.0865001251921487
HCK,DNAJB5,0.086412752907479
CCR2,ACTG2,0.0863674556148578
KLF6,FBXO30,0.086308281901812
STAT3,RP11-106M3.3,0.0863079376190504
KLF6,PDE7B,0.0863053729079892
SMAD1,CTD-2192J16.26,0.0862721974175173
KLRG1,RP11-414H17.5,0.0861611285326438
PDE4A,RP11-713D19.1,0.0860953660264041
SFXN5,CAPN9,0.0859716971215754
RSU1,CTD-2527I21.7,0.0859642663923172
GSTP1,CTD-2619J13.3,0.0858782172932226
KBTBD6,FOXE1,0.0858565538185675
C5orf56,VASN,0.0857616425466312
BIRC6,MTBP,0.0857014637057566
RPP25L,RP11-118K6.3,0.0856807664944846
TSPO,HCG20,0.0855801838149301
TP53BP2,RBL1-1,0.085317505762999
ASGR2,RP11-665G4.1,0.0853169145369528
RAB11FIP1,CLDN22,0.085275933838915
POU2F2,FZD8,0.0852565552445075
ANKIB1,DCLRE1A,0.0852106737886804
LYZ,S100A3,0.0851440769704512
EPHB2,AC015971.2,0.0850997165528851
AVP,SCML2,0.0850816991044849
PTPRN,EPAS1,0.0850090616457343
PTPLAD1,RP11-686D22.4,0.0849790121397591
C7orf50,RP11-348N5.7,0.0849555431725828
GPX1,DNAJC28,0.0849151913908186
SOAT1,RP11-167N5.5,0.0848333241661117
ARHGEF11,AC015971.2,0.0847735926760357
EGFL7,BMP6,0.0847524377031784
ITGAL,SNRK-AS1,0.0847019714767511
PTGDS,PTPRR,0.0846553835533268
RP11-863K10.7,ARHGAP44,0.0846391060006306
GP6,MMP1,0.0845839077995378
FANK1,ARHGAP44,0.0845275962582061
LST1,RP4-655J12.4,0.0845220803478965
GRN,FOXE1,0.0845093003301394
SELPLG,CTD-3194G12.2,0.0844160531204719
RBM11,DNAJB5,0.0843988383864439
FGR,PSD3,0.0843970589184514
NGFRAP1,CTC-503J8.4,0.0843538321895505
C1orf21,ARHGAP44,0.0843417982444128
ID3,RP11-167N5.5,0.0843169810881635
RP11-505K9.1,JAG2,0.0842043236765557
LYZ,RP11-118K6.3,0.084162950035269
GCHFR,SIAH3,0.0841496049485432
BMP1,FBXO30,0.0841225583856239
CRIP2,FOXE1,0.0841211263574932
AC016757.3,MTTP,0.0840989672721803
RPL34,SEZ6,0.0840457895697049
FERMT3,HBA2,0.0840171223361866
C4orf48,C1orf101,0.0839782474827699
PACSIN2,AC009312.1,0.0838929486179942
ADRBK2,DIRC3,0.0838655795621549
HCK,RP11-511B23.2,0.0838332093957675
COTL1,RP11-423C15.3,0.0837090453913997
BRI3,AC108025.2,0.0836710722798721
TIRAP,FAM225A,0.0836242686755696
MALAT1,RP11-524F11.2,0.0836183398303488
VSIG8,AF131215.5,0.0834257211672426
FCGRT,DNAJC28,0.0834137180838583
SCT,TTC39A,0.0833575226834937
SPON2,TNS4,0.0833308124041432
GRN,AL049829.1,0.0833199651980101
AGTRAP,AC009312.1,0.0832997797227455
COMT,COL1A1,0.0832420178998884
BIRC6,SIAH3,0.0832101395687051
UBE2F,RFX8,0.0830970495665683
FOS,NLGN3,0.0830379521751139
IFITM2,NODAL,0.0830167977614575
S1PR5,KRBOX1-1,0.0830019403642975
CSF3R,AP3B2,0.0828476392680513
CTSD,C15orf65,0.0828267314543063
ISG15,CAPN9,0.0827029274569842
FLNA,VSTM2B,0.0826763628269368
PTPLAD1,TRIM54,0.0826402398813553
APLP2,LINC00638,0.0826305109823563
KIFC3,LRP12,0.0826074838285261
MVB12B,AP3B2,0.082594255632839
RP4-756G23.5,RP11-546M21.6,0.082582995521241
ZNF264,LINC00638,0.0825247837870976
KLRD1,RP11-225B17.2,0.082498099220401
PFN1,TNS4,0.0824147955481656
WASF2,RP11-54O7.1,0.0824113971719245
ANPEP,ELMOD1,0.0823906182168991
B2M,PLCD4,0.0822518069458562
HLA-A,CTC-498J12.3,0.0822409550162883
TREML1,RHD,0.082240339441801
TTLL11,C19orf44,0.0821612827595261
CAPG,CTD-3224K15.3,0.0821088034836551
IFI6,DCLRE1A,0.0820586374045866
MVB12B,AF131215.5,0.0820549282054007
MT-CO1,CXCL10,0.0820341334147521
MT-CO1,LAMB3,0.0820191881145619
ZNF366,HSPA12B,0.0820079983585649
PPM1F,LYPD2,0.0819795153549543
LGALS1,USP27X-AS1,0.0817022183651482
NOTCH1,RP11-787I22.3,0.0816882180448252
RP11-73K9.2,FBXO30,0.0815499464173188
B2M,RP11-787I22.3,0.0815445077008448
S100B,RP11-713D19.1,0.0815411194530186
CTSH,DNAJC28,0.0815255776012672
SLC10A3,RFX8,0.0815196943923268
RP11-885N19.6,DCLRE1A,0.0814224536757309
LTB,USP27X-AS1,0.0814154112344738
DYNLT1,RP11-686D22.4,0.0813482574169386
SRPK2,FOXE1,0.08125910727151
CD63,C15orf65,0.0811511036416107
FERMT3,FZD8,0.0811247713181229
DGKZ,RP11-505P4.7,0.0810803623911168
CD79A,CTD-2620I22.7,0.0809660968553194
C14orf80,CLDN23,0.0809236353713988
PEAR1,BMP6,0.080916677332629
FCER1G,RP11-769O8.2,0.0806136515315456
LINC00989,GABRD,0.0805798467245347
PLOD1,CLDN22,0.0805622306429632
PRSS23,RP11-713D19.1,0.0804547522595638
RPLP1,RP11-168O16.1,0.0804164054186568
SPI1,ARHGAP44,0.0804068734715693
C4orf21,RP11-269M20.3,0.0803636376453743
ATP2A2,EPAS1,0.080363486048927
GLIPR2,AMZ1,0.0803369754729044
NCR3,DIRC3,0.0803035173198607
STOM,CLDN22,0.0802436832439064
AKAP13,RP11-505P4.7,0.0801330892930552
IGF2R,RP11-686D22.4,0.0799996622271217
DTX2,APCDD1,0.079955428673115
FTH1,RP11-362K14.7,0.0799436307124777
LIMS3-1,GRIN2D,0.0798592707263023
APOBEC3G,RP11-325I22.2,0.0798328064533155
RAI1,RP11-196O16.1,0.0797859895817059
FCGRT,C19orf44,0.0797790214591843
IRF8,C1orf111,0.0797461370939563
UBR4,FANCE,0.0797339195723364
OAZ1,RP11-816J6.3,0.0796282877049588
RP11-71G12.1,AC007036.6,0.0796002344929345
ABCC3,LRP12,0.0795478379899368
LINC00926,WFDC3,0.0795434471305471
LYZ,C15orf65,0.0795361966705707
OAZ1,TNS4,0.0795288784050528
ZNF41,RP11-686D22.4,0.0794625592591607
KDM5A,MTBP,0.0794012938761928
RPLP1,ARHGEF28,0.0792745247539592
MZB1,RP11-122G18.5,0.0792719024541071
INTS1,CCR8,0.0792697781260416
SPIB,S100A3,0.0792645176245042
SELP,RP11-142C4.6,0.0791225907373052
CTBP2,VASN,0.0791144863781147
CCR1,ACTG2,0.0790823466961057
HIST1H2BK,PLCD4,0.0790161697689864
CTSS,FAM47E-STBD1-1,0.0789774620376369
SMPD3,ARHGAP44,0.0788721947773214
CIITA,WFDC3,0.0788208275342854
HLA-DQB1,RP11-524F11.2,0.0787949249758323
EED,CENPI,0.0787776878743585
NBPF10,ARHGAP44,0.0787551531335549
BOD1L1,PTH2,0.0787070077262008
TCHP,RIPK4,0.078663911006697
TPCN1,PLCD4,0.0786410620193342
INPPL1,RP11-524F11.2,0.0785479703729016
TP53BP2,CCR8,0.0785096070618604
WDR11-AS1,DNAH12,0.0785012573494187
IER2,RP11-348N5.7,0.0784964543987995
SLC43A2,GRIN2C,0.0784945490957302
GSTP1,JAG2,0.0784907251609629
SLC19A1,AC068282.3,0.0784471417502964
DMTN,AC140481.2,0.0784414691795663
PYHIN1,RFX8,0.0783156313737546
PDCD7,CTC-498J12.3,0.0782980979449241
RCE1,RP1-261D10.2,0.0782943816752826
S100A11,RP11-505P4.7,0.0782125334819558
IL10RB-AS1,TTC39A,0.0779639827962779
ZNF707,TMEM105,0.0779476917223
MYO9B,AC068282.3,0.0779470507574153
S100A4,FAM225A,0.077907658595962
DUSP1,SEZ6,0.0778546613431632
RP11-282I1.1,TTC39A,0.0778514734822646
LY86,PDE7B,0.0778337839362718
FAM212B,AC015969.3,0.0777670611188226
CD7,CASC2,0.0777571611427722
LGALS1,CXXC4,0.0776650689440012
CD300A,CENPI,0.0776512119552775
PYHIN1,CLDN22,0.0776163069575164
RPLP1,PLCD4,0.0775969027381679
GCHFR,SNRK-AS1,0.0774875346016861
TMSB4X,RET,0.0774699354053358
CTSD,FOXE1,0.0773579022202748
PARD6G,RP11-686D22.4,0.0773145414379711
MXD1,AC000068.5,0.0773062772174408
RPAP3,ESPL1,0.0772839640609364
ACSL3,RP11-686D22.4,0.0772210051154403
R3HDM2,FOXE1,0.0771931392460236
TREML1,MMP1,0.0771556317086794
CAST,FBXO30,0.0771436208109521
ZNF467,AC015971.2,0.0771283477304758
GPR68,PDE7B,0.077102158828494
BIRC3,HCG20,0.0770698627585438
HRASLS,RP1-86C11.7,0.0770516308757308
IRX3,RP11-546M21.6,0.077049063788673
LYZ,HCG20,0.0770335345023528
FCRLA,APCDD1,0.0769170478586273
TMSB4X,ASB9,0.0769067970336135
VIM,PAPL,0.0767931006917643
RUFY1,ZNF572,0.0767739993922282
AC011043.1,RP11-348N5.7,0.076720048636596
CAPG,RP11-686D22.4,0.0766832763822885
DOCK2,SEZ6,0.0766576952640714
ASGR1,RP11-29H23.4,0.0766091989098996
PHLDA2,FAM225A,0.0766000284441912
C16orf54,RP11-55K13.1,0.0765911626362313
C7orf50,CYP46A1,0.0765783346185427
LYAR,AC016738.4,0.076542048518513
MALAT1,ZFHX2,0.0765231542027328
RRBP1,AC015971.2,0.0764941411662129
CLEC4F,AC015971.2,0.0763677527451569
MT-ND2,VASN,0.0763594663880832
VAV3,CLDN22,0.0763315821010141
SCGB1C1,MAEL,0.0761366689259417
ISG15,ARHGEF28,0.0760497347182172
TMSB10,ARHGAP44,0.0760245357375837
RPL34,RP11-713D19.1,0.0759953334127529
MYO6,AC140481.2,0.0759440393409575
CCDC135,GRIN2D,0.0759311698060136
LINC00989,SPTB,0.0759301697134719
MCUR1,CTC-498J12.3,0.0759258537849404
JAKMIP2,GPR153,0.0759236512748852
MFSD1,AC000068.5,0.0759030036304262
HLA-DPB1,RP11-314C16.1,0.0758114808638103
HLA-A,PDE1A,0.0757987825712367
PYHIN1,TNS4,0.0757497795014645
BATF,CTC-523E23.1,0.0757487388000115
PLXDC2,FANCE,0.0756224628679603
KIAA1715,GJC2,0.0756151045376222
RRBP1,RP4-677H15.4,0.0755956081781667
ZDHHC19,AC015971.2,0.0755826013793911
SIK3,RP11-358L4.1,0.0755574289162367
PFN1,IQSEC3,0.0755497928658067
RPL3,AC000068.5,0.075544063788164
CTSS,LYPD2,0.0755216070195961
AC016586.1,ESPL1,0.0754844854126791
RP11-431K24.1,RP11-122G18.5,0.0753209271657646
SZT2,AL049829.1,0.0748707743758085
RP11-290F20.3,FAM225A,0.0748178869825496
RP11-649A18.12,CTD-2192J16.26,0.0748078965691249
GNLY,RP11-142C4.6,0.0747727941083926
MAFB,LYPD2,0.0746813376409778
SAT1,WFDC3,0.0746798322924413
IFITM2,LHX1,0.0746257059706137
PPP2R2B,CTC-523E23.1,0.0745746988242691
GCLC,FOXE1,0.0745149153783078
VPREB3,RP11-328M4.2,0.0744782744934211
ASIP,C19orf44,0.0744560461845176
PFN1,HCG20,0.0744402182937687
NPC2,RP11-686D22.4,0.074298482807887
IQGAP2,RP11-142C4.6,0.0742578616538048
CD36,S100A3,0.0742346669666925
ANXA2,ESPL1,0.0741859263056444
RP11-573G6.10,FANCE,0.074182345488885
FTL,RET,0.0741522681099104
IER5,CXXC4,0.0740936403807194
S100A4,KRBOX1-1,0.0740461954233508
MS4A7,RET,0.0740364715904916
JAM3,PLCD4,0.0740168697658696
EFHD2,CCDC110,0.0739990687074466
SNAP23,AFAP1L1,0.0739657597266473
TLK1,MAEL,0.0739158023005325
UBE2C,SOX13,0.0739022535946914
CD74,HSPA12B,0.0738026367829193
ID1,RP11-168O16.1,0.0737241414300554
SLPI,LYPD2,0.0736854324401718
PTPRN,MAEL,0.0736811523219636
C1orf216,CENPI,0.0735702834931362
AL022341.3,ZFHX2,0.0735370974851495
LTB,RP11-142C4.6,0.0735294283288359
WASF2,RFX8,0.0734617860692171
VIL1,RP11-15A1.7,0.0734214542291175
CATSPER1,GRIN2D,0.0734168139711904
CDKN2D,CTD-3194G12.2,0.0734010040416793
LYZ,AC015971.2,0.073366944682009
CDKN2B,RET,0.0733574381848826
GGA1,C1orf101,0.0733549784082002
RBM27,AL049829.1,0.0731794452622201
SYNGR1,CLDN23,0.0731250782193105
SFXN5,FANCE,0.0730889535138314
TYK2,HBA2,0.0730686782333416
CD63,C1orf177,0.0730150650360032
TLE1,MTBP,0.0729581160045612
STMN1,C2orf48,0.0729048667237474
TMEM205,ESPL1,0.0728601591822326
NKAPL,SNX24,0.0728419872848862
RAB3D,RGS9BP,0.0728294042681983
TLN1,HBA2,0.0728283424164834
CAST,CTC-523E23.1,0.0728009466755077
MFSD2A,RP4-655J12.4,0.0726306751049006
VAC14,RP11-505P4.7,0.0724609984558322
SERPINF1,AC015971.2,0.0724493072272673
LYN,PNMT,0.0724468842387637
VAV3,C15orf65,0.0724420548704106
RPL34,HCG20,0.072415446055135
CD97,C11orf45,0.0724036602727045
SCT,S100A3,0.0723761933362536
NCOA4,GJC2,0.0723527563045204
GLIPR1,CTD-3224K15.3,0.0723054422862309
MT-CO1,AF131215.5,0.0722815916860467
ADAP1,AC009312.1,0.0722606175802188
THAP6,PTPRR,0.0722596913586229
ITM2C,RFX8,0.0722410087140013
ARID5B,RFX8,0.0721588096528876
ARID5B,C19orf44,0.0721292963394786
LILRA4,TTC39A,0.0720705910817455
OAZ1,PTH2,0.0720085900505219
C12orf75,RP11-225B17.2,0.0720000523928277
S100A4,HCAR1,0.0719925335121283
SNCA,AC015971.2,0.0719727036396574
VLDLR,FAM47E,0.0719557310045441
PLAUR,AC007036.6,0.0719516826494135
FTL,CTD-2192J16.26,0.0718366704159481
FAM212B-AS1,RHD,0.071775578701095
APOBEC3G,RHOV,0.0717389661060355
S100A4,SOX13,0.0717366917954891
AIF1,HSPA12B,0.0716340482887617
PID1,CTD-2527I21.7,0.0715985411783796
LGALS1,AP3B2,0.0715806662868719
METRN,C1orf177,0.0715408097738592
GPATCH2,ESPL1,0.071491955816403
RPL34,RP11-362K14.6,0.071480292312785
SPOCD1,LRP12,0.0714664226438486
JUP,RP1-122O8.7,0.0714569751996063
SERPINA1,DNAJB5,0.0714382547902621
YWHAH,PTH2,0.071432295106185
SIGLEC7,CXXC4,0.0714279220990879
ACTB,FANCE,0.0714172102515891
CTSZ,FBXO30,0.071355656661433
CTSW,RP11-713D19.1,0.0713257534753201
KIAA1522,IL10,0.071298212488389
PTRH1,LINC00638,0.0712453064755229
CELF1,IQSEC3,0.0712328301796032
SEC24B-AS1,RP11-15A1.7,0.0712032446984141
MT-CO1,CTC-523E23.1,0.0711792147632835
CTSA,PLCD4,0.0711015912380125
HLA-A,FOXE1,0.0709914375549886
NGFRAP1,AF131215.5,0.0709665347293577
DGKZ,DDR2,0.0709629338174846
SAMHD1,SOX13,0.0709626262287526
FERMT3,SNX24,0.0709133422590192
GZMB,RP11-81H3.2,0.070899446694748
KLF6,GSG2,0.0708964278389883
TMSB4X,CTD-2081C10.7,0.0708280651044913
SRPK2,AC015969.3,0.0708145055073174
S100A11,LAMB3,0.0708019997561673
GP6,GRIN2D,0.0707716850211557
C1orf233,ESPL1,0.0707401475632879
RAB31,PDE1A,0.0706211442459371
USP42,RFX8,0.0706184525294324
NAGK,RP11-276E15.4,0.0705781137198774
GLIPR2,RHD,0.0705404991153926
AVPI1,CLDN23,0.0705196890136429
RUFY1,KRBOX1-1,0.0704882131304676
C11orf68,BBS5,0.0704574342660467
CEP44,XX-FW83128A1.2,0.0704476773376419
RP11-879F14.1,DNAH12,0.0703983606847877
TMEM141,RP11-81H3.2,0.0703681934052923
ARHGAP35,DCLRE1A,0.0702379673838453
LYZ,RP11-816J6.3,0.0701625128028334
FOS,C15orf65,0.0701223566927272
FCGR3A,RP11-713D19.1,0.070070708557573
JUN,FANCE,0.0699960077662874
FAM212A,AL049829.1,0.0699744976998309
ZNF593,RP11-106M3.3,0.0699020269007113
ADRBK1,HBA2,0.0698739689022229
FLNA,HBA2,0.0698523095913421
CTC-246B18.10,GSG2,0.0698422079746785
IFITM2,RP11-358L4.1,0.0698072473269081
LST1,RET,0.0697579223617038
CTDNEP1,AMZ1,0.0697574570448358
IER5,CGN,0.0696205713622548
RPL3,RHD,0.0695391975303356
EXD3,RP11-787I22.3,0.0694737902671308
RAPGEFL1,C11orf45,0.0693087332921561
SMG5,ARHGEF28,0.0692924823612533
ARID5B,EPAS1,0.0692120237995108
PPP1R12C,ESPL1,0.069157696602299
IFI30,AC015969.3,0.0691213566508953
FCGRT,CTD-3194G12.2,0.069074791958889
HBG2,RHD,0.069066900036434
PFN1,FAM47E-STBD1-1,0.0689886711557284
CCDC88B,CTD-2192J16.26,0.0689655178984949
C1orf35,RP11-225B17.2,0.0688356343537452
RNF130,AL049829.1,0.0688001923914462
CTSW,RP11-816J6.3,0.0687662788039784
ACTB,IL17A,0.0686491311799017
CCDC24,RP11-269M20.3,0.0686364778492804
CXXC5,RP11-420L9.5,0.0685774898596866
C1orf35,RP11-168O16.1,0.068572965389997
LTB,ACTG2,0.0685719812107131
TIGIT,HM13-AS1,0.0685003415398645
MT-ATP6,RP11-328C8.4,0.0684908090231095
CTSW,AFAP1L1,0.068401066589662
AHNAK,GPR153,0.06833379154586
RPL3,EPN2-AS1,0.0682739192924688
HLA-DRA,AC015971.2,0.0682662438677007
JUN,RP11-722E23.2,0.0682418182071496
POU2F2,RBL1-1,0.0682340871799687
CD74,RP11-122G18.5,0.0682170927995642
LRIF1,C11orf45,0.0682117937363864
FCRL6,BBS5,0.0681875983053001
FGR,USP27X-AS1,0.0681332581703982
EGFL7,ASB9,0.0680538976776626
CYB561A3,PDE1A,0.0680537661408421
HLA-DQA1,AC000068.5,0.0679784864433353
ARHGAP26,RET,0.0679178633167535
MNDA,ESPL1,0.0679120990405288
SLC12A9,LONRF2,0.0679003009779094
CD72,PTPRR,0.0678916404235396
STXBP2,CENPI,0.0678569522827647
RNASEK,RP11-524F11.2,0.0677824948840563
C9orf89,AC015969.3,0.0677560426742866
IFI6,AGAP9,0.0676966824088145
LYL1,IL17A,0.0676876665846653
GAPT,AC015969.3,0.0676450106472122
MFSD1,AC015971.2,0.067624976141165
AIF1,AC007036.6,0.0674696402278245
PDCD7,CTD-3224K15.3,0.0674089280570053
MB21D1,RP11-816J6.3,0.0673978298584541
MYOM2,LYPD2,0.0673878697227187
MT-ND1,RP11-816J6.3,0.0673838368139015
CYTL1,RP1-86C11.7,0.0673718844984501
ITGA2B,RP11-142C4.6,0.0673534812462442
VIM,RP11-713D19.1,0.0673280953076283
TMSB4X,CTC-498J12.3,0.0672940697350456
KIF2A,AC000068.5,0.0672523218319585
ACTB,CTD-3194G12.2,0.06724974420034
RP11-66N24.4,STRIP2,0.0672458680246314
CHAC2,ESPL1,0.0671942974544499
TBXAS1,CTD-2527I21.7,0.0671625702754744
IFI6,RP4-677H15.4,0.0671575156710636
BCL2L1,SPTB,0.0671426291964819
CD97,LYPD2,0.0670595463794743
PLEKHM2,IL17A,0.0670343870311323
GPR56,HBA2,0.0670328476596181
FTH1,AGAP9,0.0670149938529295
APOBEC3G,RGS9BP,0.066968891888373
CD7,FKBP9,0.0669312459762398
DUSP2,FOXE1,0.0668915119003015
HSCB,C1orf177,0.0668785523438564
FTH1,PDE7B,0.0668293679853587
FTL,RP11-713D19.1,0.0666957091222247
TUBA4A,CTD-2527I21.7,0.0666882686318258
TP53,FAM47E,0.0666391514010013
CYB561A3,AC000068.5,0.0666241008677088
GIGYF2,EPN2-AS1,0.0665907394143473
FCGR2B,PDE1A,0.0665728181677453
RP11-291B21.2,FAM47E,0.0665331144523176
MATK,RP11-276E15.4,0.0664833652091167
FGFBP2,CLDN22,0.0664656346058576
GMPR,AC015969.3,0.0663589400847332
SCAPER,RP11-816J6.3,0.0663364911359127
NCF1,ACKR2,0.0662897798037286
NUDT9,RGS9BP,0.066252702334866
IL32,CGN,0.066239209689647
CTSD,KRBOX1-1,0.0661642844614389
CTSZ,RP11-816J6.3,0.0660566130358524
CTD-3074O7.12,WWC2-AS2,0.0660318001474993
PDXK,EPAS1,0.0660284757884788
PTGDS,HM13-AS1,0.0660168088394999
CTD-2035E11.3,RP11-15A1.7,0.0659615072446794
MIR4453,AC000068.5,0.0659495062565673
AGTRAP,ACTG2,0.0659284760503704
FCER1G,CTD-3194G12.2,0.0659114734544802
MT-CO1,RP11-420L9.5,0.0658532661922835
HLA-DQA1,RP11-106M3.3,0.0658334844025718
MYL6,AC009312.1,0.0658291443314379
GSTO1,AC015971.2,0.0657670212378226
FPR1,CASC2,0.0656845409298262
YPEL1,RP11-81H3.2,0.065661483370587
MALAT1,C1orf101,0.0656584977125432
HIST1H2AC,SPTB,0.0656504223215194
SGK3,ARHGAP44,0.0656418619517461
HLA-DRB1,AC015971.2,0.0655958585015315
FUOM,ASB9,0.0655277973007123
ARID5B,AFAP1L1,0.0655163712903618
NRROS,SPTB,0.0655152951298739
ID1,ELMOD1,0.0655142785699786
METTL22,LIF,0.0654456999923928
AGTRAP,FOXE1,0.0654052223050597
JUN,RP11-81H3.2,0.0653769607678476
RNF130,AC000068.5,0.0653563857888934
DUSP1,HSPA12B,0.0652519926283085
NGFRAP1,RP11-314C16.1,0.0651788428845632
UNC93B1,ESPL1,0.0651686549310475
RPL34,SIAH3,0.0651148608613327
TMSB10,CTC-503J8.4,0.0650836040777713
ECE1,IL17A,0.065071879498499
ADAP2,AC015971.2,0.0650298519194717
TSPAN13,C15orf65,0.0650020253863543
MIR24-2,AC015971.2,0.0649419120777135
PHLDA2,COL1A1,0.064915670599446
CST7,CTD-3194G12.2,0.0648935572669328
CDC42EP3,NODAL,0.0648524617324096
ERCC6L,AC108025.2,0.0648381943649807
CTSA,CTD-2619J13.3,0.0648232203456484
CX3CR1,SEZ6,0.064811055165923
RP11-466P24.6,LRP12,0.064808408692182
DNAJC1,RP11-787I22.3,0.0648070830455308
PPP1R12C,RP11-816J6.3,0.0647420864427043
RUNX3,SEZ6,0.0646783190966187
ACTB,ACKR2,0.0646354418637766
SOCS4,LONRF2,0.0646143893729585
MAX,VNN3,0.0645558551604775
GRK4,RP11-106M3.3,0.064544149150172
MT2A,LINC00951,0.0645074366065537
FAM212B,RHD,0.0644798417756857
DUSP1,LONRF2,0.0644668374893255
ARRB1,ESPL1,0.0644075290776121
DUSP1,AC016738.4,0.0643805686041013
PHF21A,PDE7B,0.0643655820714768
STXBP5,GPR153,0.0643011473899751
B2M,ACTG2,0.0642298153429846
APLP2,HCAR1,0.0642207884482175
PRR3,VASN,0.0642160354065193
C19orf38,RP11-81H3.2,0.0641949243692473
HLA-C,KCNK5,0.0641691907134364
CD63,LINC00951,0.0641472620678334
ASAP2,RHD,0.0641029983663489
TMCO3,AMZ1,0.0640905910160997
MAX,TNS4,0.0640666700498172
VTI1B,CTD-2619J13.3,0.0640660690275346
RBM27,CXXC4,0.0640211946431476
C12orf39,GRIN2D,0.0640049909594293
PI4K2A,RP11-362K14.7,0.0639449078193348
ANXA2,CTC-523E23.1,0.0638434920061494
RP11-690G19.3,TNS4,0.0638381802349081
S100A11,CTD-2192J16.26,0.0637297692292595
RNASEK,ESPL1,0.0636390899189243
BIRC3,NODAL,0.0636269193426457
PYGL,LYPD2,0.063593738660731
NFKBID,RHOV,0.0635687624843853
ABI3,KRBOX1-1,0.0635568168421303
CD79A,RP11-275I4.1,0.0635122709208696
HRH2,RP11-362K14.6,0.0634621474500359
IQGAP1,RP11-816J6.3,0.0634537189244502
DHX34,LINC00638,0.0634346220764113
GPR137C,RP11-29H23.4,0.0634215494732333
CD74,GSG2,0.0633834928881751
DGKZ,RP11-276E15.4,0.0633125915553494
SCAPER,CTC-523E23.1,0.0633024138921568
S100A11,CAPN9,0.0632908797762666
TSPAN9,RP11-546M21.6,0.063279333244947
SCAPER,ESPL1,0.0632456469490832
CD74,AP3B2,0.0632438045955701
GPM6B,HCAR1,0.0632063743972283
LCN12,FAM47E,0.0632021719967248
MYL9,WFDC3,0.0631524510094057
RP11-690G19.3,C19orf44,0.0631323721302592
IMPA2,RP11-546M21.6,0.0628108857649052
RBM27,AC000068.5,0.0627527422056194
SULT1A1,RP11-118K6.3,0.0627279369594351
TUBA1C,RIPK4,0.062717821000168
CCNK,C1orf177,0.0627036347115044
C6orf120,CENPI,0.0627031117133988
FERMT3,C11orf45,0.0626748554027398
CD8A,UNC13A,0.0625905043617643
RPLP1,RP11-348N5.7,0.0625879531947267
BANK1,RHD,0.062533257809918
SMOX,RP11-15A1.7,0.0624203542452828
IRF8,AC108025.2,0.0623803937789745
MESDC2,LIF,0.0623549713034881
SNORD3B-2,AC000068.5,0.0623196131525138
ANXA2,RP11-524F11.2,0.062308133473515
NCR3,KRBOX1-1,0.062292036189023
PFN1,RP11-358L4.1,0.0622512573768418
PSEN2,AC140481.2,0.0621993875064924
FCN1,RP11-816J6.3,0.0621909899088167
GZMA,CCDC81,0.0621813906415531
TESC,NODAL,0.0621171469948306
RPL3,CTD-2527I21.7,0.0620896956392315
PF4,RP11-546M21.6,0.0619743626551112
TPST2,CTRC,0.0619572504473068
KLF6,RP11-55K13.1,0.0619253192223914
CAST,DCLRE1A,0.0618948479191659
RP11-185E8.1,GRIN2D,0.0617509299292486
GLIPR2,AC108025.2,0.0617150800002748
CD8A,ESPL1,0.0617030385204801
GSTP1,AL049829.1,0.0616924705152231
CUEDC1,DNAJB5,0.0616240621904446
LPP-AS2,DNAJB5,0.0616199431930548
CD7,FAM47E-STBD1-1,0.0615873642029093
SMOX,EPAS1,0.0615334286566164
PARVB,S100A3,0.0614946147779429
CLIC3,MST1R,0.0614601326635593
MALAT1,RP11-118K6.3,0.0614488138383331
CHST13,SNX24,0.0614483055650477
CNRIP1,RP1-86C11.7,0.0614170824325249
S100A4,ARHGAP44,0.0613706834863296
RPL3,RP11-362K14.6,0.0612852159858089
MYL6,RET,0.0612786589942388
CMTM5,RHD,0.0612718236455853
CWC25,RP11-196O16.1,0.0612292629382541
TUBB4B,SEZ6,0.0612284469767547
TPM2,RP11-816J6.3,0.0611714770065786
FAM26F,RET,0.0611556977203537
HEBP2,NODAL,0.0611197648478647
RPLP1,AC000068.5,0.0610794503221077
TUBA1C,ZFHX2,0.0610570402086722
TNNC2,GRIN2D,0.0609767583773917
CD68,RP11-816J6.3,0.0609533892075617
TPSAB1,PNMT,0.0608951804397607
OASL,WWC2-AS2,0.0608759244335822
FUOM,AC016738.4,0.0608655992880142
SELPLG,RP11-524F11.2,0.0608629587048933
DENND1B,RFX8,0.0608251787661566
CMIP,RHD,0.060800896283877
ITGA2B,RP11-546M21.6,0.0607928930622286
TMSB10,RP11-328C8.4,0.0607521014144984
RSU1,AGAP9,0.060718167110276
CLDN5,RP11-15A1.7,0.0607172404895355
IER2,SEZ6,0.060705037399159
GNAZ,MMP1,0.0606474170853659
B2M,FBXO30,0.0605530917929821
CDKN2D,CTD-2192J16.26,0.0604923405226636
CEP44,DIRC3,0.0603857064923057
GSTO1,SIAH3,0.0603824845425591
FYN,CASC2,0.0602870322040144
LRFN4,VSTM2B,0.0602641818801788
RPL34,IL17A,0.0602518387298783
NKG7,CXXC4,0.0602374715969283
EGFL7,RHD,0.0601948697312205
CD7,C1orf177,0.0601926319356098
PFN1,AC108025.2,0.0601902884419109
HGD,DCLRE1A,0.0600821730188728
EFHD2,RP11-275I4.1,0.0600398282475921
TCHP,AP3B2,0.0599677459226967
CTBP2,RET,0.0599121145815211
IL17RA,AC009312.1,0.0598983759473948
PTCRA,HCAR1,0.0598830618863232
TSPO,LINC00638,0.059881796443504
TUBA1C,FOXE1,0.0598670954671321
MYCBP2,AC015971.2,0.05984008693056
MB21D1,EPAS1,0.0598319321576459
GZMB,HCG20,0.0597547512246516
FTH1,RP4-677H15.4,0.0597323262647384
HIST1H1B,RP11-314C16.1,0.0597250798682282
FTH1,MTTP,0.0597000335941278
SLA,NODAL,0.0596694835541451
SELP,SPTB,0.0596351322799074
CAPNS1,GRIN2D,0.0595735320172363
COPRS,RP11-196O16.1,0.0595663644492179
LRP1,TMEM105,0.0595074396196576
PTPN11,DNAJB5,0.059457747005982
TBX21,KRBOX1-1,0.059447683434963
CTSW,KRBOX1-1,0.0593316620497909
ITGAX,JAG2,0.0593059026661005
PFN1,AGAP9,0.059288057694777
MT2A,GRIN2C,0.0592799255326399
AP001055.6,RP11-722E23.2,0.059263453060483
MYO1F,RBL1-1,0.0592420138424639
ADRBK1,BBS5,0.0592371217459339
LTBP1,MTBP,0.0592278892988238
RGS18,RP11-456K23.1,0.0591986290776771
TIRAP,MTTP,0.0591905831140153
ACTB,KRBOX1-1,0.0590756988814035
ST3GAL6,HCAR1,0.0588535450659511
BIRC3,RET,0.0588122032159049
ZNF114,RET,0.058749380929136
MCUR1,WFDC3,0.0587078552144316
SNAP23,RP11-414H17.5,0.0586464865249289
HLA-DMA,RP11-196O16.1,0.0586167340581701
FANK1,ARNTL2,0.0586118187804415
SLC12A9,RET,0.0586070807268294
KIF21B,RP11-275I4.1,0.0586018317425692
STAT3,JAG2,0.0585768538566877
RP11-73G16.2,TTC39A,0.0585596869392507
IFI6,CXCL10,0.0584981664481998
RP5-1028K7.2,FOXE1,0.0584895927668342
PRSS23,RP11-81H3.2,0.0584092152871808
MBP,ESPL1,0.0583916429221056
UBXN6,LINC00951,0.0583690305525889
BATF,GPR153,0.0582921167601074
TNFRSF1A,CCDC110,0.0582913352083989
FAM221B,TTC39A,0.0582909148090525
HLA-DQA1,RP11-456K23.1,0.0581789476949902
RPLP1,IQSEC3,0.0581551839268248
S100A4,AGAP9,0.0581218501903126
PAK4,C19orf44,0.0580087855461156
DUSP1,APCDD1,0.057996910565213
RP9,LIF,0.0579218188226433
ITGB3,RP11-546M21.6,0.0579068256236041
PASK,AC000068.5,0.0578849837405519
TIMP1,TMEM105,0.0578425681051613
PKIG,RP11-269M20.3,0.0578182135005118
MATK,CGN,0.0577213362739037
ARHGAP26,SOX13,0.0576784692744524
SLC19A1,AC079354.5,0.0576112730926112
MALAT1,AC140481.2,0.05759455955781
SDPR,SPTB,0.0575704479532124
SYMPK,AP3B2,0.0574709713836334
LCOR,GJC2,0.0574468814316739
RP11-396F22.1,C1orf177,0.0574397433898463
STXBP2,LINC00638,0.0574376414865211
CST7,CENPI,0.0573792098002999
IRF4,KCNK5,0.057341061101044
SELP,WFDC3,0.0572752774104356
COTL1,CTC-523E23.1,0.0572545413635276
C1orf21,IL10,0.057160854873571
CA2,SPTB,0.0571229516511047
MT-ATP6,KRBOX1-1,0.0571130927502665
POMC,AP3B2,0.0570967143434397
AP000487.5,LRP12,0.0570911277787852
WASF2,RP1-261D10.2,0.0570456872332247
GZMK,RP11-362K14.7,0.0570346818667106
ZMYND8,RFX8,0.0569113331836403
PTPN18,GRIN2D,0.0568778771929643
OAZ1,RP11-275I4.1,0.0568709950114728
TST,GRIN2D,0.056868072356434
PTPN11,MTTP,0.0567836438845003
RSF1,HCG20,0.0567502759312101
S100A11,RP11-362K14.7,0.0566750311579872
GP9,RP11-546M21.6,0.0566561799842832
NMB,RP11-118K6.3,0.0566057306490835
ACSL3,NODAL,0.0565958048864531
PYCARD,UNC13A,0.0565878920494815
MT-ND2,XX-FW83128A1.2,0.0564906325793153
PLEK,MPP4,0.0564874431058494
FOSB,TRIM54,0.0564743542584644
ZNF467,RP11-511B23.2,0.0564434311649086
RPLP1,WWC2-AS2,0.0564405654433378
RHOC,RP11-456K23.1,0.056432466002334
IFITM2,RP11-414H17.5,0.0564238578252355
TYMP,ACKR2,0.0564237862253239
DOK7,RP11-686D22.4,0.0563682147257093
DUSP1,USP27X-AS1,0.0562431362907345
EXOC6B,RP11-362K14.6,0.0561723750078194
NFKBIA,RP11-362K14.7,0.0561390221214956
LGALS1,SNRK-AS1,0.0561106078346701
IMPA2,RP11-787I22.3,0.056077978037484
TLE1,TRIM54,0.0559945860184055
KIF2A,CGN,0.055990009611203
RCE1,RFX8,0.0559637947287168
SLC7A7,RP11-456K23.1,0.0559607690768663
TREML1,PLCD4,0.0559284857428718
DUSP5,ASB9,0.055898178401393
PQLC1,AC000068.5,0.0558665837542688
IER5,RP11-456K23.1,0.0558265495836872
PYCARD,RP11-686D22.4,0.0557913421921324
IER2,CSN1S1,0.05572434890709
GZMH,RP11-118K6.3,0.055668342538801
NCR3,PTH2,0.0556597628119443
DENND5A,RP11-816J6.3,0.0556532526244577
TRIM24,C1orf111,0.0556360608197119
ZNF185,RP11-122G18.5,0.0556156950215465
CD79A,RP11-665G4.1,0.0555285007439923
YPEL1,RFX8,0.0554875670158934
MT-ND1,RP11-196O16.1,0.0554684291577501
MT2A,C19orf44,0.055448247209888
FOXN2,NODAL,0.0554262274964922
EPB41L2,ESPL1,0.0554165774694383
NPLOC4,RP11-269M20.3,0.0554165750106794
PITPNM1,CTC-503J8.4,0.0554118364722644
KAT2B,DDR2,0.055380186765315
LRRC25,GSG2,0.0553755435402086
HLA-C,RFX8,0.0553541428015968
CD7,RP11-276E15.4,0.0553322854493183
FAM26F,AC140481.2,0.055325104108104
RPL3,CYB5R2,0.0552084080522797
TNPO2,GRIN2D,0.0551673862335928
DGKG,LRP12,0.0550526874387537
PAH,FANCE,0.0550306217723689
LGALS3,RBL1-1,0.0549899853246307
NMB,KRBOX1-1,0.054977979392113
XYLT2,UNC13A,0.0549716258949927
AKAP10,AC000068.5,0.0549572763104288
MT-CO1,CCDC81,0.0549049142625903
CMTM5,MMP1,0.0548219086217322
PTGDR,SOX13,0.0547989459729042
OAZ1,RP1-86C11.7,0.0547617075172547
IER2,CTD-3194G12.2,0.0547479819112939
AC010746.3,AC000068.5,0.0547097059373005
MT2A,RP11-81H3.2,0.0546682629049398
RCE1,RP11-456K23.1,0.0546203772848328
CD63,RGS9BP,0.0546135238927983
GNAI2,SPTB,0.0545912313838585
CPAMD8,PTPRR,0.0545673787771859
GSTP1,CCR8,0.0544955119696358
SELPLG,C17orf96,0.0544002184459001
HIST1H1C,RIPK4,0.0543979097410911
MYL6,BBS5,0.0543742997030287
HLA-DMB,RP11-196O16.1,0.0543646074173315
NEAT1,AC015971.2,0.0543535034849509
ID3,CTD-3224K15.3,0.0542719994237661
KDM5C,RP11-54O7.1,0.054251949794714
GZMH,RGS9BP,0.054206756453698
CTA-204B4.2,RP1-122O8.7,0.0541903611718441
ABI3,C1orf101,0.0541897189909394
FHL2,AMZ1,0.0541774416622118
PLEKHO1,HM13-AS1,0.0541646153060658
SNAI3,RP11-505P4.7,0.0541167331748086
SMAD1,USP27X-AS1,0.0540831882330489
HLA-DQB1,RP11-787I22.3,0.0540592365477015
NBAS,RET,0.0540451603093233
CATSPER2,ELMOD1,0.0540197539643199
ID3,LIF,0.0539214827471316
POU5F2,CTC-523E23.1,0.0539139930951592
FTL,RP11-314A20.5,0.0538844824188049
HRH2,RP11-722E23.2,0.0538832548174593
PF4V1,GABRD,0.0538435450229829
TBC1D20,WFDC3,0.0538236032109302
TMSB10,LINC00951,0.0537566496220031
CD74,RP11-54O7.1,0.0537128006038656
CENPB,SNRK-AS1,0.0537093153919794
PPP1R14B,USP27X-AS1,0.0536968132888032
MFI2,LAMB3,0.0536349863257102
RP11-427H3.3,LINC00638,0.0536173191181195
TMSB10,RP11-196O16.1,0.0535899208610154
KIAA0125,C17orf96,0.0535804505948967
GZMB,C1orf177,0.0535670770582941
PTPLAD1,LHX1,0.05356369902474
TLK1,LINC00951,0.0535115835479744
AKNA,CGN,0.0534814621327793
ZEB2,LYPD2,0.0534588160518058
CHD6,RGS9BP,0.0533961045098603
C5AR1,RP11-29H23.4,0.0533762928486478
NPHP4,C2orf48,0.0533468135727282
EFHD2,PNMT,0.0533197752174613
ADAR,RGS9BP,0.0533136475583413
C9orf89,WFDC3,0.0533103951594518
BMF,CYB5R2,0.0532775414385559
MALAT1,DIRC3,0.0532203550549904
GZF1,AC108025.2,0.0532015047970042
STXBP2,KRBOX1-1,0.0531829687843303
ANKRD11,AGAP9,0.0531756392550162
KLRD1,MPP4,0.0531645089138037
RCE1,RP11-423C15.3,0.0531082428283171
LTB,HSPA12B,0.0530701258482537
IER2,UNC13A,0.0530064096047213
FERMT3,AC015971.2,0.052903973626292
NEAT1,GRIN2D,0.0528758204075943
CAPG,RET,0.0528131772551475
APMAP,XX-FW83128A1.2,0.0527218074216764
TNFRSF17,PDE7B,0.0527012649083775
GADD45A,LINC00951,0.052686892300483
SNAP23,ARNTL2,0.052603073701243
C4orf48,AC079354.5,0.0525773157035652
IER3,LRP12,0.0525436082715146
C11orf83,CTD-2620I22.7,0.0525302549166575
FERMT3,CGN,0.0525292150220108
CAMKK2,LYPD2,0.0524912082785669
AIF1,RP11-167N5.5,0.0524740815957564
PF4,WFDC3,0.0524506139273436
S100A11,UNC13A,0.052442489085628
CD63,HCG20,0.0524363721350412
CNRIP1,KCNK5,0.0524340983445813
RP4-728D4.2,CGN,0.0524156301406196
HIST1H2BK,RP11-314A20.5,0.0524127757864205
BMF,RP11-362K14.6,0.0523811926949107
TSEN54,AC009312.1,0.05232759074709
LGALS3,RP4-635E18.7,0.0523029438462246
SPARC,RET,0.0522964619125548
MB21D1,CXXC4,0.0522960491683828
KRIT1,RFX8,0.0522272614754399
PIP5K1B,TMEM105,0.0521695184706642
GAS2L1,PLCD4,0.0521449537005297
FCRL6,AC140481.2,0.0520878884872192
IER2,RBL1-1,0.0520621482641372
PHACTR1,AC000068.5,0.0520469606402384
ZNF598,CGN,0.0520081541232108
ZC3H13,AF131215.5,0.0519584212194379
GSTO1,RFX8,0.0519390807383839
SSX2IP,RP11-122G18.5,0.0519206896695386
PLAC8,CCDC110,0.0518533622001276
GZMH,ARHGEF28,0.0518228210552981
CLIC3,KRBOX1-1,0.0517976951957959
TMEM141,RP11-328C8.4,0.0517430301194877
FCRL6,RP11-358L4.1,0.0517299670736635
TUBA4A,MAEL,0.051682353075549
C1orf35,RP11-196O16.1,0.0516679747885047
HRH2,TTC39A,0.0516604958702441
MS4A1,PDE7B,0.0516489970107514
GRASP,CTD-2527I21.7,0.0516316427422898
HLA-C,AC000068.5,0.0516178310469508
HOPX,RP11-358L4.1,0.0515919776171699
S1PR5,C1orf111,0.0514633266182742
DHX34,CLDN23,0.0514291368471443
RP5-899E9.1,FBXO30,0.0514091270861449
KCTD2,LINC00638,0.0513453602947025
DMTN,WFDC3,0.0512897696588544
HLA-A,RP1-122O8.7,0.0512842137118024
FAM212A,WFDC3,0.0512796011774534
CHM,XX-FW83128A1.2,0.0512779969076643
CMIP,SNX24,0.0512677344901467
BATF,C1orf101,0.0512166116199897
LYL1,RP11-362K14.7,0.0511919301957906
C15orf39,RET,0.0511671959477925
PLXDC2,WFDC3,0.0511431807762481
PKIG,XX-FW83128A1.2,0.0511254258928573
CTA-445C9.15,ARHGAP44,0.0511031045225127
ZCCHC17,RP11-713D19.1,0.0509969120750263
MYCBP2,GRIN2D,0.0509596149380967
PTCRA,DNAH12,0.050951540100839
KLF16,C19orf44,0.0509455540453495
H1FX,RP11-167N5.5,0.0509297204519554
RSU1,AC108025.2,0.050889277426537
C11orf83,CTC-503J8.4,0.0508730337356126
ISG15,RFX8,0.050871579291034
SMARCD2,DNAJC28,0.0508560435944679
TNFSF13B,EPHB3,0.0508023024486759
HLA-A,RFX8,0.0507667331611265
UBA6-AS1,MTTP,0.0507368167625398
B2M,AC016738.4,0.0506123785572119
IL18RAP,CLDN22,0.0505776912221981
H1FX,KRBOX1-1,0.050545893985066
RPLP1,RP11-505P4.7,0.050481689224681
CCL5,PDE7B,0.0504091650036302
NFE2,RET,0.050314634352125
RHOC,C1orf177,0.0502958130163412
CD8B,COL1A1,0.0502764047443899
NFKBIA,PTH2,0.0502447252335727
PGRMC1,PLCD4,0.0502301744775634
PILRA,CTD-2620I22.7,0.0502294853044184
SOD2,CCR8,0.0502291989684502
TNFSF10,NODAL,0.0501897545385633
GRAP2,ACTG2,0.0501458236944216
ZNF593,RFX8,0.0501329246305171
MT-ATP6,CTC-503J8.4,0.0500732772796601
LILRA2,LYPD2,0.0500394335757687
GNLY,RP11-325I22.2,0.0500215519577924
MALAT1,CENPI,0.0500047183351763
MAFB,CLDN23,0.0499788340512276
PDE2A,C19orf44,0.0499734428642775
KLRG1,GJC2,0.049952044368351
NFKBIA,RP11-414H17.5,0.0499278205816475
CD79B,CXXC4,0.0498604477791645
PROCR,AC000068.5,0.0498342776465996
CTSS,HSPA12B,0.0498287949046755
CLIC3,CTD-2081C10.7,0.0498260911293035
HMGCR,COL1A1,0.0497400482727367
DENND6B,RP4-635E18.7,0.0496581456453667
B2M,C17orf96,0.0496293855701423
MIR142,FBXO30,0.0495885344297884
PYCARD,AC000068.5,0.0495874029155475
FGFBP2,LONRF2,0.0495782781019647
TNFRSF21,TTC39A,0.049490059209228
MEF2C,RET,0.0493385960949739
HPSE,VASN,0.0493205621235598
C11orf83,RP11-358L4.1,0.0493138815188492
TUBA1C,SNX24,0.0492629101365151
GNPTAB,RP11-142C4.6,0.049260306982158
CDC42EP2,CXCL10,0.0492533251313868
TBC1D20,RP11-524F11.2,0.0492415483936777
HLA-A,CCR8,0.0491667759238759
ERCC6,RP4-635E18.7,0.0491554308022199
MESDC2,LAMB3,0.0490987698826113
CST7,RP4-655J12.4,0.0490798476733999
TPM4,RP11-269M20.3,0.0490370514850258
SLC25A29,IL10,0.048991426174231
ROCK2,KCNK5,0.0489667944702527
ALOX5AP,AC108025.2,0.0489572595937538
HIST1H1C,CTD-2081C10.7,0.0489326280827125
EIF4G3,CTD-2192J16.26,0.0488968580959216
PLAC8,ACKR2,0.0488430372477351
NEAT1,C17orf96,0.0488279846847937
NELFB,ACTG2,0.0488225079747961
GAS6,CYP46A1,0.0487558501037553
FRMD4B,C19orf44,0.0487201654925297
CD74,LINC00638,0.0486726006101534
CST3,GRIN2D,0.0486653829519373
CTSH,EPAS1,0.0486563932517609
MT-ATP6,LINC00951,0.0486260161399728
RASGRP4,FAM225A,0.0486225655018258
ENKUR,RP11-269M20.3,0.0485885484612262
SELPLG,KCNK5,0.0485808089319825
CAST,HCG20,0.0485645530878431
TNFSF10,ASB9,0.0485624133880022
RP11-490O6.2,VASN,0.0485103724350198
IGJ,RP11-511B23.2,0.0484568761879812
ARID5A,RP4-655J12.4,0.0484504929927264
MBP,RP11-362K14.6,0.0484389358575274
S100A4,KCNK5,0.0484158033177797
CCNJL,C1orf177,0.0483162999334975
NHLRC1,CLDN23,0.0483140689234198
BID,RFX8,0.0483119315912452
CTD-2357A8.3,PNMT,0.0482861663386027
HVCN1,SOX13,0.048191949091201
GAB3,XX-FW83128A1.2,0.0481708402031368
RTN2,RET,0.048144503568919
CD68,IQSEC3,0.0481020952230799
P2RX1,RP11-269M20.3,0.0480795984856327
COMT,AP3B2,0.0480698725419303
PRR3,CTD-2620I22.7,0.0480449540903107
SMCO4,RP11-358L4.1,0.0480299379897941
ATF5,ZFHX2,0.0479816236766206
GSTO1,LAMB3,0.0479748187376634
CD8B,AC108025.2,0.0479626274234471
LZTR1,C2orf48,0.047917699562824
DUSP18,AC079354.5,0.0478397531213318
SDPR,GRIN2D,0.0478202753524839
NPC1,CYP46A1,0.0477611314720798
SEMA4A,DCLRE1A,0.0477397666787546
CAST,CCDC81,0.0476435124616972
WASF2,SIAH3,0.0475916294944187
SPON2,CTRC,0.0474997712496414
POLR1A,UNC13A,0.0474564724887977
TK2,GPR153,0.0474277888453638
VIM,AC108025.2,0.0473882784439841
RPLP1,PDE1A,0.0473840976764989
RFNG,CLDN23,0.0473590316668898
GZMA,HCG20,0.0473152421485119
HBD,XX-FW83128A1.2,0.0471823178919145
NEXN,RHD,0.0470123154665776
GNAI2,RP1-122O8.7,0.0469309619636514
FCRL6,EPAS1,0.0469113705681059
FTL,LIF,0.0469105488291612
DPYS,PSD3,0.046768530784437
CTSW,RGS9BP,0.0467602402171861
IGJ,APCDD1,0.0467484048353864
MT-ND1,RP11-362K14.6,0.0467411568943149
ILK,RP11-505P4.7,0.0466448498210008
ANXA2,AC016738.4,0.0465650463319403
EGFL7,AMZ1,0.0465109752883511
FTL,DDR2,0.046457563744663
CA2,CTD-2620I22.7,0.0464205766540279
BATF,HM13-AS1,0.0463712691798963
B2M,UNC13A,0.04635658178043
DNAAF3,GCSAML,0.0463093080225559
MT2A,RP11-167N5.5,0.046234106914452
RPL34,RP11-722E23.2,0.0462179480758905
DUSP1,XX-FW83128A1.2,0.046206846626317
EFHD2,LINC00638,0.046194209576463
CDA,FKBP9,0.0461571825117861
TBX21,CTRC,0.0461309878494176
PGRMC1,AC079354.5,0.0461190443975288
ACTB,RP11-328C8.4,0.0461123008071617
COPZ2,RP11-55K13.1,0.0460652075825174
MRM1,GPR153,0.0460556148109698
FPR1,C11orf45,0.0460506843680377
SYMPK,C2orf48,0.0459666018880914
MMP23B,RP11-314A20.5,0.0459580367829952
CD81,RP11-362K14.6,0.0459235590507727
B2M,RP11-362K14.6,0.0459178509779932
TNXB,RP1-86C11.7,0.0458914886613016
MT-CO1,XX-FW83128A1.2,0.0458893861538075
BAALC,SOX13,0.0458095618028944
IQGAP1,CTRC,0.0457111291237225
ADAP2,TMEM105,0.0457080963068007
DCBLD1,LRP12,0.0456546987794793
TSPO,CTD-2081C10.7,0.0456334736703336
TESC,HBA2,0.0456190529523382
TTC38,C1orf111,0.0455766041202931
VAC14,RP11-722E23.2,0.0455730782704903
ARHGAP4,DNAJC28,0.045509835632044
FAM135A,GCSAML,0.0454962796980951
MYCBP2,MST1R,0.0454575305779722
CLEC4F,LYPD2,0.0454066584395712
ZNF593,NLGN3,0.0453498289921018
KIAA1257,SCML2,0.0453266669877069
GPR63,COL1A1,0.0452964027517149
TCF4,RP11-420L9.5,0.0452331363043382
CXCR2,CTRC,0.0452282509541909
SEPT5,RHD,0.0452192179407353
MOGS,C15orf65,0.0452016360390088
IRF7,RP11-106M3.3,0.0451964714605423
TPST2,RP11-275I4.1,0.0451769272877891
MAP3K7CL,PLCD4,0.0451667797064666
NCF1,RP11-276E15.4,0.0451276521992286
CD63,CTD-3194G12.2,0.0450915247189895
EXOC6B,DCLRE1A,0.0450849928845455
CNNM3,IL10,0.0450661576903942
C5orf56,LIF,0.0449808118037513
HIST1H2BJ,RP11-15A1.7,0.0449295584735502
TIRAP,KCNK5,0.044821735381056
DLG3,C2orf48,0.0448134247306586
PRF1,RP11-225B17.2,0.0447941964248199
RPL3,PLCD4,0.0447241696125935
HIST1H1C,RP11-423C15.3,0.0446096805672499
C11orf83,DNAJC28,0.0446040350049269
YBX3,CTD-2620I22.7,0.0446007542668626
RALBP1,RP11-358L4.1,0.0445451517052494
CD151,UNC13A,0.0445299474951616
HLA-A,FANCE,0.0445229908397271
GRAMD4,FAM47E-STBD1-1,0.0445073321299456
ACTB,LAMB3,0.0444988413019352
S100A6,MST1R,0.0444822385763803
ARMC7,FZD8,0.044462464809035
OPRL1,CLDN23,0.0443732896636287
GZF1,WWC2-AS2,0.0443717397095876
KLRC1,TRIM54,0.0443476101926167
LIMS1,KCNK5,0.0443462149772967
ID3,ADAM20,0.0443155552743497
B2M,CTC-503J8.4,0.0443132637335899
ZNF230,ACKR2,0.0442960212722973
TM6SF1,CYB5R2,0.0442707955562879
TSPAN13,AF131215.5,0.0442451908755148
S100A4,ARHGEF28,0.0442368746188109
BARD1,TRIM54,0.0442200933012393
PFN1,HBA2,0.044207798963696
RP11-468E2.4,C1orf177,0.0441880292084221
MT-ATP6,RP11-358L4.1,0.0441833702246112
CCDC151,DNAJB5,0.0441649853293518
CABP5,MMP1,0.0441322517090318
TSNARE1,C2orf48,0.0440896755606758
CASZ1,GCSAML,0.0440369190375085
STMN1,RP11-722E23.2,0.0440157696304267
CTSD,RP11-196O16.1,0.0440100137540442
SNAP23,LONRF2,0.0439063230037203
CAPG,CTD-3194G12.2,0.0438724027003698
CTBP2,C1orf111,0.0437815861238622
MXD3,LYPD2,0.0437603924600941
TLK1,CAPN9,0.0436922111074444
LIN54,FBXO30,0.0436720035643981
CTSH,CASC2,0.0435456650768291
PTCRA,RET,0.0435389109365234
ZNF554,LRP12,0.0435111145189867
MT-ND2,RP4-635E18.7,0.0434915452503081
TMSB10,IL17A,0.0434361225336975
CLEC1B,RP11-15A1.7,0.043427270233969
SIGLEC1,C11orf45,0.04340060361196
MT-ND2,LINC00951,0.0433659420400727
KIAA0319L,C2orf48,0.0433147867712596
SMPD3,CENPI,0.0432825242332849
ZC3H13,C1orf111,0.0432612687763542
LDOC1L,GCSAML,0.0432569961496576
PDZD3,S100A3,0.0432240339442718
GFI1B,RET,0.0431905576414636
CD151,RP11-362K14.6,0.0431873566900829
RELB,IL10,0.0431650295365179
RP11-543C4.1,C1orf111,0.0431448359058248
MAP3K7CL,SPTB,0.0431142598657515
LINC00152,ESPL1,0.0430604529984539
MT-ATP6,KCNK5,0.0430166715681081
C1orf35,CTD-2619J13.3,0.0430109597837202
HDGF,RP11-769O8.2,0.0429523691654706
MT-ATP6,DNAJC28,0.0428855484600102
AC009404.2,AC079354.5,0.0428488623336027
OS9,C1orf177,0.0428315786561375
HLA-DMA,C17orf96,0.0428109526365754
CRIP2,UNC13A,0.0427753579164843
IL18BP,AC079354.5,0.0427373211726541
HLA-DPA1,PAPL,0.0427299764705265
RHOBTB3,CCDC81,0.0426439292934619
GRAP2,STRIP2,0.0426285404336977
VIM,DNAJB5,0.0426270172075761
RELT,LHX1,0.0426219444822268
MNDA,RP11-511B23.2,0.0426137396932527
TLK1,RP11-787I22.3,0.0426035610097234
ACTB,UNC13A,0.0425944554428013
TUBB4B,CTD-2192J16.26,0.0425691648670873
CBFA2T3,TRIM54,0.0425685173139596
AKAP13,C1orf101,0.0425128353819329
MT-CO1,HSPA12B,0.042469543565309
MT-ND1,DNAJC28,0.0424575956955756
AC093609.1,CLDN23,0.0424548762657214
RSF1,STRIP2,0.042373614596899
MAP1A,APCDD1,0.0423676557014839
CTNNA1,XX-FW83128A1.2,0.0423452557171226
MGLL,PNMT,0.0423086836002443
HDAC6,SEZ6,0.042291767047255
IER2,ARHGAP44,0.0422871972454627
EPHB6,CTD-2527I21.7,0.0421574339194475
SYMPK,FAM47E,0.0421523017093402
TCHP,DNAJC28,0.0421124814968739
TLR5,RP11-15A1.7,0.0421033874249284
TP53BP1,IQSEC3,0.0420832632946838
MAP3K7CL,RET,0.0420591768282208
CD68,RP11-269M20.3,0.0420218321649883
SNORD3D,C1orf177,0.0420009497499797
MYEOV,MMP1,0.0419953415111561
IL32,SNRK-AS1,0.0419849526385286
RPF2,LINC00951,0.0419848283266394
ZBTB16,RP11-511B23.2,0.0419820115549116
TAL1,RP1-86C11.7,0.0419399669983522
MT-ND1,RP11-348N5.7,0.0419293992526733
STXBP2,HBA2,0.0419261710899051
MT-ND1,KCNK5,0.0419192633608001
MALAT1,USP27X-AS1,0.041902994390657
MIR142,HM13-AS1,0.0418571036936781
FAM212B-AS1,DNAH12,0.0418299207707501
RPL3,XX-FW83128A1.2,0.0418210198383934
TMSB4X,KRBOX1-1,0.0418144928924574
B2M,PAPL,0.0417692117728348
RPL3,GRIN2D,0.0417407640046179
MAFG,KCNK5,0.0416840006094644
S1PR5,CTD-3194G12.2,0.0416731619816676
MYL6,RP11-511B23.2,0.041648973023764
KIF22,AC009312.1,0.041609596537498
ARAP1,LIF,0.0415711757183375
SELPLG,ASB9,0.0415554865277412
HIST1H1B,KCNK5,0.0415542561712342
AP001053.11,RP11-511B23.2,0.0415449247654542
SLC27A3,FZD8,0.0415191935729089
TLN1,CTC-503J8.4,0.0415136066317601
TSC22D1,SLC35D3,0.0414924503589444
NNT,AL049829.1,0.0414859675815739
HOPX,AF131215.5,0.0414298898368296
PLAC8,RP11-276E15.4,0.0413759465899972
RPL3,MST1R,0.0413712417762183
ILK,C2orf48,0.0413668008647026
HES1,GRIN2D,0.0413041516644043
LILRB1,S100A3,0.0412573096617605
BMF,RP11-122G18.5,0.0412456338394084
GPR56,AC015969.3,0.0412282370798462
AP000487.5,WFDC3,0.0411695339242435
DENND1B,CLDN23,0.0411573571631305
S100A6,CTC-498J12.3,0.0411370106903945
JAM3,RET,0.0411211757502425
RNF130,RP11-524F11.2,0.0411147264400914
GAB3,EPHB3,0.04109784401448
PTTG1,C2orf48,0.0410929071103107
VPREB3,PDE7B,0.0410849004736819
METRNL,RP11-665G4.1,0.0410802123413529
MAST2,RP11-358L4.1,0.0410322730812097
MEIS1,RP11-142C4.6,0.040916544951211
NAGA,RP11-511B23.2,0.0409122192241746
NCOA4,DCLRE1A,0.0409060190213088
AQP10,AC015969.3,0.0408813288701599
RP11-120D5.1,RP4-635E18.7,0.0408590008937664
TUBB1,DNAH12,0.0408442282545072
JUN,ASB9,0.0407285323550066
JUN,MTBP,0.0406276523465431
RP11-879F14.2,GRIN2D,0.0406074093812767
TMSB10,GYPE,0.0405871170543071
TCL1B,RP11-456K23.1,0.0405822765538963
TTYH3,DNAJB5,0.0405779796334178
ACTB,ARHGAP44,0.0405070870416382
PTTG1,GSG2,0.040466427400121
NCF1,AC108025.2,0.0404409074506688
HLA-A,RP11-55K13.1,0.0404205146936757
PGGT1B,GRIN2C,0.0402943750220352
DYSF,CYB5R2,0.0402512115003616
AKNA,DDR2,0.0402024469571938
TLK1,CTC-498J12.3,0.040151277961472
MALAT1,CLDN22,0.040137384200797
CD7,RP11-505P4.7,0.0401284977505136
ACTN1,RP11-142C4.6,0.040125400698172
SAMD3,RP11-358L4.1,0.0401216737736295
PTPN18,EPN2-AS1,0.0401169555161207
B3GAT1,IL10,0.0401006042989344
ZNF329,RFX8,0.040085594640284
ADAR,CCDC110,0.0400465570140068
SH2B3,CLDN22,0.0399947992149113
FAAH,AC068282.3,0.0399705555078872
NAB1,RP11-122G18.5,0.039967001651586
NCF1,ACTG2,0.0399372793876888
PANK3,NLGN3,0.0399173024443124
RASGRP4,AC068282.3,0.039838864726544
RRBP1,ESPL1,0.0398356787877969
HLA-C,ACTG2,0.0397988957967825
CTTN,LRP12,0.0397766582139325
NEAT1,C1orf111,0.0397258833826538
UBE2M,SPTB,0.0397109149510538
CREB5,FANCE,0.0396544408915514
TSPO,C1orf101,0.0396500253037802
FOLR2,CYB5R2,0.039628568586399
CDC42EP3,EPAS1,0.0395686267143917
AP001189.4,RP1-86C11.7,0.0395331827582341
SCO2,RP11-196O16.1,0.0395177502574158
RPL3,NODAL,0.0394882487323519
TYROBP,CSN1S1,0.0394822207653863
BIRC3,RP11-423C15.3,0.0394694840396275
GFOD1,CXCL10,0.039423500564509
F2R,C1orf111,0.0393959101785646
UBE2C,ESPL1,0.0393897766354739
NPPA-AS1,MAEL,0.0393834112500025
SLA,C1orf111,0.0393497973133885
CHAF1A,AFAP1L1,0.0393326933816584
LRRC25,CLDN23,0.0392827100847394
DYNLT1,ASB9,0.039256708198548
NUSAP1,STRIP2,0.0392513639863572
C19orf33,SCML2,0.0392475956052416
HLA-DPA1,CCDC110,0.0392192999452184
FOXK1,AC015969.3,0.0390630486648471
CCL5,RP11-816J6.3,0.0390420298363773
SRPK2,PTH2,0.0390272628664152
C2orf88,GRIN2D,0.0390113313180607
TNFSF10,CSN1S1,0.0390083135910795
DGKZ,PDE1A,0.0389605953002618
PTPN12,GPR153,0.0389496793385596
CTB-61M7.2,HBA2,0.0389327558520703
GP9,WFDC3,0.0389001743727734
PRCD,FANCE,0.0388721935699054
CTDSPL,LRP12,0.0387696702416839
CD8B,DNAJC28,0.0386413356804038
IL17RA,AC000068.5,0.0386217741086208
JUN,RFX8,0.0386198596617187
MALAT1,SOX13,0.0384920602324337
CDKN2D,CCDC81,0.0384675566919917
C5orf56,FZD8,0.0384656836751483
NOL9,RP11-15A1.7,0.0384655832266011
NEURL2,FOXE1,0.038437716649249
BAZ2B,CLDN22,0.038371094189526
SCO2,MTTP,0.0383070872072992
ARHGEF12,RP1-122O8.7,0.0382156129583005
SETD1A,RP11-686D22.4,0.0381946034134947
CXCL5,GABRD,0.0381823049421919
C12orf75,IL17A,0.0381154783811501
TMEM81,CLDN23,0.0381008671238334
S100A11,RP11-787I22.3,0.0380940663873794
INTS9,SIAH3,0.0380844360215123
XCL2,TRIM54,0.0380787714950857
C5orf56,AF131215.5,0.0380674867058786
RHOC,TNS4,0.0380417013357452
FRMD4B,DCLRE1A,0.0380378562047373
LGALS1,HCG20,0.0380375284185846
CD40,RP11-142C4.6,0.0380274031561561
KIF2A,AC068282.3,0.0380138622077501
PDCD1,LRP12,0.0380060169223439
XPNPEP1,HM13-AS1,0.0379609243467354
LYZ,PTH2,0.0379584614629927
JUND,RP11-168O16.1,0.0378374158981714
NRIP3,AF131215.5,0.0378344611206259
C4orf48,APCDD1,0.0377810570445766
RPL3,ASB9,0.0377707659902262
S100B,RBL1-1,0.0377447932567744
NRROS,LINC00638,0.0377046063489248
BRD2,RP11-362K14.7,0.0376729783139123
PLAUR,WWC2-AS2,0.0376567143960716
FITM2,RP11-122G18.5,0.0376518852003891
IRS2,AF131215.5,0.0376173345630603
RP11-488C13.5,LRP12,0.0376112044771713
BCL3,CCDC110,0.0376072713812875
IER2,EPN2-AS1,0.0375933276702134
RP3-462E2.5,C1orf101,0.037573302709264
PRSS35,RP11-55K13.1,0.0375723622005334
CST3,KCNK5,0.037473701562864
TPP1,RP4-635E18.7,0.0374544842445107
PPP1R14B,TTC39A,0.0373822796089405
MLC1,GCSAML,0.0373628253549772
PRF1,RGS9BP,0.0373478537889714
UBXN6,RET,0.0372053556600881
ECE1,FOXE1,0.0371572450568843
ATF5,FAM47E-STBD1-1,0.0371417522598048
CXorf21,CTD-2527I21.7,0.0371388614970601
FASLG,GCSAML,0.0370845016084046
BCL3,C2orf48,0.0370841815958495
ATP2A2,EPHB3,0.0370711632101736
FTL,C1orf101,0.03702964886939
NFKBIE,AF131215.5,0.0369558642961896
IRF8,RHOV,0.0369165558529005
SERPINE1,RP11-546M21.6,0.0368983497568333
TNFSF13B,RP11-665G4.1,0.0368803534170307
UBE2Z,LYPD2,0.0368400478369909
GRTP1,RP11-15A1.7,0.0368151937717581
SIGLEC12,DCLRE1A,0.0368110501970696
TRIOBP,CTC-523E23.1,0.036795011417179
CLEC10A,HSPA12B,0.0367234245309858
EXD3,IL10,0.0366884710010032
RP11-496I9.1,CTD-3194G12.2,0.0366853689356412
HLA-DPA1,AMZ1,0.0366642917097718
ACTB,AC108025.2,0.0366626253390562
MYLK,SLC35D3,0.0365723623876528
ITGB5,SLC35D3,0.0365355762379161
ARHGEF10L,LYPD2,0.0365070236255089
SLC16A3,PTH2,0.0364756535319845
CAPNS1,RP11-358L4.1,0.0364732583309645
TM6SF1,RP11-686D22.4,0.0364283102342437
TTC27,EPN2-AS1,0.0364001956501868
CTBP2,GCSAML,0.0363392765175794
RPPH1,STRIP2,0.0363333584913309
RP11-291B21.2,RP11-275I4.1,0.036332631494322
NEAT1,AC000068.5,0.0363115416163215
CD8B,RGS9BP,0.0362397806697098
NEAT1,RP3-323N1.2,0.0362256885456512
ZNF41,CTRC,0.0361988690999422
GLIPR1,C2orf48,0.0361354340875268
EPB41L2,C15orf65,0.0361137885531721
PTGES3L,MMP1,0.0360973027866299
ARMC7,RP11-686D22.4,0.0360708730367865
ILK,RIPK4,0.035977369602595
SDSL,SNX24,0.0359574648410913
IRS2,FAM47E-STBD1-1,0.0358889118291183
HIST1H1C,CTRC,0.0358811486051764
CTB-55O6.12,ZNF572,0.0358575512046205
FAM129B,GPR153,0.0358339466098816
GAB3,HCG20,0.0357723250613257
MCUR1,RP11-314C16.1,0.0357703262837292
FAM110A,AC068282.3,0.0357568958074722
AKNA,GJC2,0.0357294034981251
MAPKAPK2,CYP46A1,0.0357163991954804
SPON2,CTC-498J12.3,0.0356807648043775
ARL6,GRIN2C,0.03564480605673
POU2F2,PTH2,0.0356409388217291
RP11-378A13.2,CYP46A1,0.0356282021663974
TIMP1,RBL1-1,0.0355105743951204
IRF7,NLGN3,0.0354852907166792
JUN,SIAH3,0.0354721839633428
MT-ND1,XX-FW83128A1.2,0.0354692259528961
ADAM15,COL1A1,0.0354355722749732
CORO1C,XX-FW83128A1.2,0.0354174954005861
GIGYF2,CCR8,0.0353895258867532
NKG7,C1orf177,0.035368603324104
DUSP1,RP11-686D22.4,0.0353530626622749
PRF1,PNMT,0.0352492351160852
MESDC2,ZNF572,0.0352315041564463
ZNF329,RP11-55K13.1,0.0350756219666299
HIST1H1C,TMEM105,0.0349098968292798
FTH1,AC016738.4,0.0348943717777891
C9orf89,RBL1-1,0.0348039139653665
RP11-477D19.2,TRIM54,0.0347781789027022
ACTB,EPAS1,0.0347124195773018
GATA1,MAEL,0.0346854479651108
MYL6,AC108025.2,0.0346834532755582
C1orf233,CLDN23,0.0346674941432863
ODC1,ELMOD1,0.0346477231246942
APOBEC3G,TMEM105,0.0346360142232666
RASSF4,AC079354.5,0.0346109166622859
STAC3,HCAR1,0.0345192186181731
BRI3,AC016738.4,0.0344909962683784
EVA1B,AF131215.5,0.034464931706984
S100A4,RP11-81H3.2,0.0344616782432615
GNG11,LRP12,0.0344498462628275
CRISPLD2,EPHB3,0.0344368293979474
MT-ND1,AC000068.5,0.0342966137112895
ZNF598,AC140481.2,0.0342415767620109
VTI1B,C2orf48,0.0341949915188682
PROCR,HSPA12B,0.0341657726944088
DUSP2,USP27X-AS1,0.0341536858515351
RSU1,CTC-523E23.1,0.0341407997845371
SMARCD2,RP11-348N5.7,0.0341350499045351
IL3RA,KCNK5,0.0340754833428202
ARHGEF9,RFX8,0.0340376699636714
HLA-DMA,LINC00638,0.0339870058653474
PSAP,FKBP9,0.0338978444733399
TAF4,MMP1,0.033891769882361
BLK,C17orf96,0.0338819293295467
NCOA4,MMP1,0.0338061524462365
ENTPD1,AC015971.2,0.0337527976834613
HIST1H1C,FANCE,0.0337286867816017
GZMA,CSN1S1,0.033688636106874
PTPRE,IL10,0.0336054856705543
IL15,AC068282.3,0.0335383145969079
TREML1,PSD3,0.0335164030360469
ALOX5AP,ZNF572,0.0334624206976276
GATA1,ASB9,0.0334330423733193
MT-CO1,ACTG2,0.0333137848850849
RP11-293M10.5,CSN1S1,0.0333059488623879
RP11-412D9.4,C1orf101,0.033301194841453
C12orf75,RGS9BP,0.033299113223588
RPL3,RP11-456K23.1,0.0332767503624701
IFI27L2,CYB5R2,0.0332554480190608
TIMP1,CTD-2619J13.3,0.0331593785920927
AIF1,RP11-524F11.2,0.0330994723041196
STAT3,CTC-503J8.4,0.0330789393812675
CD9,RP11-546M21.6,0.033026848361012
PPM1J,HSPA12B,0.033012215359623
TYMP,GPR153,0.0330029980799014
TKTL1,AC068282.3,0.0329856624153308
VWF,RHD,0.0329783028053432
IRF4,DNAJC28,0.0329490569360745
GPATCH2,IL10,0.0329367364999227
CACNA2D4,AF131215.5,0.0329304471849482
PDE2A,MAEL,0.0328846906458332
SNORD3B-2,CCDC110,0.0328453219784243
ENTPD1,IL17A,0.0328431721481935
DUSP6,S100A3,0.0328337912499681
S100A4,AC015971.2,0.0327998386719089
S100A11,DDR2,0.0327980627203386
LGALS3,RGS9BP,0.0327903924790563
RPL3,SEZ6,0.0327848852336575
RUFY1,LRP12,0.032686507396514
DRD4,AC007036.6,0.0326540957793293
ICAM1,RGS9BP,0.0325553928924757
ODC1,RP4-655J12.4,0.0325287499037216
TPM1,C19orf44,0.0324998845439506
TNNT1,FBXO30,0.0324977134129812
KIAA0226L,RP11-328M4.2,0.0324849504982779
FAM129B,FKBP9,0.0323875231325079
RP1-302G2.5,GYPE,0.0323774402074776
WIPI1,AC068282.3,0.032375123471395
KHNYN,HBA2,0.032373910243094
FCRL1,RP11-55K13.1,0.0323728163948485
AP001053.11,AC068282.3,0.032371357353249
CD63,RBL1-1,0.0323590124696155
TSPAN13,RP11-142C4.6,0.0323379885451211
IGJ,SNX24,0.0323317189834847
OS9,EPHB3,0.0322858683627113
POU2F2,IL10,0.0322789646198192
CD8B,RP11-106M3.3,0.0322590082445641
TYMP,CXCL10,0.0322510625065067
LILRB5,RET,0.0322408627401495
NFKBID,C15orf65,0.0322240904033754
HLA-DRB5,ACKR2,0.03219962203704
ARHGAP21,S100A3,0.0321632642176433
NME8,C15orf65,0.0321086410729102
SLC35F3,HCAR1,0.0320864601304584
MMP23B,DDR2,0.0320111214274001
CD151,RET,0.0320043649551016
LST1,FANCE,0.0319733196260512
OAZ1,C1orf111,0.0319003068700037
C11orf68,AC108025.2,0.0318809648087036
TMSB10,AC000068.5,0.0318786031248318
SLC6A4,MMP1,0.0318435065899039
MT-ND2,C17orf96,0.0318400791756948
HLA-C,LIF,0.0318234916875335
ID1,HBA2,0.0318055352719007
NLRP12,DNAJB5,0.0317895319571647
CCL5,AC079354.5,0.0317830517640032
BRD2,IQSEC3,0.0317157427694898
EED,RBL1-1,0.0317150681257941
SNAP23,LHX1,0.0317076182413261
FAM110A,AC108025.2,0.0316962577322237
TMEM205,DCLRE1A,0.0316542722465973
RHOC,PTPRR,0.0316515183961714
F13A1,GCSAML,0.0315695962150178
S100A4,AF131215.5,0.031495647472355
ENDOD1,CLDN22,0.031483993059488
DOCK2,ARNTL2,0.0314382645231469
TPP1,RIPK4,0.0314143828168659
OAZ1,S100A3,0.0314129232201342
SMIM6,CYP46A1,0.0314004903264086
RPL3,MTTP,0.0313330605419232
IER5,AFAP1L1,0.0312616054611605
FAM81B,BMP6,0.0312574283094605
HVCN1,RP11-55K13.1,0.0312093846832181
CCL4,RP11-118K6.3,0.0311822746368146
HVCN1,RET,0.0311773317452282
RSU1,RET,0.0311773317437498
ZNF529,C15orf65,0.0311330730394048
C11orf68,RGS9BP,0.0311006781342906
ACSBG1,GABRD,0.0310997627969693
ALMS1,GPR153,0.0310967221311587
ODC1,KCNK5,0.0310829095353391
SLA,C15orf65,0.0310764130419737
QTRTD1,IL17A,0.0310750785580515
CCDC24,MPP4,0.031053555630862
TPM4,ESPL1,0.0310397725088827
DKFZP779L1853,FANCE,0.0310315152797205
MT2A,AC000068.5,0.0310302688735735
NAP1L5,RP11-54O7.1,0.0310190968941826
HLA-DRA,IL10,0.0310070446329567
EMR3,RP11-816J6.3,0.030975143785422
RP3-329E20.2,DCLRE1A,0.0309577798958554
ITPR2,CTD-2192J16.26,0.0309014619934689
PHACTR1,AP3B2,0.0308553837267666
STAT3,RP11-118K6.3,0.0308138230153894
SRFBP1,RP11-686D22.4,0.030799588192266
PROS1,DCLRE1A,0.0307992255579943
GTF3C1,SOX13,0.0307662697141262
TREM1,RP11-348N5.7,0.03076523487176
CST7,CTRC,0.0307649242037504
MALAT1,ESPL1,0.0307457480407782
CTSS,RP11-787I22.3,0.0307188199561552
VIM,C1orf101,0.0306467361927013
GZMB,SNRK-AS1,0.0306439238819457
LRP3,RP11-524F11.2,0.0306400753868752
RP4-633O19__A.1,CTC-498J12.3,0.0306320161956891
PMAIP1,LRP12,0.0306157578831947
ZNF264,USP27X-AS1,0.0306014552677929
RPL3,AGAP9,0.0305932828489006
S100A4,BBS5,0.0305902518188346
KCNC3,CXCL10,0.030583604935027
SLAMF7,HSPA12B,0.0305646448655129
FLNA,HCG20,0.0305508126152461
MT-ATP6,LAMB3,0.0305325222833833
PGRMC1,SOX13,0.0304418067752509
PARVB,SLC35D3,0.0304122717214368
CDKN1A,IL10,0.030390004444592
TATDN1,CTD-3194G12.2,0.0303796387392804
NIN,AC108025.2,0.0302862628435694
AGTRAP,FANCE,0.030275244000737
CTSH,CTD-3224K15.3,0.0302693394609801
TCF4,PDE7B,0.0302130790674653
RPL34,RP11-686D22.4,0.0301866763868573
CLUH,RP11-816J6.3,0.0301525296692572
MLXIP,GRIN2D,0.0301400601899224
RUFY1,RHD,0.0301194916387954
MPST,DNAJB5,0.0301061325296748
PRKAR2A,MTBP,0.0300888507623192
CTSS,RP11-167N5.5,0.0300721723186882
TPP1,TRIM54,0.0300348864168619
RP11-279F6.3,FBXO30,0.0300333620473832
HIST1H2AC,DNAH12,0.0300149563928865
LILRA3,RP11-348N5.7,0.0299950882268571
RP1-43E13.2,HSPA12B,0.029994307696639
C1orf35,MST1R,0.0299888932349707
C7orf50,PSD3,0.0299828139876982
DUSP2,UNC13A,0.0299378530527555
ASAP2,SLC35D3,0.0298753522623023
NEAT1,FOXE1,0.0298728964200706
TUBA4A,RP11-54O7.1,0.0298181150951853
IGSF6,CXCL10,0.0298059030494633
C14orf80,CCDC81,0.0297190469996356
PNPLA6,NLGN3,0.0296687307163334
MIR4453,NLGN3,0.0296134002142673
SAPCD2,ACTG2,0.0295247696434639
COTL1,RP4-677H15.4,0.029479837042757
SEC24B-AS1,ARNTL2,0.0294771164063707
TDRP,RP11-15A1.7,0.0294482862631919
PFN1,RP11-29H23.4,0.0294182760203127
RP11-705O1.8,ARHGAP44,0.0294154785629358
PACSIN2,PSD3,0.0293861559911049
CEP44,RP11-787I22.3,0.0293706827652445
AC104655.3,HM13-AS1,0.0293667903505227
EXOC3L1,CXCL10,0.0293359262456543
NT5M,PTPRR,0.0293113149985816
DOPEY2,TRIM54,0.0292985302138955
RSPH1,GABRD,0.029293908360881
SIM1,ESPL1,0.0292256103441193
HLA-DPA1,APCDD1,0.029223335075027
TUBA4A,RP11-314C16.1,0.0291895082674421
CNRIP1,XX-FW83128A1.2,0.0291521912508492
SLAMF7,RP11-54O7.1,0.0291319633936362
NKG7,IQSEC3,0.0291261335103534
ACRBP,GRIN2D,0.0291069805054582
FAM26F,AL049829.1,0.0290536646505799
HLA-DPA1,EPAS1,0.0290344564498674
MAFG,RP11-106M3.3,0.0290140801940938
FUT11,TRIM54,0.0290084121539992
SLA,CAPN9,0.029003138129827
TLN1,STRIP2,0.0289605311802817
HOMER3,RP11-358L4.1,0.0289417233266717
PLEKHM2,ESPL1,0.0289203955549552
IMPA2,UNC13A,0.02891342605218
TMSB10,XX-FW83128A1.2,0.0288963592325976
MTHFR,KRBOX1-1,0.0288775527630989
CD63,PTH2,0.028826110399384
MYL6,AGAP9,0.0288249760120639
GLIPR1,ACTG2,0.0288098233257846
KLF6,AC000068.5,0.0288057017485746
C11orf83,C1orf101,0.0288012154458673
PARD3,SLC35D3,0.0287952140803202
EPDR1,C1orf177,0.0287707767415984
GUCY1A3,RP11-142C4.6,0.0287398180851492
FTH1,MMP1,0.0287370547094428
TYROBP,C1orf111,0.028716651938945
AP000251.3,RET,0.0287065122263459
CDC42EP3,GYPE,0.028615325728585
CLEC4G,DNAJC28,0.0285999462748265
LMO2,CTD-2192J16.26,0.0285786988458969
VIM,AC000068.5,0.0285697896035178
TYMS,GSG2,0.0285524217815922
RPLP1,C15orf65,0.0285465722982238
LILRB4,SCML2,0.0285264332347993
AC011043.1,DNAJB5,0.028494139542766
FAM26F,CXCL10,0.0284711241279293
GMPR,RP11-142C4.6,0.0284234105387272
SIN3A,USP27X-AS1,0.0283906005280038
COTL1,GYPE,0.0283425929251876
RBM27,HSPA12B,0.0283273619489852
HLA-C,RP11-769O8.2,0.0283042344364756
HLA-C,RP11-423C15.3,0.0282864563702432
MFSD2B,MTBP,0.0282443898038561
CXCR2,FZD8,0.0281953610475657
MARCO,AP3B2,0.0281911077659737
BTBD6,C15orf65,0.0281843467616187
FAXDC2,RHD,0.0281520750697089
PPIF,AL049829.1,0.0281471381475499
HLA-C,AF131215.5,0.02813858712803
KLF6,RP11-423C15.3,0.0281006629086336
HLA-DQA1,CLDN23,0.0280682956415721
TSPO,C1orf111,0.0280535597205531
PGGT1B,CTD-2081C10.7,0.0280376074089576
CCL5,ARHGEF28,0.0280176772446341
PLA2G16,CTD-2619J13.3,0.0280026856523613
UBE2C,CENPI,0.0279868544264133
RP11-542M13.3,DNAJB5,0.0279361493907237
MYCBP2,RFX8,0.0279291664632298
CXXC5,PDE7B,0.0278796991955659
STON2,RP11-142C4.6,0.0278579678656271
CSNK1G2,LINC00951,0.0278572296503215
SAPCD2,ESPL1,0.0277903481822178
MFSD2A,HSPA12B,0.0277797434639185
RP11-611L7.1,RP11-665G4.1,0.0277632565064991
LAG3,IL10,0.0277629166820221
SMOX,AC015969.3,0.0277174236322167
SLA,AL049829.1,0.0277137981306423
EFHD2,C1orf101,0.0276965627950482
FTH1,C17orf96,0.0276879804740761
GMPR,GABRD,0.0276694143591379
MT-CO1,CAPN9,0.0276278158134201
GNAZ,GABRD,0.0276271306314252
PCDH12,RET,0.0276223533812162
CD63,RP11-55K13.1,0.0276171157459007
ID1,JAG2,0.027570210816613
KLRB1,CTC-523E23.1,0.0275573769536678
SRFBP1,DNAJC28,0.0275134851242313
GGA1,RP1-122O8.7,0.0274911080646487
HIST1H2BJ,RP11-142C4.6,0.0274895466716749
KIF2A,ADAM20,0.0274681710339482
AC011893.3,AC007036.6,0.0274320505179346
RGS12,RP11-81H3.2,0.0274261132941607
AL928742.12,RP11-456K23.1,0.0274257695384922
MT-CO1,ASB9,0.0274136904289726
IMPA2,CLDN23,0.0274025308460205
EAF2,RP11-665G4.1,0.0274003881910963
PLEK,RP11-142C4.6,0.0273964676400059
S100A4,CCR8,0.0273683074676857
IGJ,CYB5R2,0.0273624415278167
C4orf48,RET,0.0273543997809104
CKAP5,CTC-523E23.1,0.027350822047366
PPP2R2B,SNRK-AS1,0.0273170200415445
SPON2,C1orf111,0.027282185503439
CPVL,LYPD2,0.0272389135538844
ANXA2,C1orf101,0.0272115601108017
NAGK,GYPE,0.0271810429091392
IL1RN,FAM225A,0.0271747739349487
HLA-C,PAPL,0.0271692402024181
VIM,CTD-2192J16.26,0.0271355443037269
KIAA0195,SOX13,0.0271129404818734
AC147651.3,PSD3,0.0270965946334567
ASGR2,RP11-348N5.7,0.0270894881853885
TPPP3,LYPD2,0.0270544570465075
S100A4,RP11-505P4.7,0.0270308161922448
FCGR3A,ACKR2,0.0270290736285286
PYCARD,ELMOD1,0.0270285332534297
GSTO1,CXXC4,0.0270283282554771
SDC3,AC015971.2,0.0270217773232664
RP11-488L18.10,LINC00638,0.0270155970702154
SPTBN1,GCSAML,0.0270088055309479
ZNF593,DNAJC28,0.0269659667649076
PMAIP1,RET,0.0269435512036355
STOM,AC015969.3,0.0269223237273712
PKN3,DNAJB5,0.026918132678995
DUSP1,FBXO30,0.0268822401592712
ST14,CTD-2192J16.26,0.0268574692952788
NBPF3,TTC39A,0.0267987012647002
XXbac-B135H6.15,FAM225A,0.0267738402138771
MMD,PSD3,0.0267210781632932
STX3,C11orf45,0.026687950201626
PLD4,TTC39A,0.0266720331178614
LINC01134,AF131215.5,0.0266568752736408
MLH3,C19orf44,0.0266553201474967
TUBA4A,KRBOX1-1,0.0266369144999609
MTHFR,AF131215.5,0.0266328306306247
DOPEY2,ASB9,0.0266178352148552
PRKCDBP,EPHB3,0.0265928767877239
CAST,RFX8,0.0265808105421673
PTPRN,GABRD,0.0265802103462022
ERI2,IL17A,0.0265027242942393
NAGK,NLGN3,0.0264511736625564
CD40,EPN2-AS1,0.026418434774471
LYL1,ASB9,0.0264158401420599
HLA-DRB5,ASB9,0.0264158401284299
FLNA,LRP12,0.0264067585925957
SPON2,RP11-29H23.4,0.0263965940353231
PAFAH2,C1orf111,0.0263911149701218
PVR,LYPD2,0.0263668026663353
FAM150B,C1orf177,0.0263461089367923
FADS2,KRBOX1-1,0.0263419533000747
AP001055.6,AC079354.5,0.02634001750844
DGAT1,AC108025.2,0.026323998912535
NFKBIA,SPTB,0.0263063732008462
TSC22D1,RP11-142C4.6,0.0263046459189477
CIITA,RP11-328M4.2,0.0262989902432083
GBA2,PNMT,0.026250108922446
FTH1,RET,0.0262383036922189
GZMB,AGAP9,0.0261824313979972
SELPLG,LAMB3,0.0261528107647673
RP11-81H14.2,RP1-261D10.2,0.0261394231992854
FCGRT,CXXC4,0.0260666592930114
MALAT1,GYPE,0.0260507347649178
CTD-2270L9.4,DNAJB5,0.0260229694721524
SUGP2,RP11-423C15.3,0.0260198512282906
ZEB2-AS1,SEZ6,0.0260091894169418
ABCA7,BBS5,0.026005333566389
SERPINF1,KCNK5,0.0259701352556707
TMSB4X,CLDN22,0.0259396801730777
FTH1,RP1-122O8.7,0.0259110113440097
TMSB10,LINC00638,0.0259082945727387
CCR10,RFX8,0.0258791937945424
FCRLA,GSG2,0.0258414261852427
ATF6,XX-FW83128A1.2,0.0257933316264803
SEPT5,LRP12,0.0257800979007072
MIDN,CLDN23,0.0257617193891391
CEACAM19,AF131215.5,0.025715074994463
C12orf75,FZD8,0.0257135149835398
TUBGCP4,ASB9,0.0256679886456575
SERPINF2,CYP46A1,0.0256583788786241
PTGS1,PSD3,0.0256476440126394
GIMAP8,ARHGAP44,0.0256384226081881
NPEPL1,PNMT,0.0256279048881634
ZNF362,C1orf111,0.0256140737710987
MGST2,EPAS1,0.0256023656982039
SPI1,RET,0.0255482414250114
MESDC2,C1orf111,0.0255348641540733
YWHAH,AC016738.4,0.0255300314036222
OAZ1,GYPE,0.025509315954062
VIM,HCG20,0.0254967528020672
RPLP1,TNS4,0.0254831863187909
RP11-66N24.4,RP4-677H15.4,0.0254093063674078
MPST,STRIP2,0.025394619983571
ZYX,EPN2-AS1,0.0253885951778673
TTBK2,RET,0.0253749127567553
CLUH,AGAP9,0.0253643884745688
RP9,RP11-358L4.1,0.0253598151766412
STK40,RP11-276E15.4,0.0253337780901527
KIAA1324L,C19orf44,0.0253195530273544
PFN1,PAPL,0.0252777451430501
NOL9,C15orf65,0.0252560073342703
LINC00877,WWC2-AS2,0.0252311614271135
PIK3R6,C15orf65,0.0252227681885034
ACTB,C1orf101,0.0251836216837759
EAF2,RP11-314C16.1,0.0251781587443278
DAPP1,CYB5R2,0.0251675596216519
BIRC3,RP11-665G4.1,0.0251474908177528
NPC2,RFX8,0.0251335062642773
MEGF9,HBA2,0.0251315661021107
NAP1L5,ASB9,0.025112350356136
CFP,GSG2,0.0251090268793644
AP001055.6,CTD-2620I22.7,0.0251075130316041
RPF2,RP4-677H15.4,0.0250354964899984
UBE2Z,ACTG2,0.0250312093674829
PASK,AL049829.1,0.0249924831676081
TMEM40,GABRD,0.0249538567956309
GBA2,RP11-524F11.2,0.0249238776755836
PILRA,RP4-655J12.4,0.0249144176109492
SCRN3,RBL1-1,0.0248905831181906
DAG1,C1orf111,0.0248623500185609
TULP3,ZNF572,0.0248560364342919
VCAN,VNN3,0.0248550115345268
PPP2R2B,AC079354.5,0.0248446180020478
ILK,RP11-325I22.2,0.0248271426339305
GRHL1,RP11-142C4.6,0.0248086902173368
PINLYP,WFDC3,0.0248074620574452
RP11-496I9.1,SOX13,0.0247794588614379
ZNF142,LINC00638,0.0247714387655062
FAM69B,RHD,0.0247616569864344
C12orf75,CLDN22,0.0247325712804558
NCR3,RP11-665G4.1,0.0247137286835511
CTSS,SEZ6,0.0246470816396831
ILDR2,WFDC3,0.0246166383203017
ADAMTSL4,AC015971.2,0.0245940615504214
ISG15,FBXO30,0.024576836537458
COMT,RP11-423C15.3,0.0245683731891153
CD68,RP11-142C4.6,0.0245422487644255
CTSS,ARHGEF28,0.0245394903126476
PATL2,EPAS1,0.0244469325626949
CDC42EP3,UNC13A,0.0244426188106386
NPLOC4,C19orf44,0.0244295242461423
HBD,KCNK5,0.0244225272242268
NUDT16,RP11-423C15.3,0.0243961034873536
IFI6,CTRC,0.0243552237467704
IQSEC1,RP11-358L4.1,0.0243550351117324
RP11-378J18.8,NODAL,0.0243129013568445
AKR1C3,RP11-269M20.3,0.0243104702542848
COTL1,CTD-2527I21.7,0.024294876558479
ENC1,CLDN22,0.0242727009515228
HK3,RP11-348N5.7,0.0242397849142224
METRNL,HSPA12B,0.0242278696783173
MCOLN1,AC000068.5,0.0241950314040311
KIF2A,RP11-142C4.6,0.0241867717767423
ADRBK1,RET,0.0241375810526378
CCDC82,CLDN22,0.0241288690282812
KCNG1,RP11-142C4.6,0.0241218602337531
ULK1,AMZ1,0.024098508848732
DMXL2,GRIN2C,0.0240670372525652
ACSBG1,MMP1,0.0240462247569511
CD81,LAMB3,0.0240429215180766
PPAPDC1B,RP11-524F11.2,0.024030994914019
AC147651.3,RP11-546M21.6,0.0240279690533185
ADAR,RP11-29H23.4,0.0240134762557213
NKG7,CENPI,0.0240045443740172
HES4,RP11-456K23.1,0.0239967149633158
CD79B,LYPD2,0.0239869339137878
CXCR3,EPAS1,0.0239654133393397
RUNX3,RP11-362K14.7,0.023960126221054
DHX38,AC007036.6,0.0239254176885025
JUP,FKBP9,0.0239131534061009
S1PR5,C2orf48,0.0239080053918599
UBE2V2,RP11-314C16.1,0.0238626284253941
SLC37A2,RP11-15A1.7,0.0238584238511709
C1orf21,PNMT,0.0238321799326458
CTSD,AP3B2,0.0238116487863812
TMSB4X,RGS9BP,0.0238016212648975
SMG5,SIAH3,0.0237866264320698
CHIT1,PNMT,0.0237828632637051
C4orf21,C17orf96,0.0237809694476949
FOS,WWC2-AS2,0.0237787779168037
TNFRSF10D,ASB9,0.0237381726051447
TYROBP,IL10,0.0237274599108971
ENTPD1,RP4-655J12.4,0.0237211822470131
TNFSF4,RP11-142C4.6,0.023705455018657
PIK3R6,RP4-655J12.4,0.0236154714109816
RAB31,VNN3,0.0236127998191355
LTB,LINC00638,0.0236126174943028
MYCBP2,RP11-358L4.1,0.023584996698564
CSRNP1,RP4-655J12.4,0.0235733448374558
STMN1,GSG2,0.0235403911915818
UBE2V2,VASN,0.0235144859412657
HLA-C,RP11-275I4.1,0.023475714329768
KIF22,FANCE,0.0234643054864921
KLRG1,AC068282.3,0.0234576457545658
CDC42EP3,FBXO30,0.0234456390146314
IFITM2,GYPE,0.0233925169112384
ANXA2,RP11-362K14.7,0.0233832117585644
OS9,FBXO30,0.0233624480093966
RP11-81H14.2,AC140481.2,0.0233564572468804
MTURN,RBL1-1,0.0233526870830818
PTGER2,NODAL,0.0233264703384374
STAG3,RP11-55K13.1,0.0233255918548625
TMSB4X,RBL1-1,0.0233129537025537
TMSB10,RP11-722E23.2,0.0233070947239205
TNFRSF8,RP11-816J6.3,0.0233065785576539
CTSW,RP11-196O16.1,0.0232918414404944
ROBO3,AGAP9,0.0232797411336827
MTPN,RP1-261D10.2,0.0232703128173845
ETV5,MTBP,0.0232665393896736
RNF19B,AC007036.6,0.0232627811761382
TMEM159,SIAH3,0.0232473561111087
TXNDC16,AC140481.2,0.0231688018946516
BNC2,RP11-456K23.1,0.0231611407288765
KIF22,RP11-358L4.1,0.0231447950655811
P2RX5,RP11-816J6.3,0.0231262181970233
B2M,RP11-686D22.4,0.0231190881040764
IRS2,AC015969.3,0.023093503507925
PALLD,AC140481.2,0.0230803627612469
SDPR,SLC35D3,0.0230628066013754
EGFL7,DNAH12,0.0230180862583537
B2M,LINC00638,0.0230076773046141
C19orf83,RP11-276E15.4,0.0230026739631127
PHRF1,UNC13A,0.0229994362220699
MT-ND2,DCLRE1A,0.0229807357635352
MT-ND1,C17orf96,0.0229493480975654
CCL5,AC068282.3,0.0229464250085492
MRM1,CSN1S1,0.0229202372480742
MIR22HG,GRIN2C,0.0229163521074608
MALAT1,RP1-261D10.2,0.0228776941547391
GSTP1,TMEM105,0.0228666924181174
RPF2,COL1A1,0.0228517776290309
SERPING1,RP4-655J12.4,0.0228306438986374
RP5-1028K7.2,RP11-54O7.1,0.0228054054944776
DUSP1,STRIP2,0.0228026094332804
CIITA,SNX24,0.022779072746691
HIST1H2AC,RP11-142C4.6,0.0227773825553967
ANKIB1,LIF,0.0227225331070539
SLC27A3,ZNF572,0.0226805744751087
UAP1L1,CCDC110,0.0226706734628263
TOX2,AMZ1,0.0226597891971733
LRRC26,C19orf44,0.0226597802602658
HVCN1,RP11-328M4.2,0.0226015133449238
FTH1,FKBP9,0.0225985345767582
LTB,HM13-AS1,0.0225330062534389
CPVL,TMEM105,0.0225075117189076
AP001055.6,GRIN2D,0.0225016771179258
BACH1,FBXO30,0.0224711640732157
TMSB4X,RP11-81H3.2,0.0224657605759351
HLA-DRA,HM13-AS1,0.0224568131202743
SULT1A1,CCDC81,0.0224435045824144
GRAP2,ZNF572,0.0223703109434349
GPR56,C11orf45,0.0223698440755526
NPHP4,USP27X-AS1,0.0223640385933553
PKN2,RP11-122G18.5,0.0223554372246389
CTD-2541M15.4,RP11-196O16.1,0.0223076134841985
SYNM,AC000068.5,0.0222884575419567
GNLY,RP11-168O16.1,0.0222066505411659
FICD,HCG20,0.0221978798468298
DUSP2,CXXC4,0.0221423022882939
ACTN1,CAPN9,0.0221267135073676
CFP,RP4-655J12.4,0.0221191439592659
ANKRD11,CASC2,0.0221036499266025
CD74,APCDD1,0.0220966069003659
NKAP,AC068282.3,0.0220499078557742
MFSD12,XX-FW83128A1.2,0.022043977340946
RGS18,RP11-142C4.6,0.0220158036274879
PRCD,PDE7B,0.0220029639764703
KLRG1,DNAJB5,0.0219922079097692
TMSB4X,CCR8,0.0219906138910216
FTH1,ARHGAP44,0.0219882043380443
LIMS1,C1orf101,0.0219579441571922
C12orf39,WFDC3,0.0219505631947133
PTGER2,ELMOD1,0.021924426777522
ACTB,GCSAML,0.0219200722440006
UNC93B1,CLDN23,0.0218941929307591
IFITM3,MST1R,0.0218720291861794
FRMD4B,RGS9BP,0.0218687150247557
GPX1,CENPI,0.02185706465187
TUBB4B,RP11-196O16.1,0.0218530819607708
HLA-C,IL17A,0.0218400371679321
VIT,PTPRR,0.021835792824909
MS4A6A,RP11-665G4.1,0.0218340455350756
RELB,RP4-655J12.4,0.0218307743213205
PKN3,IQSEC3,0.0217714748200249
C17orf103,VSTM2B,0.0217643919657717
NPC2,KRBOX1-1,0.0217592548633821
EXTL3,PTPRR,0.0217303220108942
IL32,HBA2,0.0217301960146422
EHBP1L1,XX-FW83128A1.2,0.0217176915243849
RGS6,DNAH12,0.0217024456783438
ULK1,FANCE,0.0216742237861467
NKAPL,RP11-456K23.1,0.0216656626668925
NKG7,SNRK-AS1,0.0216324547918189
RAB32,FBXO30,0.0216321589773917
VTI1B,RP11-81H3.2,0.0216292598812854
LINC00989,RP11-15A1.7,0.0215687011136272
MT-ND1,USP27X-AS1,0.0215590644637892
METTL22,RP11-15A1.7,0.0215548699593713
SLC11A1,DNAJB5,0.0215141664143492
LEPREL4,PLCD4,0.0214882826760118
IL4R,RP11-269M20.3,0.0214174083306112
PSAP,SLC35D3,0.0213846173365633
STAC3,AC016738.4,0.0213436335800934
LIMS1,IL17A,0.0213407969172031
VAV3,PTPRR,0.0213364140071999
MALAT1,BBS5,0.0213297253780408
HIST1H1C,HCG20,0.0213209971905544
ZNF703,DNAJB5,0.0213167626820151
RP11-66N24.4,PDE7B,0.0213080971875281
PLD4,S100A3,0.021299840837416
MTPN,LINC00951,0.0212889385639599
PARPBP,AC009312.1,0.0212693080379367
MS4A7,CTD-2192J16.26,0.0212425246483616
CTSS,PTH2,0.0212246701859441
GFOD1,SCML2,0.0212097413810706
MBP,MTTP,0.0211949971705301
ILK,RP11-423C15.3,0.0211878040536511
TMSB10,GABRD,0.0211636388207582
IRS2,EPHB3,0.0211429858464709
ARHGAP17,GRIN2D,0.0211126131251738
NCF1,CXCL10,0.0210987123767103
IL32,RP3-323N1.2,0.0210460927424224
ATF6,RP11-168O16.1,0.0210436151791108
PHACTR1,DIRC3,0.020996264835035
KCNE1,SCML2,0.0209853666074322
RP11-291B21.2,RP11-106M3.3,0.0209419093304093
PRF1,CTD-3194G12.2,0.0209166020535836
CWC25,AC108025.2,0.0209076317964863
VIM,PDE7B,0.0208684062129983
SPARC,WWC2-AS2,0.0208494130360232
VAV3,SCML2,0.0207850619471916
COMT,ESPL1,0.0207671035822018
IRAK3,XX-FW83128A1.2,0.0207645058081537
MAN2A2,EPHB3,0.020740763337354
ACTB,RET,0.020731480287364
HLA-C,RP11-713D19.1,0.0206644786893812
MZB1,GRIN2D,0.020650836648839
MTMR11,GPR153,0.0206469065490879
PTPN11,CTC-498J12.3,0.0206423065368412
GABBR1,PNMT,0.0206413244805287
CNTLN,FAM225A,0.0206387072598283
MT-ND1,MST1R,0.0206216385274482
RP11-367G6.3,BBS5,0.0205947526540014
RSAD2,CTD-2527I21.7,0.0205739077267579
MMD,SLC35D3,0.0205419780888797
ZMYND8,RIPK4,0.020532016306632
LIMK2,CLDN23,0.02048913572162
MYCBP2,UNC13A,0.0204774450874128
RP11-131K5.1,ESPL1,0.0204698908436207
GALK1,RP11-358L4.1,0.0204609844160317
PGPEP1,PNMT,0.0204197207769908
TLE3,CLDN23,0.020413673465571
NUDT16,HM13-AS1,0.0203582904357353
DLG4,LRP12,0.0203279444323135
RP11-73G16.2,S100A3,0.0203018387767128
SLC15A3,RP11-29H23.4,0.0202899139505773
DTX4,RP11-348N5.7,0.0202769622473887
SETD1A,DDR2,0.020215090903542
PHC2,RP11-122G18.5,0.0201837435257811
SCT,AC007036.6,0.0201813725648429
H1FX,SCML2,0.0201719835962973
GUCY1B3,MAEL,0.0201430455362692
RP5-882C2.2,LINC00951,0.0201416895705122
EXD3,RP11-348N5.7,0.0201416644789955
MOGS,WWC2-AS2,0.0201400639154
TSPAN33,PNMT,0.0201352562679023
LIMS1,SLC35D3,0.0201331927249111
TNFRSF1B,RP11-505P4.7,0.0201054884794734
LCOR,RP11-362K14.6,0.0200933657288522
TLK1,IQSEC3,0.0200728613919997
HLA-A,IL17A,0.0200555875223582
MYOM2,CTD-2619J13.3,0.0200533259350512
PPP1R14A,GSG2,0.0200219845739292
TESC,CGN,0.0200019125677189
SLA,HSPA12B,0.019999663199677
FOXK1,NODAL,0.019959570969008
CDC42EP3,ZNF572,0.0199464758572895
PRKACA,GSG2,0.0198837905438769
CD4,CYP46A1,0.0198771345737072
ZGLP1,ARHGEF28,0.0198633942012849
SLC31A1,ZNF572,0.0198336511391086
C9orf89,IL10,0.0198059404064351
ARHGEF9,RP3-323N1.2,0.019770019661193
ARHGAP24,C17orf96,0.0197541080265957
SLC7A7,LYPD2,0.0197466576183826
TUBG1,CTD-2192J16.26,0.0197075088094965
NCKAP5L,CTD-2527I21.7,0.0196550808915156
TMEM59L,FANCE,0.0195851233848064
FGD4,EPHB3,0.0195740433024886
OSCAR,VNN3,0.0195724129012897
DHX38,FOXE1,0.0194874904112372
NPTX2,AMZ1,0.0194772132993336
RAB11FIP1,LIF,0.0194704783539729
STYK1,TNS4,0.01946858744518
HLA-DOB,ACKR2,0.0194385039476947
C15orf39,RP11-29H23.4,0.0194372022892548
MMP17,PDE1A,0.0194297453923705
PI4K2A,ACKR2,0.0194099756047595
CCL5,FANCE,0.0193975431434925
TNFRSF1A,VSTM2B,0.0193924980702787
MT-ND2,MST1R,0.0193850338682332
ALDH2,PNMT,0.0193723530814156
NT5C3A,RP11-524F11.2,0.0193594575336734
AP1S2,HM13-AS1,0.0193330963005528
CTTN,MAEL,0.0193208791384123
OAZ1,RP11-524F11.2,0.0193144739938247
ID3,CAPN9,0.0193119766145938
SLC19A1,AMZ1,0.0192535417515998
TDRP,RP11-546M21.6,0.01924690691747
PADI2,APCDD1,0.0192379304501614
FOLR2,AC007036.6,0.0191817152948769
PFN1,RP11-269M20.3,0.0191361216586098
GRAMD4,IL10,0.0191298895065447
ZC3H13,CTRC,0.0190774988676752
SYTL3,SEZ6,0.0190755273774521
NCKAP5L,S100A3,0.0190595826811026
CCL5,KRBOX1-1,0.0190426606920682
CHN2,MTBP,0.0190322553592745
GPR56,C1orf177,0.0190320450434126
HIST1H2BK,RP11-358L4.1,0.0190024629637921
RP11-85A1.3,USP27X-AS1,0.0189912549830045
MALAT1,GRIN2C,0.0189648364453488
ZBTB16,HBA2,0.0189550911677361
VIPR2,AMZ1,0.0189409793684972
ABLIM3,MMP1,0.0189387870266262
PLEK,AC000068.5,0.0189172241870771
IFI27,FBXO30,0.018909117560144
NFAM1,RHOV,0.0189071151065877
RASSF4,CXCL10,0.0189013525109753
NGFRAP1,AC015969.3,0.0188898055833867
TUBB1,RP11-546M21.6,0.0188875278129576
GZMB,FZD8,0.018817449372811
ACRBP,RET,0.0188055485308856
DBT,GSG2,0.0188001146022802
B2M,RP3-323N1.2,0.0187941676333595
GALNT7,CCDC81,0.0187866595422337
RALBP1,RP11-167N5.5,0.0187859925795463
RNASE6,LAMB3,0.0187803867255299
HPSE,GSG2,0.018753896326792
GZMA,TNS4,0.0187336302153387
MT-CO1,CTD-3194G12.2,0.0186620498924579
FCGR1B,RP3-323N1.2,0.0186331903858757
GIMAP8,HM13-AS1,0.0186312955698547
OAZ1,RBL1-1,0.0186310956383609
SERPING1,RP1-86C11.7,0.0185508025310318
ANKRD13D,BBS5,0.0185081378389978
ST8SIA6,SOX13,0.0184422523760544
IL1B,SCML2,0.0184400322128119
IL2RB,GCSAML,0.0184339889938308
S100A9,RP11-118K6.3,0.0184239280658217
CD7,PLCD4,0.0184187428084765
MFSD1,HCG20,0.0184161819386547
FGD4,GRIN2C,0.0184131045441135
COL19A1,MTTP,0.0183927367298157
SNX29,RP11-276E15.4,0.0183281413801632
FTL,AC108025.2,0.0183083525928824
KIF2A,S100A3,0.0183077728196314
TONSL,CCDC110,0.0182891762946562
FCRL1,RP1-122O8.7,0.0182800339020848
IL32,RP11-362K14.6,0.0182740239538622
GLIPR2,PAPL,0.01821067800883
TYMS,C2orf48,0.0181933155496573
PDXK,RP11-275I4.1,0.0181924960500943
IER2,RP11-362K14.6,0.0181456397296215
ODF3B,STRIP2,0.0181346659646697
PLCH2,CTC-498J12.3,0.0181334086147746
MT-ND1,ESPL1,0.0181099984397519
B2M,RP11-362K14.7,0.0181047858558496
MT-ND1,SIAH3,0.0180992671786584
C1orf216,TNS4,0.018059607761169
HIST1H2AC,MAEL,0.0180575723214193
RPL34,RP11-168O16.1,0.0180355528031191
EIF4G3,LIF,0.0180281471139089
RHOBTB3,GABRD,0.0180192348542413
NEK4,RP11-314A20.5,0.0180000896400468
PTGS1,RP11-362K14.6,0.0179703508938375
ATP2A2,RP11-328M4.2,0.0179689955564088
CD7,C15orf65,0.0179484955158727
ACTB,ACTG2,0.0179421523447956
MGST2,CTC-523E23.1,0.0179361655291294
EXD3,MPP4,0.0179268467278697
MXRA7,CCDC81,0.0179154563842989
NAB1,BBS5,0.0179070982535996
FCGR2B,AC007036.6,0.0178994283657817
POU2F2,CTD-2527I21.7,0.0178705186333998
AP4S1,RP11-348N5.7,0.0178670005792336
S100A4,STRIP2,0.0178458026820848
FCRLA,EPN2-AS1,0.0178216316507875
CCL5,DNAJC28,0.0178136600977747
RP11-427H3.3,EPHB3,0.0177754558645611
NT5C3A,FAM47E-STBD1-1,0.01777163607917
ADAR,AC000068.5,0.0177640389540015
TMSB4X,DIRC3,0.0177629307210521
RP11-505K9.1,ELMOD1,0.0177603737055442
BATF,DIRC3,0.0177533381212657
IQGAP2,ESPL1,0.017749631049599
VAC14,C11orf45,0.0177192919448205
STOM,C1orf101,0.0177104863906407
PLOD1,AC015969.3,0.0177072136905404
ISG15,RP11-362K14.7,0.0177031278649528
TYK2,ACKR2,0.0176853384295834
CD74,RP11-106M3.3,0.0176834458391365
CD81,PDE7B,0.0176723098827667
RSPH9,ARHGAP44,0.0176714962790768
AC006486.1,C17orf96,0.0176702401788922
POMC,CTD-2081C10.7,0.0176266600392572
MT2A,C17orf96,0.0176134496264438
CCL5,CTRC,0.0176125343828281
ZC3H13,LONRF2,0.0176088853270052
IRF6,DNAJB5,0.0176036824018265
CCL3,CTC-523E23.1,0.0175917652125848
SULF2,CXCL10,0.0175836855507314
ACTB,RP11-713D19.1,0.0175683096856329
DENND6B,AC000068.5,0.0175620699175153
PCDH1,AC000068.5,0.0175558641376166
CCL3,PTPRR,0.0175522422705248
LEMD3,RBL1-1,0.0175031805704719
ACTB,AF131215.5,0.0175007199619963
GLIPR1,ARHGAP44,0.0174598631848442
C5AR1,RP11-122G18.5,0.0174439733401082
KIAA0513,CTD-2192J16.26,0.0174257257034414
LAT2,AFAP1L1,0.0173972959072278
FANK1,IL10,0.0173944691325211
UBA6-AS1,SNX24,0.0173731429085007
TRPM4,RP3-323N1.2,0.0173509587723973
DAG1,HCAR1,0.0173343388367767
NFKBIA,BBS5,0.0173231003549858
ABCC3,RP11-15A1.7,0.0173095937560569
MIR24-2,S100A3,0.0172531098991016
ARID5B,RP11-167N5.5,0.0172308889964381
HOPX,RP11-686D22.4,0.0172212242209365
IL18BP,HBA2,0.0172201453291979
H1FX,DIRC3,0.0172145334225472
RP4-728D4.2,UNC13A,0.017212903792342
DHX34,NLGN3,0.0171996260343737
FAM214B,AC007036.6,0.0171748849937623
GATA2,ASB9,0.0171663642861198
PATL2,C1orf177,0.0171647283992824
CST7,SOX13,0.0171616439286437
NCF2,AC015969.3,0.0171614618399607
MT-ND1,RP11-524F11.2,0.0171565986777672
SLC12A9,STRIP2,0.017142466397426
TBC1D9,CYP46A1,0.0171156669980546
HLA-DRB5,HSPA12B,0.0170897177139625
S100A8,FKBP9,0.0170874156757212
HERC3,CGN,0.0170853496711467
VIM,CTD-2620I22.7,0.0170568830290732
JAKMIP2,RP1-122O8.7,0.0170349891908607
HLA-DRA,RP3-323N1.2,0.0170305914878374
KIR3DL2,ESPL1,0.0170214398726219
CIITA,CTD-2620I22.7,0.017010476920437
KLRB1,RP11-55K13.1,0.0170034716568125
UHRF1BP1,CTC-503J8.4,0.0169979838398376
RP11-293M10.5,COL1A1,0.016986334588612
FTH1,CTD-3224K15.3,0.0169805598725031
NCR3,ESPL1,0.0169598274709937
PRF1,RP11-81H3.2,0.0169558185800059
JUN,IL17A,0.0169423402744841
INPPL1,TRIM54,0.0169347443081437
IRAK1,PNMT,0.0169203528549652
TCF4,PLCD4,0.0169170514128064
DAPK1,APCDD1,0.0169161496909134
IFITM3,S100A3,0.0169102286993323
MRPS24,DNAJB5,0.0169043458004424
DENND1A,MAEL,0.0169009733551088
KDM5C,RFX8,0.0168633686291395
SNORD3A,RP11-325I22.2,0.016806569649416
CACNA2D4,SEZ6,0.0167828557715135
RP11-222K16.2,FAM47E-STBD1-1,0.0167492910137707
SRC,USP27X-AS1,0.0167392450906194
TPP1,HSPA12B,0.01672297459439
LRRC26,CYP46A1,0.0167161856198403
SNAI3,AC140481.2,0.016713667267642
WASF2,ESPL1,0.0167074292381759
MGST2,RP11-269M20.3,0.0166982827239805
GZMK,GJC2,0.0166666348756197
PRKCE,GRIN2C,0.016655170815736
MCUR1,RP11-456K23.1,0.0166386306477912
MT-CO1,RP11-362K14.6,0.0166284361753378
CDKN1A,RHD,0.0166255979155221
AC093901.1,FBXO30,0.016618449343021
CCL5,AF131215.5,0.0166114925460884
VPS9D1,ZNF572,0.0166063158574926
NCOA4,PSD3,0.0165933078071171
ACSL3,LINC00638,0.0165891501035476
HLA-A,LONRF2,0.0165830782218878
CTSS,GRIN2C,0.0165607251385288
C16orf54,AC108025.2,0.0165543533528339
LATS2,RGS9BP,0.0165131254300253
MYOM2,DNAH12,0.0164987804188913
ASCL2,SNRK-AS1,0.0164955567632145
CEP44,RP11-456K23.1,0.0164930498843854
S100A11,HSPA12B,0.0164809075710055
PTRH1,TNS4,0.0164805428004623
PTPN11,WWC2-AS2,0.0164616201653824
NKG7,BBS5,0.0164526150310271
RP5-894A10.2,ZFHX2,0.0164516246802609
GPX1,CCDC110,0.0164456663316226
CRIP2,MST1R,0.0164315733464151
KIAA0319L,CTC-498J12.3,0.0164189906793381
FUOM,RP11-722E23.2,0.0164065989431486
ZNF41,GPR153,0.0163721972450649
VPS41,DNAJC28,0.0163642616973224
HLA-DQA2,RP3-323N1.2,0.0163637625818632
LCN2,RHD,0.0162947485170032
MPND,S100A3,0.0162802221349946
MBP,CCR8,0.0162541791211387
LILRB2,RET,0.0162364857804593
C12orf75,RP4-677H15.4,0.0162343109961511
PSAP,C17orf96,0.0162268879512218
PLXNB2,CYP46A1,0.0161914324554881
KLF6,CAPN9,0.0161879220667281
DUSP1,FOXE1,0.0161840254027276
PLA2G16,C17orf96,0.0161746641904222
FAM214B,S100A3,0.0161737027147824
LL22NC03-86G7.1,LINC00638,0.0161607844251386
SMIM5,DNAH12,0.0161547160244973
CTD-2035E11.3,EPAS1,0.0161331532391819
CXXC5,C2orf48,0.0160770209762574
CST7,MTBP,0.0160609250526804
RP11-543C4.1,ARHGAP44,0.0160222151663767
PDCD7,ESPL1,0.0160012494881507
L3MBTL4,RP11-55K13.1,0.0159977663094952
PPP1R14A,RHD,0.015970483021515
KIF22,DDR2,0.0159411748897801
PPP2R2B,CTD-2081C10.7,0.0159303373925226
PIFO,RP11-505P4.7,0.0159186899936181
PRR5L,HBA2,0.0159144181975645
GZMA,AFAP1L1,0.015913690351467
CD74,C17orf96,0.0159039728837438
CTSS,ELMOD1,0.0158742446602454
DENND1A,FAM225A,0.0158302500923417
HLA-C,RP3-323N1.2,0.0158222341333673
RASSF4,GRIN2C,0.0158209399254541
TRPS1,PDE7B,0.0158109006172946
LTB,CASC2,0.0158047516718782
KDM5A,SOX13,0.0157713547888057
CDA,RET,0.0157705643273536
LATS2,JAG2,0.0157551772849341
HOXB7,SOX13,0.0157333621231869
MAX,GJC2,0.0157321461104121
ARHGEF9,NLGN3,0.0157227512558001
LILRB4,GRIN2C,0.0157153855447751
RNASE6,DNAJC28,0.0157088442009618
HLA-DPA1,ESPL1,0.0156935520995136
OS9,FKBP9,0.015680442600174
S100A11,ACTG2,0.0156560571913455
C6orf120,RP11-362K14.7,0.0156292562605004
S100A6,RIPK4,0.0156249231449082
TRIM45,C2orf48,0.015614405961478
DMTN,FANCE,0.0155932308826401
LTB,C17orf96,0.0155874838296257
CTSH,RP11-328M4.2,0.0155826572998901
HLA-DPB1,ACKR2,0.0155695577853194
PPAPDC1B,CTD-2527I21.7,0.0155591960233966
NMB,RP4-677H15.4,0.0155396556107073
MYL6,AMZ1,0.015529753024354
KRIT1,MTTP,0.0155271099168844
SPARC,MMP1,0.0154588723100396
RGS6,RP11-142C4.6,0.0154458493471423
AC016757.3,LHX1,0.0154036365637848
ACTN1,C15orf65,0.015395953351658
RAMP1,RP11-325I22.2,0.0153802796528333
COCH,ZNF572,0.0153730581402539
MAFB,RET,0.015370665572763
SUZ12,RP3-323N1.2,0.0153563862145499
LEMD3,CCDC81,0.0153310705883119
MS4A1,MTTP,0.0153289140742917
IL1B,CLDN23,0.0153216445306874
GZMA,FAM47E-STBD1-1,0.0153017913974916
ZNF329,DNAJC28,0.0153017377930568
F13A1,DCLRE1A,0.0152937576517176
RASGRP4,RET,0.0152815276362903
MBD3,GABRD,0.0152767150657208
HTT,PTPRR,0.0152568023709045
AKAP13,CTC-503J8.4,0.0152472233214522
LILRA5,CXCL10,0.0152403086022065
HCG25,RP11-81H3.2,0.0152348548482424
GPR56,C17orf96,0.0152186768388743
PFN1,CTD-3194G12.2,0.0152169521067383
GSTP1,AC000068.5,0.0152019425868357
LILRB4,CLDN23,0.0151927295801351
ETV5,AC015971.2,0.0151898852370497
BTBD6,CTC-498J12.3,0.0151541497491982
ZBTB16,DIRC3,0.0151477879030223
DHX34,RP11-276E15.4,0.0151476526390175
PGRMC2,GRIN2C,0.0151217625958232
TSEN54,AC108025.2,0.0151034850851405
SORBS1,AC140481.2,0.0150780406265868
CELF1,LINC00951,0.0150693204938571
PDZK1IP1,RP11-15A1.7,0.015054718030187
STX16-NPEPL1,SOX13,0.0150464141423541
C4orf48,CCR8,0.0150398596732278
S100A4,MPP4,0.0150363316574767
ODC1,GRIN2D,0.0150352120286878
IL17RA,RP11-348N5.7,0.0150319828938008
NHSL2,LHX1,0.0150317231852928
B2M,CTD-2081C10.7,0.0150129489125013
IFFO1,ADAM20,0.0149854074254842
MT-CO1,MPP4,0.0149849873319137
MLC1,AC015969.3,0.0149846194800509
RPLP1,DDR2,0.0149584025859876
IQGAP2,SOX13,0.014937036366104
TRIM24,UNC13A,0.0149364780397935
VIM,RP11-81H3.2,0.0149331448757185
NCAM1,RP11-325I22.2,0.0149289276301227
TCTEX1D4,TNS4,0.0149118186469425
FOS,CCDC110,0.014897364724166
SCO2,RP3-323N1.2,0.0148971121426803
FTL,CCDC110,0.0148539289111672
H1FX,AC016738.4,0.0148440084029115
NEAT1,RP11-665G4.1,0.0148403074967764
GATA1,DNAJC28,0.0148381479847212
FUT11,RGS9BP,0.0148268059098966
PWWP2B,GRIN2C,0.0148208314215796
MTHFR,RP11-15A1.7,0.0147828297636229
CD8B,CTC-498J12.3,0.0147468057602493
ABHD2,AC000068.5,0.0147317835769204
OSCAR,AC007036.6,0.0147305645091106
RPLP1,AC015969.3,0.0147089147239439
RPL3,RP11-524F11.2,0.0146913472704125
PDE2A,RP11-511B23.2,0.014681478599854
CD8B,C17orf96,0.0146392363103391
SERPING1,CXCL10,0.0146391956829859
CTSS,AP3B2,0.0146383076838826
RP11-134P9.3,PDE7B,0.0146355213635733
MPEG1,FAM47E,0.0146261341734001
HSCB,AL049829.1,0.0146076947130311
RPLP1,CYP46A1,0.0146044531363088
MAML3,RP11-314C16.1,0.01453614804525
TSPAN2,RHD,0.0145223053373451
LRBA,SNX24,0.0145123265639676
BLNK,MST1R,0.0144911637703018
FCER1A,PNMT,0.0144632618935745
CSNK1G2,CTD-2192J16.26,0.0144295297110774
MEF2D,GPR153,0.0144209836844772
GPBAR1,LYPD2,0.0144124557159913
CST7,RP11-362K14.6,0.014410361555927
ANXA2,NLGN3,0.0144022377587965
DENND6B,EPHB3,0.0144017950696521
KLRF1,C2orf48,0.0143983093978455
IL32,RFX8,0.0143698683291306
ZNF624,PDE7B,0.0143697151099545
FCER1G,GRIN2C,0.0143544424829216
CRIP2,C17orf96,0.0143479155075848
IER5,DCLRE1A,0.0143377957462037
HOMER3,AC009312.1,0.0143145383805902
SLC15A4,LAMB3,0.0143077108005589
RP11-1007O24.3,HCG20,0.0142983876934078
GZMA,C2orf48,0.0142800683756518
TM6SF1,DCLRE1A,0.0142642699164543
STRN,C1orf111,0.0142519221111589
EMR2,ZFHX2,0.0142340685625785
MT-CO1,PSD3,0.0142302814514822
CD160,RP3-323N1.2,0.014224856131947
PLEK,RP11-118K6.3,0.0142246698669062
LATS2,RP11-686D22.4,0.0142189434492125
PROS1,RP11-269M20.3,0.0142100145200334
SLC31A1,PDE7B,0.0141897733687487
PINLYP,RFX8,0.0141858114222896
IER5L,USP27X-AS1,0.014183873140654
RPLP1,C1orf177,0.0141664040501357
LAMP5,KCNK5,0.0141587037333683
RP11-611L7.1,XX-FW83128A1.2,0.0141369328875591
CD22,PSD3,0.0141333989011514
CTB-55O6.12,LINC00951,0.0140895342192326
PHRF1,DIRC3,0.0140891066682183
IL2RB,C1orf111,0.0140798524697814
JOSD2,RP11-275I4.1,0.0140764680912225
PARVB,C17orf96,0.0140623919847933
CAPN12,RP11-420L9.5,0.0140585392842604
BTBD6,LYPD2,0.0140475357724285
GFI1B,BMP6,0.0140453077701803
MED14,RP11-118K6.3,0.0140355882705597
XK,HM13-AS1,0.0140182145036718
TBX21,CLDN22,0.0140157100579773
MTPN,CLDN22,0.0140079236821724
HLA-DPB1,AGAP9,0.0140078990165931
STRN4,ELMOD1,0.0140054576364445
CAPG,ZNF572,0.0139884630904287
CLEC4C,CYP46A1,0.013982412869063
RP11-539L10.2,USP27X-AS1,0.0139559876961635
TUBA4A,AC016738.4,0.0139503841442927
RPLP1,ESPL1,0.0139402871266606
CDKN2D,NODAL,0.0139360206296765
APMAP,EPHB3,0.0139137214744308
GCHFR,AC009312.1,0.0138974858115265
MEGF9,CTC-523E23.1,0.0138825277273035
HLA-DQA2,GYPE,0.0138714599466244
RSU1,RP11-686D22.4,0.0138710072718906
LINC00484,EPAS1,0.0138561024697364
AL928768.3,LHX1,0.0138330176021246
SSX2IP,VNN3,0.0138279235469548
TSPO,CTC-498J12.3,0.0138218991521432
ZGLP1,C15orf65,0.0138053890047792
SCAPER,FANCE,0.0138016979826503
AP000783.1,CCR8,0.0137967089574233
IQGAP1,C17orf96,0.0137825503887338
EHBP1L1,RBL1-1,0.0137779957435784
MEGF9,RP11-511B23.2,0.0137723013580836
RP11-164H13.1,CXXC4,0.01373371866812
HHEX,RP11-276E15.4,0.0136861236940284
TACC1,TTC39A,0.0136763429911317
MIR181A2HG,TRIM54,0.0136463355549918
ARID5A,DNAH12,0.013642218673174
LYN,FAM47E,0.0136263277962551
LRRC26,S100A3,0.0136252867628745
CDKN2D,RP11-106M3.3,0.0136002192869556
PLCB2,GRIN2C,0.0135859892215702
PTPN11,IL17A,0.0135798175770893
TNFRSF18,RP11-787I22.3,0.0135711620856695
IL32,ADAM20,0.013544889532261
IFITM2,C1orf111,0.0135421373498502
KLF6,FAM47E-STBD1-1,0.013511213583902
PURA,RIPK4,0.013505086572216
ID3,WFDC3,0.0134817382897272
MPEG1,RP11-456K23.1,0.0134797133706406
NKAP,RP11-414H17.5,0.0134766671047162
RP11-434B12.1,ARHGAP44,0.0134668801412642
ZEB2,RP11-55K13.1,0.01345226135642
BCL6,RBL1-1,0.0134264616720986
RP11-78O7.2,CYP46A1,0.0133981573738969
SDPR,WFDC3,0.0133866593135431
PLEKHM2,AF131215.5,0.0133720180093556
MPP1,RET,0.0133703289348955
KIAA0040,CLDN23,0.0133690505790962
CD19,RP11-29H23.4,0.0133576095056392
APMAP,RP11-686D22.4,0.013335228252674
CIB2,RBL1-1,0.0133345314051537
RP11-134P9.3,FANCE,0.0133155404432642
AC104655.3,CXXC4,0.0133106948713525
MAP3K7CL,RIPK4,0.0133048133077812
SPIB,RP11-420L9.5,0.0132971010031224
ALDH4A1,ZFHX2,0.0132957698921081
BAZ2B,FAM47E-STBD1-1,0.0132891383079997
SNX22,RP11-269M20.3,0.0132808120366348
MTPN,UNC13A,0.0132801949126916
MIR142,AC009312.1,0.0132678457661171
MYBL1,CAPN9,0.0132642288014684
SNORD3D,LAMB3,0.0132484644498683
RNF19B,LAMB3,0.0132283609178343
TMSB4X,KCNK5,0.0132273835811433
LAYN,ACTG2,0.0131968653084907
OAZ1,COL1A1,0.0131940000670338
MIDN,JAG2,0.0131816531053279
UBR4,LRP12,0.0131792786801798
MAN2A2,MTBP,0.0131678051687995
MT-ND1,MPP4,0.013150568786241
C9orf89,AGAP9,0.0130955252004948
MAPK8IP3,GRIN2D,0.0130846109028232
BIRC6,PLCD4,0.0130774606389945
CTSA,ACTG2,0.0130464185007055
DUSP1,IL10,0.0130305221236453
C1orf112,GRIN2C,0.0130279546895156
ARVCF,PTH2,0.0130021374787993
ZNF593,RP11-524F11.2,0.012971667584238
GFI1B,SPTB,0.0129605580526181
PDZK1IP1,DNAJC28,0.0129463799749524
CYBB,PSD3,0.012945045976105
HMOX1,GRIN2C,0.0129358219719018
SAT1,LINC00638,0.0129236214090395
TTLL4,IQSEC3,0.0129097238788652
C4orf48,JAG2,0.0129090653324247
CHST8,RET,0.0128970718101541
RALGPS2,DDR2,0.0128941616063266
MYO1E,AC007036.6,0.0128815230551337
IL8,CXCL10,0.0128775924386427
IL21R,CTD-3194G12.2,0.0128739916596984
CHAF1A,VNN3,0.0128638024994657
CDKN2D,C15orf65,0.0128557736406817
DUSP6,CTD-2081C10.7,0.0128532690655543
FTH1,RP11-456K23.1,0.0128335682265439
IPP,C17orf96,0.0128330559082625
AP001816.1,RP11-665G4.1,0.0128060550415687
SPIB,CYP46A1,0.0128048527193958
PHLDA2,RP11-167N5.5,0.0127959608646394
TMEM141,RP11-358L4.1,0.012785719095911
DTX2,CTD-2192J16.26,0.0127807123206226
RGS18,BMP6,0.0127577372989892
USP46,CTRC,0.0127310720140806
KIR3DL2,RP11-686D22.4,0.0127249253080153
ELOVL7,RP11-546M21.6,0.0127154546515947
VIM,DCLRE1A,0.0126759599397418
GBGT1,GRIN2C,0.0126658667515533
NFKBIA,RP11-362K14.6,0.012660667920244
FCGR2B,GYPE,0.0126556880067874
C5orf56,DDR2,0.0126489979077565
AHNAK,RP11-275I4.1,0.0126405774641414
CD79A,GSG2,0.0126337538799179
GP9,RP11-15A1.7,0.0126195560208737
C11orf83,AC140481.2,0.0126084707937913
KIF1B,GRIN2C,0.0125938988738509
IFITM2,CCR8,0.0125746937565052
TLK1,CTD-2192J16.26,0.0125679072243971
UBXN6,NLGN3,0.0125577385624452
MOB1B,AC007036.6,0.0125103263039385
GTSCR1,RFX8,0.012484650476653
ARHGEF9,RP11-505P4.7,0.012483548655143
HELB,BBS5,0.0124476977221807
YPEL1,PTPRR,0.0124446978836473
NUP188,TTC39A,0.0124304941557543
UBL7-AS1,CTC-498J12.3,0.012413968936839
CSAD,RP11-314C16.1,0.0124027629011169
PGRMC1,SPTB,0.0123685373602424
SIN3A,AC015969.3,0.0123582176496575
CWC25,HM13-AS1,0.0123561565642403
MYLK,RP11-142C4.6,0.0123448795850575
BLK,RP11-420L9.5,0.0123364450073168
SH2D2A,HM13-AS1,0.0123303840570907
HIST1H1C,FOXE1,0.0123242938352733
IGFBP7,MPP4,0.0123236205879924
PROCR,SPTB,0.0123225535143803
CD4,UNC13A,0.0123190633516547
SERPINA1,RET,0.0123142835123953
C14orf80,FBXO30,0.0123071457938583
DOK7,FZD8,0.012302377985139
TPCN1,RP11-713D19.1,0.0122893922923348
NUDT9,RP11-420L9.5,0.0122452765298006
CD19,RP11-328M4.2,0.0121939214636073
TNFRSF18,HBA2,0.0121857204848424
SLC1A7,LAMB3,0.01216849761506
AVPI1,ACTG2,0.0121648861296529
SPARC,MAEL,0.012157612016783
FAM133A,RP11-314C16.1,0.0121471658392749
S100A4,LHX1,0.0121440715711403
DKFZP761J1410,C19orf44,0.0121384441164877
PRR5L,RP11-362K14.6,0.0121333411707515
MDM1,RET,0.0121264410833033
GZMK,MPP4,0.0121221964545762
IGJ,HM13-AS1,0.0121142392850851
GRN,FKBP9,0.0121043818907561
PQLC1,RP1-261D10.2,0.0120826638707263
PANK3,CTD-3194G12.2,0.0120821920556953
GNLY,TRIM54,0.0120778824007406
AL627309.1,RP11-524F11.2,0.0120769323473451
FES,PNMT,0.0120667625988576
STRN,FAM47E-STBD1-1,0.0120561461331781
PLA2G16,DDR2,0.0120455235683155
TMSB4X,FZD8,0.012045468227705
MYO15B,FBXO30,0.0120390049457834
RP11-539L10.2,RP11-348N5.7,0.0120337248601754
RP1-197B17.3,SNX24,0.0120289397407037
MRPS24,C15orf65,0.0120148503957098
RPLP1,RP11-106M3.3,0.0120125428899429
PNPLA6,RP11-420L9.5,0.0120059874244855
LEFTY2,RP11-15A1.7,0.0120055515601963
ELOVL7,WFDC3,0.0119901200620267
RP11-290F20.3,CXCL10,0.0119697450869952
EXD3,ZNF572,0.0119519369481225
SIGLEC12,CYB5R2,0.0119343535536038
CHD6,RP11-686D22.4,0.0119329809948764
DPP3,RP11-168O16.1,0.0119317446620186
COLGALT1,RP11-348N5.7,0.0119313181304447
AC093157.1,AF131215.5,0.0118936839766951
F2R,RP11-328C8.4,0.0118919685330584
NUP214,CCDC81,0.0118822976870167
HLA-C,RP1-122O8.7,0.0118817576378316
SAT1,RP11-787I22.3,0.0118750354938298
PDCD7,PAPL,0.0118652765697138
TMEM41B,RP11-122G18.5,0.0118577830293806
DENND6B,LAMB3,0.0118524499602478
C14orf164,PSD3,0.0118344984854227
SAMD4A,RP11-769O8.2,0.0118025755369775
LAIR2,RP11-769O8.2,0.0118015463446916
IL4R,FOXE1,0.0118013291222278
LINC00671,LAMB3,0.0117984198708747
GZMB,PTPRR,0.0117837941192887
MKI67,ACTG2,0.0117754349283157
GAB2,GRIN2C,0.0117737768378278
S100A6,HM13-AS1,0.0117703884880862
GP9,PLCD4,0.0117412080468636
KDM4A-AS1,CTD-3194G12.2,0.0117349211357127
AC005076.5,RP11-314C16.1,0.0117329747958604
LCN8,CTD-3224K15.3,0.0116881283798681
NCF1,RP11-362K14.7,0.0116765423751669
TPPP3,GRIN2C,0.0116748798440656
HIST1H2BF,RP11-269M20.3,0.0116719033448403
FMO5,DCLRE1A,0.0116547475986794
AIF1,RET,0.0116458560898682
GNA15,RP11-769O8.2,0.0116338369241914
AC010536.1,CYP46A1,0.0116327766078235
IDH1-AS1,C17orf96,0.011616232031098
FTH1,AFAP1L1,0.0116058191728993
IFI6,DIRC3,0.0115954152314325
CAST,JAG2,0.0115855129337574
STMN1,CENPI,0.0115838272239364
FUOM,CLDN22,0.011568208739163
CES1,AC140481.2,0.011556495787646
ADAR,TMEM105,0.0115462401270393
CD79A,HM13-AS1,0.0115344229043649
FTL,RP11-81H3.2,0.0115326575264754
QSER1,VASN,0.0115300458995237
MT-ND1,ASB9,0.0115138996482312
CD22,RP11-456K23.1,0.0115047678254104
FCN1,AC016738.4,0.0115037928680519
NKG7,PTPRR,0.0114969872924765
RP11-572O17.1,VASN,0.011493242636327
HLA-DRB5,SNRK-AS1,0.0114925603352749
PAK4,COL1A1,0.0114632373357283
ZNF683,ARHGEF28,0.011450035429099
LTB,AC068282.3,0.0114497405802624
PRKACA,LINC00638,0.0114469059882124
RPL3,RP11-81H3.2,0.0114443754731412
PLXNB2,TTC39A,0.0114281387313329
TNFSF10,ARNTL2,0.0114087877126245
PTPN12,TNS4,0.0113974667934418
KPNA6,GSG2,0.0113694526875389
RP11-488C13.5,DNAJC28,0.0113424379174524
SNAI1,CTC-523E23.1,0.0113401460521728
HIST1H2AC,RP11-269M20.3,0.0113255476538921
CD7,BBS5,0.0113195571998699
TUBA4A,CAPN9,0.0112829964799993
RP4-635E18.8,PNMT,0.011269466009724
TUBA1C,CTD-2527I21.7,0.0112502642835593
AC016757.3,RP1-122O8.7,0.0112432481540016
ARID5B,AC015969.3,0.0112348732357745
AC023590.1,RBL1-1,0.0112272237342518
NAP1L5,RP1-86C11.7,0.0112261219147042
IER3,RP11-55K13.1,0.0112087726378306
TSPO,AC000068.5,0.0111865283365059
MALAT1,CASC2,0.0111714759644875
PPM1A,ASB9,0.0111465633703043
RP11-849F2.8,CTRC,0.0111407535438677
MT-ND2,CYB5R2,0.0111314310345211
HLA-DQA2,RP11-769O8.2,0.0111240540205662
TP53,CTD-2527I21.7,0.0111031052708421
PKIG,RP11-276E15.4,0.0111020875798231
DNASE1L3,S100A3,0.0110933385955174
TSPAN13,RP11-276E15.4,0.0110526926865393
TSPO,C17orf96,0.0110524867675597
ANKIB1,C1orf177,0.0110440745121388
RP11-378A13.2,RP11-314C16.1,0.0110387086476835
ZNF593,ARHGEF28,0.0110326858223643
MIEF2,CLDN23,0.0110201552846384
OASL,PNMT,0.0110037631127617
TK1,RP11-769O8.2,0.0109854966616744
LST1,GRIN2C,0.0109780190920489
RP11-532F12.5,PLCD4,0.0109581669772896
GADD45A,IL10,0.0109467196660444
NUP188,AMZ1,0.0109425262021447
NCR3,LHX1,0.0109267770137381
PITPNM1,CTD-2081C10.7,0.0109131018468407
METTL25,RP11-168O16.1,0.0109025575699583
CYB561A3,GCSAML,0.0108870479055104
CLMN,AC007036.6,0.0108782511100015
NMUR1,RP11-55K13.1,0.0108728492954734
GZMH,SOX13,0.0108636743490874
C1orf213,C19orf44,0.0108601182685841
ATP10D,RP11-505P4.7,0.0108500700514475
SNN,CAPN9,0.0108461052468335
SPI1,RP11-362K14.7,0.0108425323887094
GABBR1,AMZ1,0.0108316082500049
ALOX5AP,CXXC4,0.0108080972739201
PGRMC2,IQSEC3,0.0108078967311558
TMSB10,NODAL,0.010794740499852
PACSIN2,CTD-2192J16.26,0.0107750503930719
IFI6,ACTG2,0.0107706220411865
LZTS3,FANCE,0.0107651888579397
CELF1,CENPI,0.0107247071841099
IRS2,RP11-29H23.4,0.0107191606311455
POU2F2,AC016738.4,0.0107163811628883
LILRB3,RET,0.0107072164657558
DAPP1,RP11-142C4.6,0.0106946642337579
LCOR,RP11-769O8.2,0.0106727988159928
PWWP2B,RP11-787I22.3,0.0106690312019452
FRY,ADAM20,0.0106327944739392
EXTL3,C2orf48,0.0106166059508064
DPCD,ZFHX2,0.0106078694234559
DISP1,CCDC81,0.0105938131948776
IER2,RGS9BP,0.0105677553337619
DPP3,RP11-348N5.7,0.0105581079506614
PLAC8,RP11-414H17.5,0.0105575741003753
IFI30,LYPD2,0.0105511989552369
PPP1R12C,JAG2,0.010540238000543
CD74,RIPK4,0.0105156273713205
VPREB3,RP11-55K13.1,0.0105078778207781
MT-CO1,AC009312.1,0.0104967883647925
HLA-DMA,RP11-328M4.2,0.0104798257477622
GNLY,RP11-722E23.2,0.0104677982116618
RP11-879F14.2,SPTB,0.0104591955139208
LILRA5,GRIN2D,0.0104557215761532
ODC1,RP11-769O8.2,0.0104498702256241
FCGR2B,AMZ1,0.0104266794865017
GZMA,LHX1,0.0104137881645873
SAMD3,DCLRE1A,0.0103815961644791
CX3CR1,C2orf48,0.0103801231045629
BATF,RP11-122G18.5,0.0103687168424873
S100A9,AC068282.3,0.0103590879161943
LTB,PAPL,0.0103533428053595
C12orf75,RP11-787I22.3,0.0103526297583333
S1PR5,AC140481.2,0.01033557976554
FMO5,APCDD1,0.0103206700331888
SGK3,FBXO30,0.0103010118598971
HLA-C,ZNF572,0.010289668237044
SPON2,RP11-196O16.1,0.0102624819025721
CMIP,MAEL,0.010251790546378
MIDN,CTC-523E23.1,0.0102451814737817
CSRNP1,DCLRE1A,0.0102279541167783
CD36,SNX24,0.0102244650053382
IFIT3,XX-FW83128A1.2,0.0102169112800808
DKFZP434E1119,C17orf96,0.0101872558400646
DMTN,USP27X-AS1,0.0101828712601804
CFD,LYPD2,0.0101814843854323
LAG3,AMZ1,0.0101573675102245
ISG15,RP11-29H23.4,0.0101368245538123
SH2D1B,RP11-769O8.2,0.0101246150679048
CD8B,CTD-2192J16.26,0.010120038404688
SLK,SEZ6,0.0100928195117471
LEFTY1,WFDC3,0.0100898681965603
MS4A1,COL1A1,0.010082497395972
H1FX,RP11-686D22.4,0.0100788078970892
PFN1,AC007036.6,0.0100763422226807
C1orf213,RP11-269M20.3,0.0100623068775637
MOSPD2,CTC-503J8.4,0.010044179985584
PPM1J,AC000068.5,0.0100397050690937
TNNC1,RBL1-1,0.0100359879989474
RP11-134P9.3,FOXE1,0.0100341995356037
FASN,DNAJB5,0.0100267041201242
RP11-477D19.2,FANCE,0.0100098194170964
CTSA,ARHGAP44,0.0100050329605612
TMSB10,VASN,0.0100000892999645
CDC42EP3,RP11-118K6.3,0.00999996108094
NMB,EPN2-AS1,0.0099952039365351
RPL3,AFAP1L1,0.0099949693089687
NPLOC4,DNAH12,0.0099873625892911
C1orf21,CCDC81,0.0099846222096245
ZNF529,IL10,0.009950671509997
EIF4G3,HCG20,0.009943259604008
MTPN,RP11-29H23.4,0.0099414020636468
MTMR11,AC015971.2,0.0099314830804893
C1QTNF4,AMZ1,0.0099047059282816
SLC15A4,MTBP,0.0098987772214864
TGFBI,CXXC4,0.0098884374966479
FCRL6,DDR2,0.0098634464287333
RETN,GPR153,0.0098550634310321
GP6,RP11-546M21.6,0.0098490939030672
TNFRSF13C,PLCD4,0.0098335370841512
CLUH,AC140481.2,0.0098248492197859
IL4R,C17orf96,0.0097959396424394
CTA-204B4.2,DNAJC28,0.0097908544320721
LINC01137,RHD,0.0097833826069233
PLEKHO1,GJC2,0.0097672983861752
ARL17B,USP27X-AS1,0.0097518900518803
KLHL23,SCML2,0.0097074286016095
PHLDA2,C17orf96,0.0097055534139139
ARHGEF9,DIRC3,0.0096850862342535
ADRBK1,USP27X-AS1,0.0096796907702011
RP5-1028K7.2,WFDC3,0.0096685418828377
RP11-872J21.3,RP11-196O16.1,0.0096477812251558
CBFA2T3,EPN2-AS1,0.0096440368794997
MESDC2,RP11-314C16.1,0.0096090013225642
RP11-109G23.3,FAM225A,0.0095822265885189
RP5-894A10.2,MTBP,0.0095752206361022
ALOX5AP,UNC13A,0.0095701613257133
KIF1B,STRIP2,0.0095608632553062
ACTN1,CLDN23,0.0095601915387165
COL19A1,RP11-142C4.6,0.0095467748561412
LIMS3-1,KCNK5,0.0095278296999072
MT-ND2,CTC-523E23.1,0.0095251091738501
AGTRAP,CCR8,0.009506773696134
LTB,DDR2,0.0095055355098836
EFCAB7,SCML2,0.0095026697458456
TOR4A,RP11-328M4.2,0.0095005529161572
FCER1A,RET,0.0094927054385182
GSN,EPN2-AS1,0.0094879580905826
COTL1,RBL1-1,0.0094822032684757
RP11-121C2.2,LINC00951,0.0094802791050355
AC005253.2,ARHGAP44,0.0094679185733122
TMSB10,NLGN3,0.0094558481170268
SLK,RGS9BP,0.0094478743637377
OAZ1,GRIN2D,0.0094260257584886
CSRNP1,ZNF572,0.0093875247484395
FGR,RP11-142C4.6,0.0093713618732241
NCAM1,MAEL,0.0093653922666442
GPR137C,C19orf44,0.0093510903558107
NBPF9,LAMB3,0.0093366879189917
RUFY1,RP11-328C8.4,0.0093209808440182
TYMP,EPHB3,0.0093142050770735
CHM,C19orf44,0.0093035507294266
GZMA,RFX8,0.009285904268159
S100A6,CTD-3224K15.3,0.0092594077660268
APOL2,VSTM2B,0.0092452629718542
C2orf88,RP11-142C4.6,0.0092393358631856
GPX1,UNC13A,0.009238968834813
TLR2,GRIN2C,0.0092284045162705
C5AR1,AC016738.4,0.0092259626341492
SIGLEC7,AC000068.5,0.0092247905810398
NCF2,ACTG2,0.0092104122977903
CLEC1B,RP1-86C11.7,0.0092000890603682
MGST2,HCG20,0.0091826011575404
RP11-466P24.6,RP11-546M21.6,0.0091716031976208
TAF4,C19orf44,0.0091714745169389
DUSP2,RP11-54O7.1,0.009169853380897
RP5-882C2.2,VASN,0.0091622915800027
PLEK,AC140481.2,0.0091621144752458
LILRB3,TRIM54,0.0091596689445824
GATA1,KCNK5,0.0091442108540759
NBPF11,FANCE,0.0091374537876278
KRT86,RP11-325I22.2,0.009117869101432
ARHGEF9,EPHB3,0.009085956543061
RNASE6,APCDD1,0.0090539473520986
IER2,CTD-2620I22.7,0.0090537533311568
EXD3,PTH2,0.0090345371579686
GIGYF1,IQSEC3,0.009033325074733
RHOC,C1orf111,0.0090299958296084
MYL6,MTTP,0.0090111573633903
RP11-138I18.2,SNX24,0.0089989107501115
MAP10,ACTG2,0.008995885912058
GNG11,RP11-142C4.6,0.008992186751974
TAF4,AC068282.3,0.0089848073360897
RP11-44N11.3,RP11-106M3.3,0.0089753003776099
BCL3,RP11-420L9.5,0.0089634474262328
NAB1,UNC13A,0.0089580306743306
IL4R,RP11-196O16.1,0.008952072701471
GTF2I,SEZ6,0.0089475776933698
CXCL5,WFDC3,0.0089358747282675
CD74,RP11-414H17.5,0.0089318883841887
NUDT16,EPAS1,0.0089213175948932
DGAT1,AC015969.3,0.0089107642533679
HHEX,CTD-2527I21.7,0.0088955201525372
SMOX,RP11-269M20.3,0.0088874659213239
NFKBIA,RP1-86C11.7,0.0088759968724272
ITGAL,ASB9,0.0088604261157494
PLCL2,MPP4,0.0088376259542019
TTC27,RHOV,0.0088372826158846
PLBD1,RP11-118K6.3,0.0088360584048878
TRPM2,KRBOX1-1,0.0088310307598745
GZMK,RHD,0.0088239275999527
NCR3,MTBP,0.0088114050733069
PTRH1,RP11-275I4.1,0.0088059834815336
RP11-164H13.1,GCSAML,0.0088000352691015
SPI1,S100A3,0.0087929839338405
GZMB,LHX1,0.0087825897527307
RP11-178C3.2,RP11-511B23.2,0.0087793663167469
FUT11,HCAR1,0.0087779308051447
MCM4,ARHGAP44,0.0087760254159314
MYEOV,RP11-546M21.6,0.008747213066212
PFN1,RP11-686D22.4,0.0087282369596252
CHM,ASB9,0.0087281945829315
MT-ND2,RP11-325I22.2,0.0087195395270139
RPL34,CCR8,0.0087189629414933
SIN3A,CGN,0.0087181221486511
CST7,RP11-358L4.1,0.0087053044371619
LRCH3,CTD-2192J16.26,0.0086794065258071
CLIC4,AMZ1,0.0086787741263724
ZNF576,RP11-269M20.3,0.0086733810179853
CCL4,PTPRR,0.0086691008923197
RAB32,RHOV,0.0086487811791448
ZNF264,ASB9,0.0086431022891519
FAXDC2,TRIM54,0.0086242060224471
SNX22,APCDD1,0.0085836155439808
RASSF4,VNN3,0.0085811464746295
R3HDM2,RP11-106M3.3,0.0085793926654939
ANKIB1,RHOV,0.0085767559982704
KPNA6,CYP46A1,0.0085696969474458
CLEC10A,CLDN23,0.0085608560666105
MT-ND1,LINC00951,0.0085541768930829
ZFYVE1,EPN2-AS1,0.0085352228496529
CTD-2035E11.3,RP11-722E23.2,0.0085137746052261
EAF2,CTD-2527I21.7,0.0085089058797785
WASF2,RP1-122O8.7,0.0084946570990874
AC078883.3,C19orf44,0.0084879761730403
LRG1,GRIN2C,0.0084822667391432
RRP12,RP11-122G18.5,0.008455940979628
LRRC26,AMZ1,0.0084533172811969
TIMP1,GJC2,0.0084506593486653
TPP1,C1orf111,0.0084505088429996
DGCR2,AC015969.3,0.0084414766943658
TYROBP,PTPRR,0.0084160586679358
NFKBIA,GYPE,0.0083904780131562
WASF2,RP3-323N1.2,0.0083847416473524
SNORD3D,C2orf48,0.0083818965934452
CD72,RP1-261D10.2,0.0083572956667793
GRN,AP3B2,0.0083381032401452
ERCC6L,AC068282.3,0.0083301252464346
SLA,USP27X-AS1,0.008326319125567
SOCS4,TRIM54,0.0083086844874064
CTD-3074O7.12,PTPRR,0.0082966898848785
QPCT,CLDN23,0.0082929612422349
ZC3H4,CCDC110,0.008285133856044
RP11-367G6.3,STRIP2,0.008279016572565
STON2,RP11-546M21.6,0.0082619773788603
TMSB4X,PAPL,0.0082534020081195
TPTEP1,UNC13A,0.0082513735517453
GIMAP8,RIPK4,0.0082377696040409
ZNF132,C1orf177,0.0082303567495466
RP11-367G6.3,KCNK5,0.0082076921962189
PF4,MMP1,0.0082020745660244
MPND,CSN1S1,0.0081944262337896
MFSD12,RP4-635E18.7,0.008193373430262
HLA-DRB1,RP11-456K23.1,0.0081501959852384
ZNF708,GRIN2D,0.0081285297262575
FAM26F,RP11-55K13.1,0.0081165384049024
TPD52L1,PTPRR,0.008113313171324
PRTFDC1,RP11-196O16.1,0.0081028293283036
DDX51,C1orf101,0.0080836722692992
EMILIN1,MMP1,0.0080758082125367
MAFK,FAM47E-STBD1-1,0.0080729195989266
CTSZ,MTBP,0.0080684190354447
RBM27,CCDC110,0.0080673763357304
CACNA1H,GRIN2D,0.0080553760611618
LILRA5,AC007036.6,0.008045337414461
TPP1,CCR8,0.0080423717300924
FCGR2B,RP11-511B23.2,0.0080396548911161
GPR137C,CTD-3194G12.2,0.0080279931003115
SLC8A1,RET,0.0080203150191478
CAPN12,DDR2,0.0080196643017438
TLN1,RP3-323N1.2,0.0080117516746743
TDRP,WFDC3,0.0079999338154644
GFOD1,PTPRR,0.0079933305071584
VMO1,MTBP,0.0079785174355429
ENKUR,PLCD4,0.0079673330668475
IL4R,CCR8,0.007947312541955
PLAC8,LRP12,0.0078956622191243
C7orf50,LINC00951,0.0078876493962225
MPPED2,AC140481.2,0.0078737043882544
WDR11,CTD-2527I21.7,0.0078562907905647
LILRB4,CXCL10,0.00784606667187
CD68,RET,0.0078340475405519
FERMT3,LIF,0.007823295934485
MOGS,RP1-86C11.7,0.0078183406939437
TAL1,RET,0.0078109226830242
HDAC6,RP11-196O16.1,0.0077992392609083
LINC00926,CTD-3224K15.3,0.0077934390512626
CD81,RP11-276E15.4,0.0077786571103456
DTHD1,FZD8,0.0077753372067843
PLEK,PNMT,0.0077750936489893
MLLT4,CCR8,0.0077523207497712
RGL2,ASB9,0.0077470137795058
SERPINA1,CLDN23,0.0077452883573556
SFXN5,NODAL,0.0077409078155623
EP400NL,PDE7B,0.0077395677575572
S100B,CYP46A1,0.0077369566158785
PTCRA,S100A3,0.0077262901269287
LGALS1,C15orf65,0.0077261597144119
SLC16A3,RP3-323N1.2,0.0077260390530207
LTB,AC108025.2,0.0077200279479455
RPP25L,RP11-122G18.5,0.0077167435668977
NPEPL1,AFAP1L1,0.0077058056147853
UBXN6,C19orf44,0.0077024842358445
FAM26F,ACKR2,0.0076694688061167
ITPKC,DCLRE1A,0.007668814338617
SRPK2,HCAR1,0.007664891341579
HLA-C,RP11-81H3.2,0.0076495330250951
CTNNA1,VSTM2B,0.0076436449687996
CTA-445C9.15,GPR153,0.0076112694282861
PGRMC1,DCLRE1A,0.0075964728150768
TK2,MST1R,0.007588611490793
RP11-325F22.2,PLCD4,0.0075795943302074
SYTL3,RP11-348N5.7,0.0075586807078326
CDKN2D,CTD-2620I22.7,0.0075258535473733
PRAM1,SNRK-AS1,0.0075116706367455
TFEB,DIRC3,0.0075091225910627
GPR68,C1orf101,0.0075075669206682
KIF2A,DCLRE1A,0.0074952871844676
RP11-690G19.3,RP4-677H15.4,0.0074790734468084
ARHGAP18,FOXE1,0.0074753208776083
SCO2,RP11-722E23.2,0.0074686420009165
IL4R,MTTP,0.0074636960289175
C19orf38,MTBP,0.0074631260886993
TREM1,FANCE,0.0074589622312009
CENPB,RP11-787I22.3,0.007456121579074
ZNF554,TNS4,0.0074554969422642
TPSAB1,KCNK5,0.0074375147261027
FOS,RP11-276E15.4,0.0074355422879086
AGTRAP,ZNF572,0.0074348396470989
ANXA2,GJC2,0.0074279671916839
RPLP1,LONRF2,0.0074269799724715
IGLL5,C1orf101,0.0074266138876548
ARHGAP42,C1orf111,0.0074162089871207
CD97,SIAH3,0.0074152395562122
SH2D2A,RP11-275I4.1,0.0074088207883394
GNAZ,GCSAML,0.0074039718219227
FTH1,LINC00638,0.0074023698826553
NUP188,AFAP1L1,0.0074021827851423
ZNF358,CTD-2527I21.7,0.0073999746138052
NBPF3,MTBP,0.0073981412285042
SPTBN1,KRBOX1-1,0.0073887830631575
TLK1,RP11-54O7.1,0.0073866884939801
LRIF1,LIF,0.007378831296326
CTSZ,CLDN23,0.0073711479471823
C15orf39,AC007036.6,0.0073363972731366
TP53BP1,ACKR2,0.0073357636500114
LTB,ZFHX2,0.007333775489629
PLD4,MST1R,0.0073264754359047
NXF1,CGN,0.0073261799734874
SETD1A,JAG2,0.0073209241638045
S100A6,C1orf101,0.0073096156725017
JUN,RP11-362K14.6,0.007294248433623
CD7,RP4-677H15.4,0.007292300320789
GP6,GCSAML,0.0072920812995086
PCNXL3,CCDC110,0.0072829723826877
RP11-452L6.5,SNRK-AS1,0.007282941954787
RP11-44F14.8,CTC-498J12.3,0.007268293200094
LINC00884,VSTM2B,0.0072609416970339
COQ7,RP11-769O8.2,0.0072554913364866
C1orf216,AC009312.1,0.0072466568438062
MAP3K7CL,RHD,0.0072464895283825
POMC,SIAH3,0.0072268125986074
CIITA,CLDN23,0.0072224683975398
IL32,XX-FW83128A1.2,0.0072171694934658
FAXDC2,DNAH12,0.0072139877971675
IER2,RP11-81H3.2,0.0071961605238325
CLEC4C,FAM47E,0.0071884916268602
ZMAT1,ZNF572,0.0071780618659306
LINC00936,FAM47E-STBD1-1,0.0071751630407024
SLC1A7,VNN3,0.0071592374315058
BLK,WFDC3,0.0071532775365355
ARC,RET,0.0071511013611148
GPATCH2,LINC00638,0.0071449457634654
PVRL1,DNAJC28,0.0071359366131758
NMB,RP11-787I22.3,0.0071349713528368
ANKRD16,RP11-816J6.3,0.0071214156531976
STON2,RET,0.0071211242379451
LTB,ARHGAP44,0.0071102633001059
PTPLAD1,EPAS1,0.0070973387187122
CD97,RP11-81H3.2,0.0070829321127031
CENPBD1,RP11-276E15.4,0.0070781580508783
LGALS1,RP1-86C11.7,0.0070739739379053
CD300A,RP11-358L4.1,0.0070723932556227
RNF19B,IQSEC3,0.0070688589847195
SIPA1L2,LAMB3,0.0070618465553213
MT-ATP6,MPP4,0.0070452313405801
MYCL,HCAR1,0.0070432245618642
TUBB4B,USP27X-AS1,0.0070426019301813
RP5-1028K7.2,AFAP1L1,0.0070304585125674
TCL1A,RP11-456K23.1,0.0070196816454339
RP11-501J20.5,SPTB,0.0070193819516977
MT-CO1,RP11-168O16.1,0.007001764962194
GIMAP8,DIRC3,0.0069984823200264
XCL1,HBA2,0.0069819417682463
MT-CO1,RP11-314A20.5,0.0069799034973239
HELB,AC009312.1,0.0069728563313549
HLA-DMA,MST1R,0.0069721070715078
RP11-134P9.3,RP11-55K13.1,0.0069659449530177
H1F0,WWC2-AS2,0.0069650657827363
SNCA,SPTB,0.0069625893915312
GNLY,VNN3,0.0069587945053761
AVEN,AC009312.1,0.0069548754226997
DENND5A,CTD-2527I21.7,0.006941043018737
ANO6,ARHGAP44,0.0069354025539814
EAF2,CENPI,0.0069341164726135
SIGLEC7,ZNF572,0.0069115674986982
PRR3,WFDC3,0.0068983785884772
WASF2,RP11-358L4.1,0.0068976731862066
TYMS,ZNF572,0.0068940241913088
HOXA9,RP1-86C11.7,0.0068938505291265
MOSPD2,RP11-55K13.1,0.006893440951692
KLF6,AC016738.4,0.0068917470373418
RBM11,CCDC110,0.0068859029266411
COPRS,RP11-276E15.4,0.0068671414149812
PGPEP1,HCAR1,0.0068536158107368
PARD3,WFDC3,0.0068407682105336
ZDHHC14,XX-FW83128A1.2,0.0068011594149259
TRIOBP,FKBP9,0.0067995288109972
MCUR1,RBL1-1,0.0067857822820634
MT-ND1,SCML2,0.0067774440832562
SNAP23,USP27X-AS1,0.0067741378090657
CD22,RP11-29H23.4,0.006759841058617
MGST2,C1orf177,0.0067579811890363
SERPINF1,S100A3,0.0067551460037194
LAIR2,FZD8,0.0067481187933036
DUSP23,KCNK5,0.0067335379218024
FTH1,CCDC81,0.0067309800994866
SUZ12,CTC-523E23.1,0.0067151820331185
MMP23B,C11orf45,0.0067103908845898
ACTB,GRIN2D,0.0067078822106145
UBE2C,GSG2,0.0067024861275704
RP11-761I4.3,CTD-3194G12.2,0.0066994297698024
RSF1,RP11-122G18.5,0.0066843945480517
VCL,ZFHX2,0.0066729066411579
SCAPER,IQSEC3,0.0066645278756933
SAT1,GYPE,0.0066632292927696
KAT2B,RP11-686D22.4,0.0066411847504009
TDRP,GRIN2D,0.0066347280536508
LILRB1,CTD-2192J16.26,0.006588711883147
BRD2,C1orf111,0.0065800092809437
GP9,SPTB,0.0065777627804649
EFHD2,MST1R,0.0065764239065794
NUSAP1,C2orf48,0.0065734110874179
EHBP1L1,CTD-2192J16.26,0.0065698321194967
CCDC50,RP11-511B23.2,0.0065611876825534
IRF8,S100A3,0.0065582487003255
KIAA0513,CCDC81,0.0065499140368375
PPP1R12C,RP1-122O8.7,0.0065487437109577
SLA,RP1-122O8.7,0.0065464175761861
CTSW,AP3B2,0.0065417576909265
RP11-367G6.3,SEZ6,0.0065362922630576
DTX1,DNAJC28,0.0065235242114545
S100B,AC108025.2,0.0065101676194936
TIMP1,SEZ6,0.0065028236332643
CD79B,MTBP,0.0065007897399559
LTB,RP4-677H15.4,0.0064976627226836
S100A4,MST1R,0.0064857014461536
UTF1,TMEM105,0.0064759431854491
MPEG1,RP11-29H23.4,0.006465446508777
TRIM25,CTC-503J8.4,0.0064358401656815
HLA-A,HCG20,0.0064323106068469
USP46,RP11-348N5.7,0.0064312415017219
PITPNM1,CCDC110,0.0064200200921985
MYL6,FAM47E-STBD1-1,0.0064142890446897
MT-ND1,AC108025.2,0.0064104911851401
CCR2,RP4-677H15.4,0.0064088077608064
PTPRS,AC007036.6,0.006406218431536
MLLT4,GRIN2D,0.0064060593378981
SECTM1,CXCL10,0.0064016284511332
ZNF782,RP11-314C16.1,0.0064012370382315
KPNA6,AF131215.5,0.0063997587099632
HLA-DMB,COL1A1,0.0063971448528755
MPST,DIRC3,0.0063969007407862
EXOC6B,RP11-362K14.7,0.0063916557954618
DENND1B,MTBP,0.0063830091299921
MKI67,STRIP2,0.0063732462830878
DLG4,AL049829.1,0.0063710022190575
ERCC6,SPTB,0.0063623161516224
ABCA2,AF131215.5,0.0063609812845731
UBE2M,RP11-816J6.3,0.0063583528610485
ARMC7,RP4-635E18.7,0.0063496089548871
TPM2,APCDD1,0.0063494643712295
MT-CO1,CTD-2620I22.7,0.0063481808491222
TMEM241,DIRC3,0.0063480701504132
KLRC2,CTD-2192J16.26,0.0063464231304124
RP1-43E13.2,CCDC81,0.0063218744549696
RP11-427H3.3,AC000068.5,0.006320723812042
LY86,TTC39A,0.0063187484734573
TIGIT,CYB5R2,0.0063180985298034
CCL5,AFAP1L1,0.0063106046484056
FCRL1,RP11-511B23.2,0.0063081712998103
TTLL3,VASN,0.0063073676246051
RP11-120D5.1,KCNK5,0.006302044761237
PRDM15,GPR153,0.0062990755549727
FBXW11,ACTG2,0.0062808368002107
BCL6,CTC-503J8.4,0.0062733160977847
FFAR2,S100A3,0.0062669125612649
RP11-164H13.1,C15orf65,0.0062649051253774
AL928768.3,ACKR2,0.006264561429473
ANKIB1,CASC2,0.0062572920818689
BARD1,CASC2,0.0062544162402359
SPIB,RP11-328M4.2,0.0062488570827884
ZNF264,AP3B2,0.0062468259036146
CTD-2270L9.4,FAM225A,0.0062450049314431
MCUR1,TMEM105,0.0062352262206611
TPST2,SPTB,0.0062334578264984
ALDH1A1,CXCL10,0.0062169083985874
TMEM176A,AC015971.2,0.0062148960671022
RAB11FIP1,RP11-275I4.1,0.0062118824272997
CAMKK1,AC015971.2,0.0062085058138692
RP5-882C2.2,TMEM105,0.0061907562135183
C1QB,FAM225A,0.0061778522142643
GALK1,CTC-498J12.3,0.0061757312748862
SH2D2A,CCDC81,0.0061650895082274
ADAR,CXXC4,0.0061450449587016
NEXN,SPTB,0.0061392876036255
AC093627.10,CTD-2620I22.7,0.0061371110359461
ARHGAP4,C15orf65,0.0061159577941412
CDA,GRIN2C,0.0061111369447256
ABCA2,RP11-511B23.2,0.006094630547753
ZFAT,RP1-122O8.7,0.0060933418411829
IL32,LIF,0.0060884671994371
RP11-539L10.2,ARHGEF28,0.0060868299618465
C4orf48,ZFHX2,0.0060718645782219
FOXN2,UNC13A,0.0060696882399661
SAPCD2,AC015971.2,0.0060663559902116
TUBG1,GCSAML,0.0060540529312488
CTD-2015H6.3,FANCE,0.0060503961529876
C15orf38,LAMB3,0.0060326744108234
RP11-305L7.1,WWC2-AS2,0.0060300491463801
IL1B,LAMB3,0.0060239077210896
DNAJC5,FANCE,0.0060165759809473
RP9,RP11-55K13.1,0.0060163316056537
MPRIP-AS1,RP11-348N5.7,0.0060058511785775
LILRB2,FAM47E,0.0060046555965039
USP46,AC009312.1,0.006000705953221
FOSL2,RP11-118K6.3,0.0059864532294389
PREX1,FAM47E-STBD1-1,0.0059828572391306
TMSB10,HCAR1,0.0059825207881137
ACRBP,SPTB,0.0059791298428877
PLAC8,MAEL,0.0059726454900742
TMSB4X,RP11-328C8.4,0.0059538904744388
RHOC,RP11-122G18.5,0.0059538897501748
MT-ATP6,NODAL,0.0059410347526916
CEP85,SIAH3,0.0059048714559651
CLEC4E,IL10,0.0059045123258268
RP11-1275H24.2,XX-FW83128A1.2,0.0058822777181029
ITGA2B,MMP1,0.0058777690369752
CD8B,RP11-168O16.1,0.0058747010930345
EXTL3,RP11-816J6.3,0.0058744764916417
SAT1,MST1R,0.0058517701538726
ASCL2,VASN,0.0058441640680549
OPRL1,KCNK5,0.0058361717582282
CDC42BPG,AGAP9,0.0058304262710539
SLC2A5,LHX1,0.0058255520979875
PNOC,RP11-456K23.1,0.005820524273172
CTSS,RP11-722E23.2,0.0058173725499856
PLAC8,PSD3,0.0058124769457065
PPM1A,CTC-503J8.4,0.0057889957591687
APP,RP11-358L4.1,0.0057780717244414
CCDC15,ZFHX2,0.0057662464544435
TTLL3,RP11-816J6.3,0.0057608017495492
KRIT1,USP27X-AS1,0.0057594059940032
ANG,SEZ6,0.0057563005220641
LRBA,IL10,0.0057426008034562
MESDC2,CCDC110,0.0057213846513061
TGFBI,ZNF572,0.0057095342869486
CMIP,LHX1,0.0057012584963177
CYP1B1,AGAP9,0.0056992876049302
PFN1,BBS5,0.0056942551182795
PROCR,RGS9BP,0.0056915409560019
LINC00989,RP11-269M20.3,0.0056886102400404
PKIG,PSD3,0.0056832510633966
CCL5,RP11-456K23.1,0.0056815548170525
TNFAIP2,AC068282.3,0.0056768478150552
ODC1,CSN1S1,0.0056737717932328
C19orf83,VASN,0.0056735744074758
ACTB,RP11-524F11.2,0.0056626557339269
NUDT16,CYB5R2,0.0056454450407852
KLRB1,RP3-323N1.2,0.0056381733953999
RNASEK,AMZ1,0.0056345676883372
GABBR1,CLDN23,0.0056318271526884
CD68,CXCL10,0.0056295033906598
ZCCHC17,GRIN2C,0.005619529025923
DCBLD1,ADAM20,0.0056082241095773
RGS6,GRIN2D,0.0056064456550373
RP11-960L18.1,DIRC3,0.0055989385944509
PTMS,LIF,0.0055970285347767
CATSPER2,RP11-269M20.3,0.0055909416158223
SERPINF2,KCNK5,0.0055770393467057
VPREB3,C17orf96,0.005573224250874
KLF6,ACTG2,0.0055678792878615
SLC8A1,AC015971.2,0.0055645323064417
AKR1C3,RP11-816J6.3,0.0055508107348268
FERMT3,RP11-769O8.2,0.0055381466439575
ITPR2,SPTB,0.0055359635090945
ALDH2,CLDN23,0.0055204279334174
GZMB,RP11-196O16.1,0.0055184427020259
CTD-2270L9.4,FAM47E-STBD1-1,0.0055179391263376
CHAF1A,LHX1,0.0055150301272742
ZNF468,COL1A1,0.0055140023810715
TMSB4X,LINC00638,0.0054982871149838
MTMR11,CLDN23,0.0054933620162133
C4orf48,RP11-54O7.1,0.0054856189195519
YPEL1,C19orf44,0.0054841740363948
IL15,FAM225A,0.0054699392296839
RP11-876N24.4,RP11-55K13.1,0.0054674352648799
PILRA,GYPE,0.0054656892274214
SLA,SEZ6,0.0054594423780162
TYROBP,AP3B2,0.005456144399772
MOGS,RP11-713D19.1,0.0054556523173013
TJP2,ESPL1,0.0054539450985407
MCOLN1,RHOV,0.0054443213276331
LY6G6F,BMP6,0.00544188633324
SLC6A12,S100A3,0.005436281016162
CTSD,FAM47E,0.0054284272308109
TYROBP,RP11-167N5.5,0.0054233434757015
IRF8,RP11-505P4.7,0.0054228161302597
RPAP3,RP3-323N1.2,0.0054226620381256
RBP7,C17orf96,0.005410661343946
ZNF684,ARHGEF28,0.0054075916674263
MYBL1,ARHGAP44,0.0054071645128812
MT-ATP6,ADAM20,0.0054053706885076
RASGEF1A,RP11-524F11.2,0.005398578068709
RNASEK,CYB5R2,0.0053709860515332
LINC00884,CCR8,0.0053704072900747
MAX,RP11-362K14.6,0.0053696078280997
TNFSF13B,RP11-167N5.5,0.0053687975520969
TTC38,TRIM54,0.0053683811541815
TLN1,C1orf101,0.0053614156279831
CD7,PTPRR,0.0053587981347584
FERMT3,IL10,0.0053520280181378
IGSF6,RET,0.0053501530378162
AKR1C3,RP1-261D10.2,0.0053457438186531
RP11-501J20.5,RP11-269M20.3,0.0053384788853844
FTL,CGN,0.0053358101023529
VCL,RP11-314C16.1,0.0053218375249936
SNORD3D,ZNF572,0.0053084181187742
CD79A,COL1A1,0.0053051718560047
LTB,RBL1-1,0.0053006141646503
RIN2,GYPE,0.0052959854913317
TNFRSF13C,RET,0.0052958346703903
DPY19L1,RP1-86C11.7,0.0052804474879123
SCFD2,LHX1,0.0052702695905973
ASIP,CYP46A1,0.0052694365858674
C4orf48,LYPD2,0.0052693301335278
OAZ1,AC068282.3,0.005264247570396
CSRNP1,RP11-816J6.3,0.0052501664281898
KIAA0226L,SCML2,0.0052046298459052
MICAL2,VASN,0.0051954763375886
EHD3,AMZ1,0.0051947718161312
NCF1,RHOV,0.0051941897652285
GSTP1,CYB5R2,0.0051941120001548
AKNA,CCDC81,0.0051912406407756
EP400NL,CTD-2081C10.7,0.00518734551165
KAT2B,LHX1,0.0051817037568506
MTMR11,RP11-722E23.2,0.0051778167910083
FOSB,AFAP1L1,0.0051745507288244
MDN1,SCML2,0.0051689750148296
LINC00926,RP11-665G4.1,0.0051671410180752
SLC43A2,RP3-323N1.2,0.0051598107344256
MDC1,MAEL,0.0051581944015092
KCNK13,RP3-323N1.2,0.0051572942501438
DGAT1,C2orf48,0.0051421193524817
WBP2,C17orf96,0.0051330339823349
CLIC3,GPR153,0.0051154907490828
AP1S2,AC108025.2,0.0051139834309448
BLNK,APCDD1,0.0051063004243733
FTH1,C1orf177,0.0050994961858427
NFKBIA,CYB5R2,0.0050953323693197
RPL34,RP11-15A1.7,0.0050882252254886
FCGR3A,RP11-118K6.3,0.0050871802257578
GAB3,CTRC,0.005086251204641
AKAP9,RP11-816J6.3,0.0050716703867632
CENPB,KCNK5,0.0050713221697003
CD14,HM13-AS1,0.0050674378013654
TMSB4X,PLCD4,0.0050663526567987
RAD54L2,CCDC110,0.0050631311120632
DAPP1,KRBOX1-1,0.0050611158802803
CLEC4C,S100A3,0.0050564535904891
PLXNB2,VNN3,0.0050417603685706
ITPKC,JAG2,0.0050413939344374
NFKBIE,C11orf45,0.0050375236160362
NXF1,RGS9BP,0.0050347764547994
FADS2,RP1-86C11.7,0.0050330192922987
IGLL5,GYPE,0.005032651675514
TPST2,RP11-276E15.4,0.0050307146134452
JUN,MTTP,0.005028010452778
LILRB2,GRIN2D,0.0050211315652551
C1QA,FAM225A,0.0050164565838182
RILP,DDR2,0.0050153144969684
RHOC,RP11-358L4.1,0.0050115178872459
SH2B3,CTD-3194G12.2,0.00500462855678
MLXIP,AGAP9,0.0049917052715849
G0S2,FAM225A,0.0049915019176621
RNASE6,CYP46A1,0.0049895101277771
DDX42,LINC00638,0.0049812429724978
COL6A2,RP11-122G18.5,0.0049793270481805
CSAD,CTD-2619J13.3,0.00495360053805
FASN,MAEL,0.004953483129515
USP28,ARHGEF28,0.0049520361373401
IRF8,CTC-498J12.3,0.0049507003654348
RP11-532F12.5,UNC13A,0.0049484560785006
SCO2,NODAL,0.0049479776752106
MBP,ARHGAP44,0.0049413655591323
FAM110A,CAPN9,0.0049366061642182
RP11-121C2.2,C19orf44,0.0049358871531284
CEBPD,FBXO30,0.0049345222533411
STAT3,C15orf65,0.0049331140783542
PPP2R2B,CCDC81,0.0049300819600746
LYL1,PDE1A,0.0049274938337048
CTSH,EPN2-AS1,0.0049249045553674
KIAA2013,CTD-2619J13.3,0.0049237149524297
MYO1F,SPTB,0.0049222192210491
SLC1A7,CSN1S1,0.0049088647666463
CD8B,AP3B2,0.0049031332399668
STARD8,EPN2-AS1,0.0048928343071206
TFEB,COL1A1,0.0048788489275924
FOSL2,AGAP9,0.0048740988392539
LTB,SPTB,0.004869705513887
RP5-1057J7.6,CTD-3194G12.2,0.0048681863280923
CSTA,RP11-524F11.2,0.0048589709438961
HTT,CTC-498J12.3,0.0048430075474271
KIAA1109,RP11-505P4.7,0.0048427066696688
RSU1,CTD-2619J13.3,0.0048331470512924
CD74,LONRF2,0.0048305677998402
WDR70,CENPI,0.0048304470242693
NBAS,AC015971.2,0.0048295553556509
DNAJC1,SEZ6,0.0048221615411644
UBE2Z,FAM47E-STBD1-1,0.0048199684014911
SYMPK,RP11-168O16.1,0.0048177217278915
SPIB,GSG2,0.0048077478171453
GGA1,RP11-122G18.5,0.0048061375152051
ALDH2,IL10,0.0048019187844716
KLRD1,ARHGEF28,0.0048006049598809
RP11-452L6.5,DCLRE1A,0.0047889881785127
TMEM176A,AC079354.5,0.0047807297204904
SPON2,RP11-325I22.2,0.0047723181454084
IER2,RP11-722E23.2,0.0047405411422818
MLC1,RP11-362K14.6,0.0047329301249296
STXBP2,PAPL,0.004719440242503
FAM26F,PSD3,0.004708663748075
UBE2F,ARHGAP44,0.0047071564871265
SH3BP5L,CTD-2619J13.3,0.0047047864137134
TLK1,RP11-358L4.1,0.0047020539765286
PADI4,RIPK4,0.0046996356794422
CD22,CCDC81,0.0046993370666868
USP46,LINC00638,0.0046963027196796
SOAT1,ZNF572,0.0046957421098294
YBX3,EPAS1,0.0046938673763671
NUSAP1,GSG2,0.004682439613006
KIFC3,ARHGEF28,0.004679373164428
CHAF1A,RP11-816J6.3,0.0046785689414817
KIF13A,RHOV,0.0046653702329773
H1FX,C1orf101,0.0046630463955684
DGKQ,CTD-2192J16.26,0.0046612841840982
PFN1,RP11-276E15.4,0.0046581293925187
RUNX3,RP11-787I22.3,0.0046540342543282
SYNGR1,RP11-362K14.6,0.0046502879214806
KCNG1,RP11-524F11.2,0.0046457071192012
ABI3,JAG2,0.004642833288249
FTH1,CAPN9,0.0046378479646649
TTC7A,DDR2,0.0046215194649244
PYCARD,MAEL,0.004620113169864
PLCL2,RP11-15A1.7,0.0046117028425847
ASCL2,RP11-15A1.7,0.0046088529612798
HLA-DRB1,DNAJC28,0.0046066686900055
CAPG,LHX1,0.0046027597823188
GAK,EPAS1,0.0045966076518581
SMCO4,C1orf101,0.004588175830904
APLP2,TNS4,0.0045853311383765
RP11-488C13.5,C15orf65,0.0045774148800818
MKI67,IL10,0.0045721903728607
RP11-164H13.1,FAM225A,0.0045711214055749
IFI30,CTD-2192J16.26,0.0045700641772922
TMEM176B,TMEM105,0.004566576646643
RSU1,NODAL,0.0045631573611606
MT-ND2,GRIN2C,0.0045564151767886
GPR137C,FANCE,0.0045550441486666
RNASE6,RP11-358L4.1,0.0045546962459785
PYCARD,LHX1,0.0045478604236526
RP9,RP11-787I22.3,0.004545183180924
TNK2,S100A3,0.0045418391743457
HIVEP3,PDE1A,0.0045349565924881
PTRH1,CTC-498J12.3,0.0045259855219735
ZCCHC24,AC068282.3,0.0045170795177669
AP001816.1,RP11-118K6.3,0.0045152103958791
AC007349.5,AL049829.1,0.0045082009638017
RPGR,COL1A1,0.00450644751331
IGJ,PSD3,0.0045017501807021
ST14,AC007036.6,0.0044958162483652
AC002310.7,GSG2,0.0044913801796289
ARRB1,CTD-2527I21.7,0.004485160446251
GZMK,IL10,0.0044839640044153
CSRNP1,SEZ6,0.0044830088469159
RP11-290F20.3,GRIN2D,0.0044814458468822
CDC42EP3,CTD-3194G12.2,0.0044620611293791
ACSBG1,RP11-546M21.6,0.0044516173258923
RPLP1,RP11-358L4.1,0.0044515530942402
PAFAH1B2,DNAH12,0.0044429297206847
HLA-DPB1,RP11-29H23.4,0.0044422059159718
MYO1B,RP11-456K23.1,0.0044384779791648
ZBTB16,RGS9BP,0.0044383496517221
CD19,PDE7B,0.0044375850368316
SPHK1,DDR2,0.0044368873708651
CD79B,SCML2,0.004433824947117
FCRL6,RP11-122G18.5,0.0044197527398569
TATDN1,GABRD,0.0044126926651733
AC115618.1,C1orf101,0.0044077249282822
MTMR11,GYPE,0.0044071292909486
TPPP3,CLDN23,0.0043872099690488
CD7,MAEL,0.0043731809934442
LYL1,RP1-86C11.7,0.0043650159513446
IGLL5,NODAL,0.004351305155929
MICAL2,CTD-2192J16.26,0.0043456777954426
EIF4EBP1,AC000068.5,0.00434453580117
DGKH,RBL1-1,0.0043411740264019
LRCH3,CCDC81,0.004337221240835
H1FX,RP11-81H3.2,0.0043347869020639
SCAMP5,CYP46A1,0.0043299513686406
GSTP1,RP11-423C15.3,0.0043284949695655
PAFAH1B2,RP11-269M20.3,0.0043263558099863
JUN,RP11-314C16.1,0.0043241029124512
TTLL3,AGAP9,0.0043215617323261
TRPS1,ACKR2,0.0043050158846257
KLRC1,KRBOX1-1,0.0043033294874081
HRASLS,GRIN2D,0.0042974080278468
RPL3,RP11-106M3.3,0.0042932353893518
CAST,GJC2,0.0042884613265764
ALOX5,CXCL10,0.0042716941369044
ATRN,DNAH12,0.0042666036838178
NCOA4,GRIN2D,0.0042659671590317
BCL2L1,GABRD,0.0042658845429716
WWC2,CYB5R2,0.0042637311219718
AL136376.1,C1orf101,0.0042621978392118
MT2A,FAM225A,0.0042579379263396
TBL1X,RP11-362K14.7,0.0042497969608573
IGSF6,C11orf45,0.0042450319498054
TREML1,MAEL,0.0042404422291914
GSN,AMZ1,0.0042398302885745
LIMS1,RBL1-1,0.0042295015014843
SH2D1B,C1orf177,0.0042222664721629
ALOX5AP,S100A3,0.0042179164196094
KCTD10,C2orf48,0.0041932262285464
CNTNAP2,RP11-328M4.2,0.0041798751464412
GSTP1,RP11-168O16.1,0.0041787946977843
ID1,CTC-498J12.3,0.0041775354454213
LYN,AC016738.4,0.0041774181133627
NNT,RGS9BP,0.0041773933498369
CMTM5,PSD3,0.0041708814491793
LAIR2,RP4-655J12.4,0.0041647718582858
RPF2,C19orf44,0.0041631541222157
MCFD2,UNC13A,0.0041622997997949
KIAA0195,UNC13A,0.0041576554396006
AHNAK,RP11-686D22.4,0.0041560152153999
RP11-66N24.4,CTC-503J8.4,0.004154861073752
PTPRE,RP11-167N5.5,0.0041546015342637
S100A6,RP11-713D19.1,0.0041545025377772
GSTO1,CCR8,0.0041440268851889
AKNA,ELMOD1,0.0041304472380346
IL8,RET,0.0041303116447136
MDM1,ASB9,0.0041302950758943
HEG1,AC068282.3,0.0041184233908759
TMEM141,RP11-314C16.1,0.0041121622410185
RP11-611L7.1,MAEL,0.0041056973684424
BANK1,PDE1A,0.0041049961351624
CTB-55O6.12,TMEM105,0.0040990418685087
ZNF264,AC000068.5,0.0040910186873182
CD4,RP1-86C11.7,0.0040880021873453
CD40,ADAM20,0.0040822104361054
LINC00152,RP11-665G4.1,0.0040812437023095
ZNF362,RP11-276E15.4,0.0040774411964951
CLU,WFDC3,0.004073794353133
LTB,RFX8,0.0040697355954576
P2RX5,RP4-635E18.7,0.0040683248320521
GZMH,RP11-362K14.6,0.0040662558557185
LAT2,PSD3,0.0040617825662212
DISP1,ARHGAP44,0.0040607348127868
TLK1,CLDN22,0.0040598604749089
CMTM5,GCSAML,0.0040578585738185
CTBP2,CTRC,0.0040469725328375
CHAF1A,USP27X-AS1,0.0040444540216456
CTB-55O6.12,C11orf45,0.0040371242211621
CTSW,CXXC4,0.0040179547163858
JADE3,ASB9,0.0040173106437314
CCDC82,BBS5,0.0040096487490131
WASF2,IL10,0.0040095063793975
NUP214,CTC-503J8.4,0.0040081662866049
TMEM170B,RP11-511B23.2,0.0040043637555549
DGKZ,RP11-15A1.7,0.0040026591213854
TLK1,AC068282.3,0.0039956927855201
FAM26F,CYB5R2,0.0039875388755239
GGA1,UNC13A,0.0039865055287421
GNPTAB,HM13-AS1,0.0039863306007938
AIRE,RP11-328M4.2,0.0039861390999347
CD19,CTD-2620I22.7,0.0039808839641963
STK40,NODAL,0.0039808285606226
SUPT6H,CYB5R2,0.003973321512666
EFHD2,TNS4,0.0039688710234833
UNC93B1,C1orf101,0.003963477495582
RP11-117D22.2,CYP46A1,0.0039595856835995
RP11-222K16.2,C17orf96,0.0039575796855827
CDC42EP3,BBS5,0.0039574546406491
PKIG,RBL1-1,0.0039500294794378
ISG15,IL17A,0.0039489160494193
LAG3,RP11-456K23.1,0.0039404507740342
IFIT3,CCR8,0.0039374140730631
DAG1,RP11-524F11.2,0.0039363727132368
PLEK,KCNK5,0.0039331327614363
RP11-973H7.4,RGS9BP,0.0039322488162323
PVRL1,JAG2,0.0039262578885717
STX1A,HCG20,0.0039258704817112
ZC3H13,RP11-81H3.2,0.003922884811628
DNAAF3,GRIN2D,0.0039208156012748
TPPP3,RET,0.0039063649399185
RP11-412D9.4,AGAP9,0.003902349527488
MT-ND1,PDE1A,0.0038950314220932
CTB-55O6.12,WWC2-AS2,0.0038860704860963
PDGFA,GRIN2D,0.0038859714106778
LIMK2,RP11-118K6.3,0.0038805504269871
S100A4,RP11-423C15.3,0.0038782304920461
GZMK,HCG20,0.0038725805288539
RBM27,HM13-AS1,0.0038586439113825
HLA-C,ZFHX2,0.003856257534479
LINC00152,ARHGAP44,0.0038553116303611
ASCL2,RP11-55K13.1,0.0038530452395268
MMP17,EPHB3,0.0038488993635804
LTB,AFAP1L1,0.0038453779171257
APOL2,RP11-55K13.1,0.003844641288857
PRF1,C2orf48,0.0038403862631479
ALDH2,RP11-196O16.1,0.0038353068403179
C1orf35,LAMB3,0.0038303675411074
RP11-464F9.20,IQSEC3,0.003822311405812
CD14,AC016738.4,0.0038199064668844
KDM5A,AL049829.1,0.0038174378868062
RP11-427H3.3,ZFHX2,0.0038170316523937
MTPN,EPHB3,0.003805899202248
TPST2,HM13-AS1,0.0037904518159064
TAL1,RP11-546M21.6,0.0037807990182445
MRM1,RP11-196O16.1,0.0037704597873807
KLRG1,CTC-498J12.3,0.0037381780622809
DUSP23,GYPE,0.0037357496974029
DUSP5,RP11-55K13.1,0.003725880709171
BLNK,RP11-362K14.6,0.0037135342175258
TMEM91,RP3-323N1.2,0.0037078288634082
NRGN,DDR2,0.0037065873377708
TLR6,NODAL,0.0037049097193314
EFCAB7,CAPN9,0.0036940156641227
NGFRAP1,CTD-2527I21.7,0.0036934860628348
C4orf48,CTC-503J8.4,0.0036860119832834
UNC79,BBS5,0.0036746851469302
ABCA7,RP11-362K14.7,0.0036721713572061
NRGN,MMP1,0.003671277571349
CD300A,VASN,0.0036709095442448
BCL2L1,CCDC81,0.0036611319871384
CAMKK1,ESPL1,0.0036597466509073
MT-CO1,RP4-677H15.4,0.0036523591430396
GSTP1,HSPA12B,0.0036445632795571
GZMH,RP11-225B17.2,0.0036437166106755
MARCH2,COL1A1,0.0036428846898551
CWC25,DDR2,0.0036422993544473
RP11-386G11.5,C1orf101,0.0036397415057274
TCHP,RBL1-1,0.0036269248019261
ARID3A,COL1A1,0.0036269132844477
KLRD1,RP3-323N1.2,0.0036079965756547
CACNA2D4,EPHB3,0.0036070471405568
ADAR,CTD-2619J13.3,0.0036013677875581
FMO5,CCDC81,0.0035862557510063
CD19,COL1A1,0.0035856426958123
USP28,VNN3,0.0035830633677772
EHBP1L1,RP11-423C15.3,0.003577377776901
CTB-55O6.12,CTC-503J8.4,0.0035733418624722
MLXIP,EPHB3,0.0035519861829702
TNFRSF1B,STRIP2,0.003533592891746
hsa-mir-8072,C1orf101,0.0035319419198657
HLA-C,WWC2-AS2,0.0035307546327708
ABI3,ZNF572,0.0035294326225869
ZNF618,PTPRR,0.0035208793450865
MAML3,RP11-325I22.2,0.0035181381984421
IGJ,RP1-122O8.7,0.0035178382225049
SNORD3B-2,LAMB3,0.003511034143266
UBE2F,RP11-269M20.3,0.0034989716030444
UTP14C,KRBOX1-1,0.0034979324856357
HIVEP3,CTD-2619J13.3,0.0034969577450082
FANK1,AC016738.4,0.0034944093380174
PHLDA2,CENPI,0.0034845004213176
HES4,RET,0.0034751609862
ZBTB38,EPHB3,0.003474766002785
NNT,RP4-635E18.7,0.0034703239770448
CD4,AC016738.4,0.0034613603795931
FCRL6,RP11-328C8.4,0.0034462810598801
KIF15,GSG2,0.0034438915480305
RP3-337H4.9,CLDN23,0.0034397622613125
ZNF683,RP11-275I4.1,0.0034326151131258
C9orf89,CCDC110,0.003430075155257
OS9,C17orf96,0.0034231311351461
CCL3L1,ARHGEF28,0.0033998799321204
TSPAN4,ZFHX2,0.0033918971271152
IGLL5,ARHGAP44,0.0033810913062026
MDC1,CTC-523E23.1,0.003375798564465
PCDH1,CENPI,0.0033728942584664
PNOC,RP11-29H23.4,0.0033673568771049
AKAP13,SEZ6,0.0033661914295936
RP1-168L15.5,RBL1-1,0.0033596635971458
CXorf21,HCAR1,0.0033559955785568
NR4A1,WWC2-AS2,0.0033558067085934
CRIP2,RHOV,0.0033513811858383
LEMD3,RP11-362K14.7,0.0033443952802413
PIP5K1B,FOXE1,0.0033366468399271
SSX2IP,CTC-503J8.4,0.0033334498239902
IFI30,RP11-511B23.2,0.0033276869885759
RPLP1,BBS5,0.0033222956318027
FAM110A,RP11-276E15.4,0.0033212822192664
RP11-156E8.1,LAMB3,0.0033193562377599
CAPN12,PSD3,0.0033182695240461
ARHGAP18,AL049829.1,0.0033166852082376
IFITM2,RP11-423C15.3,0.0033106153998386
LINC00989,WFDC3,0.0033090400124324
KIAA0930,FAM225A,0.0032913789631164
ZNF69,RP11-456K23.1,0.0032875078166211
CCDC122,SEZ6,0.0032839511753762
MYCL,CLDN23,0.003279044465273
PTPDC1,VSTM2B,0.0032717274627189
MKI67,GSG2,0.003269510762006
MMP25,ACTG2,0.0032632602996818
HLA-DQA2,RP11-456K23.1,0.0032622224997787
SH2B3,RBL1-1,0.0032541865334091
DUSP1,RP11-276E15.4,0.0032540799300922
IQSEC1,RP11-665G4.1,0.0032483256022995
DDX42,FAM47E-STBD1-1,0.0032441483036141
BANK1,RP11-328M4.2,0.0032409383025655
GBA2,RP1-261D10.2,0.0032371000822009
RP11-863K10.7,CTC-523E23.1,0.0032347544471673
GCHFR,RP11-524F11.2,0.0032340801457346
RP11-819C21.1,RP11-420L9.5,0.0032336036164869
CCL4L1,ARHGEF28,0.0032314479751945
C19orf83,RP11-122G18.5,0.0032307843862907
PQLC1,C1orf101,0.0032146348670741
GAK,VASN,0.0032142759142465
APMAP,AC068282.3,0.0032094189152197
MSRB1,C1orf111,0.0032058429507693
MPEG1,GCSAML,0.0032030655213076
DPP3,RP11-29H23.4,0.0032001337708236
GPATCH2,CTD-2081C10.7,0.0031959634697547
MPO,CYB5R2,0.0031911724193866
PHRF1,CTC-498J12.3,0.0031866165683822
C1QC,FAM225A,0.0031851041530406
PTPRE,SNRK-AS1,0.0031845419971914
UNC79,TNS4,0.0031789942979784
PRR24,GSG2,0.0031745644608692
TNFRSF18,PTH2,0.0031681542733151
UBE2F,RBL1-1,0.0031640493999445
GATA1,WFDC3,0.0031601951661115
CATSPER1,RP11-122G18.5,0.0031596467173931
MOGS,RP11-29H23.4,0.0031593327434919
ANXA2,CTD-2620I22.7,0.0031587501211916
IL13RA1,AF131215.5,0.0031491957604881
ZC3H13,ZFHX2,0.003145673175733
MT-CO1,ARHGAP44,0.0031335909404149
MVB12B,CTC-523E23.1,0.0031303075105503
NEXN,WFDC3,0.0031249197699999
SLC27A1,C2orf48,0.0031074873349023
STAT3,VASN,0.0031072196611365
KLF6,C11orf45,0.0031050592034385
S100A6,AFAP1L1,0.0031021321579833
ZNF143,MPP4,0.0031006832643554
MTHFR,CTD-2081C10.7,0.0030976343497546
TMEM140,AC068282.3,0.0030968607969533
ATG10,ZNF572,0.0030950425412298
SPHK1,GRIN2D,0.0030884247037367
RILP,XX-FW83128A1.2,0.0030758211695581
RP11-273G15.2,PSD3,0.003074614497982
SPIB,RP11-505P4.7,0.0030597368809897
RP11-705O1.8,RP11-505P4.7,0.0030581517900331
RCE1,USP27X-AS1,0.0030555639163616
RAB34,GRIN2D,0.0030530099614316
LRIF1,AC068282.3,0.0030512871978607
BLNK,USP27X-AS1,0.0030512755761634
MS4A1,SCML2,0.003048025538417
HLA-DRB1,AC000068.5,0.0030448578750888
S100A6,C11orf45,0.0030410515023429
DUSP18,RGS9BP,0.0030385994537212
ITPKC,AC068282.3,0.0030368732248653
HLA-DOB,RP11-328M4.2,0.003027592772561
SNORD3B-2,SIAH3,0.0030222821609874
HLA-C,PLCD4,0.0030081773512477
CAPG,PDE1A,0.002996730478321
MALAT1,CXXC4,0.002993421289396
ARHGAP17,AC108025.2,0.00299332021054
RAB32,LAMB3,0.0029840824101371
LAT2,JAG2,0.0029816654828898
PLAC8,USP27X-AS1,0.0029793426537594
MT-ND2,RP11-328M4.2,0.0029786328502356
NPC2,SCML2,0.00297171922818
RPL34,KRBOX1-1,0.0029712927712978
MATK,LAMB3,0.0029645907879007
NXF1,NLGN3,0.0029622610080229
RP11-326I11.3,CTD-2619J13.3,0.0029621404243548
HLA-DMA,CLDN23,0.0029613115614634
JOSD2,FOXE1,0.0029562736951695
KLRB1,EPN2-AS1,0.0029506491205045
PPP1R14A,CYB5R2,0.0029496260435865
CD81,RP11-362K14.7,0.0029460354203562
ACTN1,AGAP9,0.0029432148068893
TSNARE1,LHX1,0.002939858638977
RAB31,RP1-122O8.7,0.0029357504543919
MGST2,RP3-323N1.2,0.0029330290410564
HLA-DRA,AF131215.5,0.0029313255741437
NPEPL1,RP11-122G18.5,0.0029244810430113
MB21D1,ZNF572,0.0029237302580319
TNFRSF13C,ADAM20,0.0029194253175061
TNNC2,CYB5R2,0.0029086964994176
GNGT2,C2orf48,0.002908038958166
CELF1,BBS5,0.0028985273092985
AGTRAP,RP11-167N5.5,0.0028940836738851
UBE2F,CTC-503J8.4,0.0028856791888322
SEC16A,COL1A1,0.0028853848223228
XCL1,VNN3,0.0028753681426055
CTA-445C9.15,AC108025.2,0.0028747422384963
NAB1,CTD-3194G12.2,0.0028734946516401
EFHD2,TMEM105,0.0028674310162984
RPP25L,SEZ6,0.0028605885869142
CST7,VSTM2B,0.0028526567378833
TTL,CCR8,0.0028371107123434
TTC7A,CENPI,0.0028349989671901
PLAC8,GSG2,0.0028269234071856
ADAP1,RP3-323N1.2,0.0028230537396839
GBGT1,S100A3,0.0028177924210477
HSPA2,RP11-348N5.7,0.0028168309287747
LINGO3,USP27X-AS1,0.0028079701978315
PPP2CB,WFDC3,0.0028076077019228
MEGF9,AC068282.3,0.0028057885655665
MAN2A2,RHOV,0.0027940769064219
GPR84,PSD3,0.00279323203164
IL2RB,WWC2-AS2,0.0027908051489682
DUSP2,AMZ1,0.002775337550662
EXD3,RP11-328M4.2,0.0027747471811917
RGS6,WFDC3,0.0027728195047335
BCL2L1,ADAM20,0.0027718034892049
PHACTR1,S100A3,0.0027711371050046
FCGRT,RP11-15A1.7,0.002770903689588
CD79B,RP1-261D10.2,0.0027543225272043
SLC27A3,TMEM105,0.0027510885854343
FTL,HCG20,0.0027505087739896
EIF3B,NLGN3,0.0027461200633674
OLFM1,EPAS1,0.0027360010978953
DUSP1,RHOV,0.0027348724744022
RP1-202O8.3,DNAJC28,0.0027304976397875
RP11-820I16.4,RP11-122G18.5,0.0027235063695565
DENND4C,RP3-323N1.2,0.0027219693717519
P2RX5,RP11-665G4.1,0.0027142421823209
DUSP23,MTBP,0.0027133180400276
OSCAR,CLDN23,0.0027123338689602
LGALS1,MST1R,0.0027070219893477
CD81,RP11-269M20.3,0.0027028844122837
SLC16A3,LONRF2,0.0027014744204397
ALOX5AP,FOXE1,0.0026899145949158
WWC2,SCML2,0.0026869220645244
CCDC122,AMZ1,0.0026858094687574
RP11-367G6.3,RP11-348N5.7,0.0026837264407821
IL32,PAPL,0.0026792194880753
LEMD3,DDR2,0.0026729175314875
LIN54,AC108025.2,0.0026722174057668
WDR11-AS1,PSD3,0.0026602303814092
NAB1,AL049829.1,0.0026573478849678
hsa-mir-8072,CTD-2081C10.7,0.0026541180430586
ASCL2,USP27X-AS1,0.0026445427817052
RPLP1,RP11-362K14.6,0.0026443280424176
ASCL2,VSTM2B,0.0026419618285387
TSPAN13,RP11-511B23.2,0.0026336295546522
MARCH2,RP11-348N5.7,0.0026312460658859
FCER1A,CLDN23,0.002629001080817
NNT,PDE7B,0.0026288722257727
CD79B,GYPE,0.002624453404484
GAK,AP3B2,0.002620686789352
ZCCHC24,EPN2-AS1,0.0026190903474659
MAFB,LHX1,0.0026180558843234
H1FX,RP11-358L4.1,0.0026126527732735
PTGDS,XX-FW83128A1.2,0.0026052100107824
FTL,ZFHX2,0.002605101244415
S1PR5,LINC00638,0.0026013703323234
GTF3C1,RP4-635E18.7,0.0025964746147073
CASZ1,ARHGEF28,0.0025904987360277
FCGR3A,GYPE,0.002590276200566
IFITM2,UNC13A,0.0025895279274211
APP,CAPN9,0.0025872943387633
DNAJC1,HBA2,0.002586588349577
PLCH2,LIF,0.002585263299411
CSNK1G2,MTTP,0.0025786611541161
NEURL4,C11orf45,0.0025772457262405
AP5B1,TMEM105,0.0025768159711527
SETD5-AS1,DIRC3,0.002575848785942
QTRTD1,LIF,0.0025733298449965
APOBR,RP11-167N5.5,0.0025648536355149
NKAP,CTRC,0.0025604046373908
FOS,CGN,0.0025603093593315
CDYL,MST1R,0.0025599674060909
PPAPDC1B,AC015971.2,0.0025576692476667
GOLIM4,PSD3,0.0025451849325098
PDXK,AC108025.2,0.0025408212865526
GSN,PLCD4,0.0025364413106548
MLLT4,RP11-314C16.1,0.0025301746661228
FCRLA,RP11-511B23.2,0.0025236749855517
ZNF724P,RBL1-1,0.0025184703600385
TUBB4B,JAG2,0.0025015864389193
ACTB,NLGN3,0.0024926868002351
GNLY,ARHGEF28,0.0024921217740307
ABHD2,C15orf65,0.0024865165115241
TPM2,UNC13A,0.0024816676298102
C12orf75,CTC-523E23.1,0.0024810255524442
CPVL,AC079354.5,0.0024789712052994
TNFSF13B,AFAP1L1,0.002475674149801
VAC14,ZNF572,0.0024741579510087
PROCR,HCG20,0.0024689252678127
C14orf80,XX-FW83128A1.2,0.0024662219041185
ANKRD13D,RP11-325I22.2,0.0024615311951849
PTTG1,ADAM20,0.0024532549810371
IQSEC1,LINC00638,0.0024528475437097
GAB3,PDE1A,0.0024500944938162
ZNF683,CTD-2081C10.7,0.0024408025988013
TMCO3,IL17A,0.0024406360040977
YWHAH,TNS4,0.002439272386555
C11orf83,RP11-196O16.1,0.0024292221019012
XXbac-BPG181B23.7,CAPN9,0.0024257904444701
APAF1,NODAL,0.0024230795989526
PLA2G16,RP11-196O16.1,0.0024190967968431
HLA-DMB,ZNF572,0.0024157772198369
NRGN,GRIN2D,0.0024146235182913
DPP3,DIRC3,0.0024113807547475
GPR68,PDE1A,0.0024113276495568
RNF130,FAM47E-STBD1-1,0.0024088075236801
TMEM88,RP4-655J12.4,0.0024087314305539
EP400NL,RP11-420L9.5,0.0024068369218551
ATRN,RP11-314C16.1,0.0024050694554208
CCDC82,RP11-106M3.3,0.0024019328332493
AXIN2,RFX8,0.0023992993583468
TLE3,AFAP1L1,0.0023932816156863
MMD,COL1A1,0.0023904724832106
MKI67,C2orf48,0.0023885607865785
PYHIN1,DDR2,0.0023824787253566
KIAA1467,CENPI,0.0023798889008435
GPR68,MAEL,0.002374153494902
RSU1,C2orf48,0.002373806503683
SYTL3,RFX8,0.00237171106335
PPAPDC1B,AL049829.1,0.0023702140840781
STAT3,ASB9,0.0023686154422261
ABHD2,MST1R,0.0023593559691163
KIF22,KRBOX1-1,0.0023568682964648
SDPR,PSD3,0.0023464402551878
NCOA4,MAEL,0.0023440377010763
SNAI3,MAEL,0.0023439244869112
KIF21B,CTC-523E23.1,0.002343486175678
CD79A,APCDD1,0.0023378411865377
FOXN2,CAPN9,0.0023366672702396
SIGLEC7,KRBOX1-1,0.0023302291114795
USP28,AC015969.3,0.0023278894199993
PURA,MST1R,0.0023278510016986
TLN1,RP11-276E15.4,0.0023258350302401
LILRB2,S100A3,0.0023226430991379
LYL1,XX-FW83128A1.2,0.0023199612367955
GCHFR,VASN,0.0023196126286242
HLA-DQA2,AMZ1,0.0023149464574772
AP1S2,IL17A,0.0023130690166041
SCRIB,HBA2,0.0023128338598857
ZNF320,RP11-269M20.3,0.0023124151766866
S100A6,AGAP9,0.0023102650364155
FGFBP2,SNRK-AS1,0.002309553534021
NUDT16,RP11-325I22.2,0.002308951807635
PMAIP1,HSPA12B,0.0023082375044273
LRBA,CTC-498J12.3,0.0023047425053614
POMC,MTTP,0.0023033961042637
NPC2,RP11-196O16.1,0.0023018130403999
LAT2,RP4-655J12.4,0.0022963414876591
LIMS1,PTH2,0.0022788181750437
RNF130,RP11-118K6.3,0.0022750377341851
PRKAR2A,RP1-86C11.7,0.00227406043406
STAB1,LONRF2,0.0022701086027739
ATP10D,C11orf45,0.0022616977584739
IFI6,RP11-276E15.4,0.0022488209874443
GZMK,ACTG2,0.0022418711513473
TTL,CLDN22,0.0022399056998453
SFSWAP,PSD3,0.0022390686944423
FLNA,SIAH3,0.0022374607806106
GNA15,PTH2,0.0022360178375438
RGS2,RP11-314A20.5,0.0022325131031963
CD1C,DNAH12,0.0022322281402651
PRF1,ZNF572,0.0022223782596951
C6orf120,RP11-276E15.4,0.0022188059681394
CD151,SIAH3,0.0022168900391219
ABHD2,CTRC,0.0022167257777483
CD68,AL049829.1,0.0022141959871169
GAPT,RP11-456K23.1,0.0022135851488097
NOTCH1,MTTP,0.0022005100549503
NELFB,RP11-275I4.1,0.0021951307663008
CPVL,AP3B2,0.0021949842549209
VIM,RIPK4,0.0021902591340555
CALCB,GSG2,0.0021843781246537
AP5B1,C17orf96,0.0021836638614938
RP11-71G12.1,RP11-423C15.3,0.0021733476048729
TACC1,FAM47E,0.0021721058428309
MT-ND2,RP11-81H3.2,0.0021660710916555
NLRP7,LHX1,0.0021656399966256
ANKRD11,JAG2,0.0021571618362309
IGJ,ACKR2,0.0021561662139922
LIMS3-1,STRIP2,0.0021540439725814
ITGAM,AC015971.2,0.0021450679779894
SLC12A9,AC009312.1,0.0021383302683363
TBX21,WWC2-AS2,0.002137963255903
ARID2,CENPI,0.0021332930292822
OS9,PLCD4,0.0021253431323876
NFKBIA,SEZ6,0.0021211905785919
ASCL2,RP11-362K14.6,0.0021196412116006
GNAI2,C1orf101,0.0021186949908663
INPPL1,WWC2-AS2,0.0021168883531537
GBGT1,RP11-511B23.2,0.0021155144284705
VIPR2,ARHGAP44,0.0021123036494796
LTB,RP11-328M4.2,0.0021052628988951
MYO1F,LONRF2,0.0021044698942983
ACTN1,ARHGAP44,0.0020926704330359
GZMB,RP11-713D19.1,0.0020898603408239
SCAPER,RP11-314C16.1,0.0020880353091
TRPM4,PSD3,0.0020717117801955
ENC1,RP11-686D22.4,0.0020714610498597
HLA-DQA2,ADAM20,0.0020706463795159
PYGL,S100A3,0.002066469099418
NMB,TNS4,0.0020659908748908
VTI1B,TNS4,0.0020608426331036
IFNG,ACTG2,0.0020586555975646
LINC00926,RP11-505P4.7,0.002058375532611
TNFSF10,NLGN3,0.0020529368713515
AGTRAP,RP11-423C15.3,0.0020504397599843
C1orf216,WFDC3,0.0020480765127528
SCAPER,RIPK4,0.0020439255425381
FAM217B,LINC00638,0.0020437602174396
PGRMC1,C1orf111,0.0020423502035238
C10orf11,CLDN23,0.0020390600783855
MCOLN1,C1orf111,0.0020374164835391
IL17RA,MAEL,0.0020295805815603
ATG2A,RP11-505P4.7,0.0020260725425164
ARHGEF17,EPN2-AS1,0.0020184567603752
ZNF267,RGS9BP,0.0020108191215227
MKI67,ESPL1,0.002001355322368
CLCN6,RP11-686D22.4,0.0020009760465166
RP11-222K16.2,VSTM2B,0.0019982600716844
DUSP5,RFX8,0.0019980277656084
AC016757.3,WFDC3,0.0019976575815758
SCO2,HSPA12B,0.0019974362331783
DENND4B,MTTP,0.0019973889880891
PSEN2,APCDD1,0.0019951979316253
SH3BGRL2,RP11-546M21.6,0.001990549318379
KIAA0125,AC015971.2,0.0019900407506713
TCHP,COL1A1,0.0019871085955933
PAFAH1B2,AC009312.1,0.0019862459706152
HTT,RBL1-1,0.0019850726201402
MIR142,TNS4,0.0019840994698221
ACTN1,RP4-635E18.7,0.001982284697103
AHCTF1,ADAM20,0.0019797775830945
HLA-DRB5,RP11-29H23.4,0.0019734847159365
PURA,CSN1S1,0.0019705182914247
GRK4,UNC13A,0.0019673627223169
TPST2,CTD-2192J16.26,0.0019646273766871
HDAC6,VASN,0.0019643113664592
AIF1,CXCL10,0.0019621561523365
ZNF143,AC009312.1,0.0019580360536643
TNFRSF17,HM13-AS1,0.0019550932440503
HLA-DRB1,AL049829.1,0.0019527944839772
PHC2,RP11-362K14.7,0.0019527457583067
NCF1,AC016738.4,0.0019481191871565
MIR24-2,CXCL10,0.0019415954260747
RP9,RP4-635E18.7,0.0019410369698456
RCC2,KRBOX1-1,0.0019401282491196
MAX,RP11-362K14.7,0.0019371776899468
PRR24,RBL1-1,0.0019361996160342
RPF2,SCML2,0.0019306473644467
CD68,GRIN2D,0.0019275254516276
ARHGEF10L,GRIN2D,0.0019274871453453
RP11-390P2.4,RET,0.0019227726539098
IFITM2,CSN1S1,0.0019198768187897
LAT2,C1orf111,0.0019188325272234
CYTL1,AMZ1,0.0019163054436612
JAM3,RP11-362K14.6,0.0019143038812822
MYL6,LINC00951,0.0019142356306939
ZNF185,AC015969.3,0.0019107809612506
PRF1,VSTM2B,0.0019106010198533
HRH2,RP11-348N5.7,0.0019088259778115
JUND,NLGN3,0.0019073503166084
GM2A,CTD-2527I21.7,0.0019061471987009
TYMS,STRIP2,0.0019017092460833
ST6GALNAC3,RFX8,0.0019015146807248
TRAK1,NODAL,0.0018993310370946
ZNF618,FOXE1,0.0018971861225201
HLA-DOB,RP11-420L9.5,0.0018945710583474
AIF1,AC015971.2,0.001894103676968
SCO2,RP11-106M3.3,0.0018918798228038
TPRG1-AS1,LYPD2,0.0018860335557596
RP11-312O7.2,CLDN23,0.0018837451464671
XXbac-B135H6.15,CTD-2620I22.7,0.0018813383770898
VAC14,COL1A1,0.0018798467599736
SMPD3,RP1-122O8.7,0.0018739140088904
VWA5A,HCG20,0.0018729996331153
KIAA0319L,DDR2,0.0018693110384327
TCL1A,RP11-328M4.2,0.0018640411734726
COL6A2,C17orf96,0.0018624370752374
CAPG,CYB5R2,0.001861806437548
RP11-290F20.3,CTD-2620I22.7,0.0018602263788296
AKAP10,RP11-686D22.4,0.0018572444003519
RPL34,CTC-498J12.3,0.0018566598390924
ARID2,RP11-686D22.4,0.0018491313206372
SNX29,AC015971.2,0.0018411409051788
FCN1,FAM225A,0.0018340430662895
SZT2,DDR2,0.0018320555662731
TSC22D1,ACTG2,0.0018273302263688
MAP3K7CL,MPP4,0.0018270611541082
ETV6,STRIP2,0.00182287267917
ATG2A,VNN3,0.0018217948539337
SERPING1,AGAP9,0.0018210190354087
GPR137C,RP11-106M3.3,0.0018159459416615
CD74,PLCD4,0.0018131350214662
RP11-427H3.3,RP11-722E23.2,0.0018130194186273
BCL11A,S100A3,0.001812757058493
SAMD3,CTD-2619J13.3,0.0018115980018817
IL2RB,RP11-314C16.1,0.0018092878941073
SYNE2,CGN,0.0018019349587556
IQSEC1,KRBOX1-1,0.001801808818236
GNA15,APCDD1,0.0017960945221169
CHD6,RP11-269M20.3,0.0017936976388106
CLIC3,RP11-314A20.5,0.0017917464157938
SLA,AC015969.3,0.0017888318289734
BACH1,RBL1-1,0.0017845428425226
EPHB6,MPP4,0.0017842258156657
DGKZ,BBS5,0.0017779146539363
RAI1,RP11-325I22.2,0.001774746178494
CATSPER1,FZD8,0.0017730797386388
INTS1,ACTG2,0.0017725529898214
CYTL1,KCNK5,0.0017695503048948
RNASE6,RP11-168O16.1,0.0017688384674374
S100A11,S100A3,0.0017681468680402
RBM11,HM13-AS1,0.0017665047950806
TIMP1,RP11-122G18.5,0.0017657462409267
PRRG2,CTD-2620I22.7,0.0017647360406014
RP11-291B21.2,AP3B2,0.0017588227162167
SYNE2,AF131215.5,0.0017582088803889
ZNF143,CLDN22,0.0017568199553829
BIRC3,CYB5R2,0.0017567488809888
UNC93B1,GYPE,0.0017497244646459
NUSAP1,ZNF572,0.0017463867566459
AOAH,UNC13A,0.0017445945335941
PTCRA,FAM47E,0.0017380531460733
CBX4,RP11-362K14.7,0.001737861572544
CD79A,AC015971.2,0.0017319808634222
TSPO,RIPK4,0.001731044202953
RP11-291B21.2,RHOV,0.0017251763070319
CPEB2,AC000068.5,0.0017233943167724
TCL1A,GCSAML,0.0017230357260007
C15orf48,VNN3,0.0017197477822075
MCOLN1,GCSAML,0.0017174010990138
SAT1,DNAH12,0.0017103370401141
BRD2,CTRC,0.0017075073948188
HOXA9,TNS4,0.0017035688064001
TBXAS1,RP11-314A20.5,0.0016976264055796
NFKBIA,HSPA12B,0.0016975939773186
CD8A,FAM47E,0.0016924261413596
KDM4B,RP11-328M4.2,0.0016895787323384
RETN,RP11-118K6.3,0.0016831733850491
TUBA4A,RP11-686D22.4,0.0016812159651978
EAF2,AL049829.1,0.0016776762113439
PRR24,LINC00951,0.0016766550300867
C1QB,AC015969.3,0.0016750717467971
IL1RN,IL10,0.0016740386941628
IQGAP2,EPAS1,0.0016718831227233
SLA,CTD-3194G12.2,0.0016710309214988
RP11-532F12.5,RP11-314C16.1,0.0016703894150258
TMSB4X,CTC-523E23.1,0.0016687047001316
MYL6,CGN,0.0016665262691285
HLA-C,HSPA12B,0.0016612244799104
POU2F2,AC007036.6,0.0016577059980752
TSPAN13,PDE1A,0.0016573086870956
UBXN6,C1orf111,0.0016531025071568
LAYN,RP3-323N1.2,0.0016448521474526
PRSS23,USP27X-AS1,0.0016443909382719
NFE2,RP11-524F11.2,0.0016442077096807
CTB-55O6.12,ZFHX2,0.0016389114854345
SAPCD2,RP11-769O8.2,0.0016379498511122
HOMER3,JAG2,0.0016377206786335
TCL1A,RP11-511B23.2,0.0016353840192701
FLNA,RP11-665G4.1,0.0016317653662325
DENND1B,GCSAML,0.0016295109353961
FAM26F,AC016738.4,0.0016278538355983
SETD5-AS1,FKBP9,0.0016221524252598
CD22,RP4-635E18.7,0.0016065799015424
CETP,RP11-15A1.7,0.0015968033185166
LINC00926,RP11-362K14.6,0.0015964863235865
RAI1,CTD-2619J13.3,0.0015954795841114
ITGA10,GRIN2C,0.0015908660738147
PADI4,CTD-3194G12.2,0.0015906092178891
FASN,IL17A,0.0015894966462123
INSR,S100A3,0.0015882079512886
PDXK,MPP4,0.0015880340749973
CREB5,CLDN23,0.0015817233017582
RAD54L2,C1orf177,0.0015791181952872
NUSAP1,GRIN2D,0.0015768736753504
ZCCHC2,FAM225A,0.001575242812088
GCHFR,AL049829.1,0.001574754813235
UBE2M,WFDC3,0.0015739358614565
LINC00996,AC000068.5,0.0015736488802601
IL2RB,RP1-261D10.2,0.0015735538691503
ARVCF,RP11-106M3.3,0.0015728642647542
KIAA0319L,AC009312.1,0.0015628645110265
DENND1B,ACKR2,0.0015536323616221
GOLGA3,ZFHX2,0.0015522974237427
PRKCDBP,GYPE,0.0015491298480223
DUSP5,S100A3,0.0015427527240458
CD160,RP11-325I22.2,0.0015408072181968
AKAP9,CLDN22,0.0015397808951476
RRBP1,COL1A1,0.0015343315499738
FGFBP2,VSTM2B,0.001532671510543
IER2,WWC2-AS2,0.001525707775797
EFCAB7,CTD-3194G12.2,0.0015214496507908
OAZ1,PLCD4,0.0015172406574296
CTBP2,RP11-713D19.1,0.0015141821401819
CRIP2,SIAH3,0.0015086435847805
PLEK,HBA2,0.0015060026723745
GGA1,PAPL,0.0015046491888359
SAT1,TMEM105,0.0015042002788221
STMN1,ESPL1,0.0015030584338777
TNFRSF1A,RP3-323N1.2,0.0014996780510752
KIAA0195,LINC00638,0.0014968641322888
RP1-43E13.2,LIF,0.0014960137171301
TMSB4X,AC015971.2,0.0014882242760036
CST3,HSPA12B,0.0014857170807398
PTPRE,RP4-677H15.4,0.0014851985847833
GRAP2,AFAP1L1,0.0014840141314747
CXCR3,RP11-362K14.6,0.0014838129504754
MS4A1,RP11-328M4.2,0.0014819686679622
HLA-DRB5,CLDN23,0.0014805675542644
GALK1,RP11-276E15.4,0.0014777214805066
FCRL6,VSTM2B,0.0014776058713564
ZNF133,FZD8,0.0014773572998471
SCO2,RP1-86C11.7,0.0014731352221614
IFITM3,RP11-358L4.1,0.0014704644298236
TK1,GSG2,0.0014704621727604
PRSS23,GCSAML,0.0014634956781434
SOX4,NLGN3,0.0014620784111088
AP001053.11,AC015971.2,0.0014611384149773
PRKAR2B,PSD3,0.0014523304326521
MAX,RP11-196O16.1,0.0014507310393952
HERC3,ACKR2,0.0014496214597277
C5orf56,LINC00951,0.0014493783121483
S1PR5,CASC2,0.0014477797819181
CTD-3074O7.12,CCDC81,0.0014468674169753
SCO2,AC016738.4,0.0014445486781691
C19orf38,GRIN2D,0.0014423806278425
EDEM3,CTC-523E23.1,0.0014387021560445
FAM114A1,C17orf96,0.0014360090634482
RCC2,AFAP1L1,0.0014354583411021
GAS7,HBA2,0.0014321901975451
HLA-DPB1,CASC2,0.0014310963581634
EHBP1L1,IL17A,0.0014263855291646
SRF,ZFHX2,0.0014203878318152
SETD5-AS1,AC108025.2,0.0014190584059601
KDM6B,RP11-362K14.6,0.0014137710221642
IFI6,CTD-2620I22.7,0.001411161736605
SNAI3,JAG2,0.0014095304679244
ADRBK1,AC079354.5,0.0014044562580076
KRIT1,CCDC81,0.0014021114667125
RAI1,MST1R,0.0014019992678507
XPNPEP1,RP11-275I4.1,0.0013993501701723
FOS,ACKR2,0.001393211733765
IFI27L2,CTD-2192J16.26,0.0013926572206359
KCNG1,AF131215.5,0.001388582153683
ANXA2,AL049829.1,0.0013871904437422
GCHFR,RFX8,0.0013864630442413
NUDT16,IL17A,0.0013816570200802
GNLY,HBA2,0.0013774285290647
MEF2D,RP11-314C16.1,0.00137681274823
RP11-336K24.12,JAG2,0.0013757103788118
LAIR2,RP11-420L9.5,0.0013740105869499
EFHD2,RP11-118K6.3,0.0013709407892528
DENND4C,AGAP9,0.0013695197888565
SIRPA,CLDN23,0.0013655670936458
CCL5,CENPI,0.0013646107885902
CXXC5,FZD8,0.0013642713987086
RPLP1,CTD-2192J16.26,0.0013610143869962
HLA-DOB,CYB5R2,0.0013603598057668
APOBR,GJC2,0.0013601169699223
ZNF362,CENPI,0.0013577668834386
KANK3,CLDN22,0.0013528911367094
PYCARD,RP11-168O16.1,0.001352491138047
CDNF,CYP46A1,0.0013482918741581
ENKUR,RP11-546M21.6,0.0013480259811318
LAG3,MPP4,0.0013449665463152
RP5-1028K7.2,BBS5,0.0013426344669381
HLA-DQB1,ARNTL2,0.001342480281313
KIF4A,HM13-AS1,0.0013381439753898
HLA-DMA,EPN2-AS1,0.0013359287869576
SNN,AFAP1L1,0.0013356400536389
HEBP2,GJC2,0.0013327629617648
SLC35E1,VSTM2B,0.0013324554767553
RXRA,TNS4,0.0013281457378139
RSF1,RHOV,0.0013201244663414
TGFBRAP1,C1orf101,0.0013192739606855
PINLYP,CCDC81,0.0013167352332578
RP4-647C14.2,AF131215.5,0.0013163989019436
PREX1,PLCD4,0.0013160710836841
MT2A,CTD-3194G12.2,0.0013134855848876
CWC25,HCAR1,0.0013128359971453
RP11-390P2.4,C17orf96,0.0013127980745618
CCL5,RP11-196O16.1,0.0013059418430509
WWC2,UNC13A,0.0013015466870277
MATK,CTC-503J8.4,0.0013001448502925
ANO6,FAM225A,0.0012996191711457
PFN1,ESPL1,0.0012994783074144
LILRB3,GRIN2C,0.0012990520721238
PLBD1,S100A3,0.0012943697038418
HLA-DPA1,GYPE,0.0012914092881499
SIN3A,VNN3,0.0012904221297712
TMSB10,CTD-3224K15.3,0.0012841308235035
CMKLR1,C1orf111,0.0012840710210382
PURA,AF131215.5,0.0012814963399975
PLD4,PDE1A,0.0012813987115666
RHOC,UNC13A,0.0012768305350536
AOAH,AP3B2,0.0012765167488671
GPX1,TMEM105,0.001273729217557
HLA-DMB,GYPE,0.0012726322012449
GALNT2,RP11-511B23.2,0.001270690256949
LIG3,CTD-3194G12.2,0.0012694230903697
HLA-C,AC068282.3,0.0012672623853016
TFAP2E,RP11-196O16.1,0.0012671652425271
PDCD7,RP3-323N1.2,0.0012670711839781
CCR2,AGAP9,0.0012665085783561
RP11-222K16.2,RP3-323N1.2,0.0012627115725313
MT2A,RP11-276E15.4,0.0012621061719237
FOSB,CSN1S1,0.0012606061026373
PLA2G16,CTC-523E23.1,0.0012605323005245
MATK,MPP4,0.0012594649867659
MZB1,GCSAML,0.0012556411812862
NCOA4,CCR8,0.0012554919204167
IL1B,RP1-86C11.7,0.0012550330375394
GLIPR2,MPP4,0.0012546305897744
ZNF576,SEZ6,0.0012517141897281
C1orf21,MPP4,0.0012506441083679
GADD45A,RP3-323N1.2,0.0012505786565472
AIF1,AGAP9,0.0012491680566682
AVPI1,AC000068.5,0.0012446208354493
MYH11,ARHGEF28,0.0012443725075165
VMO1,FAM225A,0.0012392636629481
GZMB,JAG2,0.001239009566795
AP1S2,RIPK4,0.0012371314615557
RUFY1,RP11-348N5.7,0.0012368743790836
ACSL3,ZFHX2,0.0012361197197822
CD79B,GSG2,0.0012360364313356
FCGR3A,HBA2,0.0012351543527563
ZNF593,UNC13A,0.0012332471863686
RP11-872J21.3,CTD-3194G12.2,0.0012300608398695
NCKAP5L,JAG2,0.0012289008448534
RP1-168L15.5,FAM225A,0.0012246732184726
C10orf11,APCDD1,0.0012227762405304
CAPN12,PDE1A,0.0012227633586819
PPM1L,RBL1-1,0.0012222894722647
B2M,MST1R,0.0012185255715218
PTPN11,ACTG2,0.0012153564290805
JUN,CASC2,0.0012143235724606
VTI1B,CTC-523E23.1,0.001209894899457
CD7,LINC00951,0.0012057965877069
LIMS1,FKBP9,0.0012052751665378
MAP3K7CL,UNC13A,0.0012037348064108
C1orf35,RP11-713D19.1,0.0012030043863775
VIPR2,C1orf111,0.0012026480311119
CLEC4F,CXCL10,0.0011978454047177
FCRL6,HCAR1,0.0011966383656856
TUBA1C,EPAS1,0.0011905465479975
AKAP13,RP11-423C15.3,0.00118850738059
WIPF2,ZFHX2,0.001187168264525
UPF1,LINC00951,0.0011867642635699
KLRB1,AP3B2,0.0011833344408483
KLF6,AC009312.1,0.0011826886742156
ZG16B,GYPE,0.0011802295745453
CYB561A3,TMEM105,0.0011790794622977
RP11-117D22.2,CTD-3194G12.2,0.0011780003769269
SAPCD2,HM13-AS1,0.0011769139990579
COL19A1,C17orf96,0.0011708313318543
PROC,HSPA12B,0.0011682465034669
TMCO3,C1orf101,0.0011653150145349
TRIM7,ESPL1,0.0011650030278959
PTPRE,MTTP,0.0011636168309775
ZNF708,LIF,0.0011629505851844
ARHGAP26,CTRC,0.0011625463388996
SPIB,C1orf101,0.0011622333961994
HLA-C,ADAM20,0.001154741097395
BOK,CENPI,0.0011527444150057
TESC,RP11-362K14.6,0.0011516770204057
CTD-2035E11.3,RP11-505P4.7,0.0011488189857443
CRIP2,WWC2-AS2,0.0011481112023662
MAFB,S100A3,0.001144124177091
TRIM25,CTD-2619J13.3,0.0011425991775973
IER3,FZD8,0.0011422447277065
HDGF,LONRF2,0.0011408704546801
ARID5B,BBS5,0.0011394371481277
NUDT16,HCG20,0.0011320101638641
KRT86,CLDN22,0.001131567988138
TCHP,LINC00951,0.0011310463497065
CD74,RP11-665G4.1,0.00112868658918
IFITM2,RP4-655J12.4,0.0011278573666658
DNAJC5,ZFHX2,0.0011268448512473
RAB3D,HCG20,0.0011267899346415
RPS10P7,RP11-106M3.3,0.0011252283645602
SOX4,GJC2,0.0011229762404977
S100A6,CTD-2081C10.7,0.0011179731214593
RP11-326I11.3,WFDC3,0.0011179345482073
NGFRAP1,RP11-362K14.7,0.0011171666556
RP11-364B6.1,SEZ6,0.001116424786972
PPM1L,APCDD1,0.0011135089183494
BRI3,RP1-86C11.7,0.0011110013013394
TSPO,CYB5R2,0.0011103112699717
OGFRL1,AC009312.1,0.0011099340241393
RPL34,DDR2,0.0011078287807168
MTMR11,S100A3,0.0011043123719892
CSRNP1,FAM225A,0.0011034882981136
PLK4,CENPI,0.0011029269110216
RP11-169E6.1,HBA2,0.0011008800295319
CWC25,RP11-276E15.4,0.0010972482764844
NT5M,ESPL1,0.0010968440719148
APOBEC3G,WWC2-AS2,0.0010959847304683
RPL3,ZNF572,0.0010950014655281
NFKBID,EPN2-AS1,0.001094924440829
RP11-291B21.2,XX-FW83128A1.2,0.0010939826285308
KIF3C,HBA2,0.001093953717187
MLC1,CXXC4,0.0010938576337728
TUBA4A,AGAP9,0.0010860262077024
CYB561A3,GABRD,0.0010799970082156
ATRN,AC079354.5,0.0010798356432988
IFI27L2,RP11-276E15.4,0.0010779257594176
NFKBID,ACKR2,0.0010740884218958
BLNK,RP1-122O8.7,0.0010740355931785
S100A6,RP1-261D10.2,0.0010734026764432
TSPAN13,RP11-29H23.4,0.0010674256724317
CCDC170,CXCL10,0.0010652278437659
AP000783.1,ZFHX2,0.0010598722437965
CHAF1A,FZD8,0.0010579095896178
GCHFR,RP11-358L4.1,0.001057262547358
MT-ND2,DNAH12,0.0010563984523972
CLUH,FZD8,0.0010556509313401
KLRB1,HM13-AS1,0.0010524395708694
NCR3,UNC13A,0.0010519906533065
HLA-DRB5,PDE1A,0.0010488525384244
DYM,RP11-524F11.2,0.0010475206913138
HLA-A,AC108025.2,0.0010469694958482
PLAUR,COL1A1,0.0010468951030281
DNAJC5,UNC13A,0.001046575105445
DYM,RP11-665G4.1,0.0010439599907087
PRF1,KRBOX1-1,0.0010430123969686
ABCA2,CTC-523E23.1,0.0010430086485529
PREX1,CCR8,0.0010425076736898
BID,RP11-106M3.3,0.0010418664821606
BCL2L1,EPAS1,0.0010403918508041
VASH1,HSPA12B,0.0010363995452673
RBM11,SEZ6,0.0010324261731068
SNORD3D,FZD8,0.0010288032464995
KLRF1,RP11-275I4.1,0.0010278625362748
ARL17B,RP11-314C16.1,0.0010268264702726
CD74,RP11-314A20.5,0.0010263135451754
MS4A6A,GYPE,0.001021219450696
AKNA,RP11-314A20.5,0.0010205205180785
PRF1,HBA2,0.0010204372842104
NFKBIA,RP11-328M4.2,0.0010174884050073
SFSWAP,ADAM20,0.0010098478806188
FPR1,FAM225A,0.001002668415004
RCE1,SEZ6,0.0010014204492342
ZMIZ1,RP11-722E23.2,0.0009994733510895
RPP25L,CTD-2620I22.7,0.0009960989975053
BLK,ACKR2,0.000994640510387
FAM110A,EPAS1,0.0009943974732273
HLA-DRA,GYPE,0.0009911313099045
MT-ND1,RIPK4,0.0009909947921729
ANXA2,DDR2,0.0009895817477921
TCTEX1D4,RP11-769O8.2,0.0009891603722736
SYNGR1,RP11-275I4.1,0.0009872471192685
H1FX,FOXE1,0.000984094257581
ANXA2,VSTM2B,0.0009840714191293
RALGPS2,FAM47E,0.0009839464641895
ZNF320,JAG2,0.0009839444353364
NEXN,RP11-511B23.2,0.0009827517248906
IGF2R,RP11-769O8.2,0.0009822325774887
NUP188,RP11-505P4.7,0.0009795659879507
RGS2,LONRF2,0.0009778541227245
UBE2C,ACTG2,0.0009757011807502
CCDC82,RP11-167N5.5,0.0009741224427799
NT5C3A,LHX1,0.0009699358808877
SPHK1,CTD-2620I22.7,0.000969011190047
VTI1B,HCG20,0.0009668445576487
CENPJ,RP11-420L9.5,0.0009638646987479
ZNF593,ADAM20,0.000963728773777
C1orf21,HCAR1,0.0009628578074404
PFN1,RP11-275I4.1,0.0009599327762475
INSR,CXCL10,0.0009592216155993
RALBP1,AP3B2,0.0009578035377031
GRAP2,RGS9BP,0.0009540693356101
UPF1,LHX1,0.0009455598837504
SRPK2,NLGN3,0.0009426682475602
RRP12,JAG2,0.0009405994731343
CYB561A3,CYB5R2,0.0009375151699142
DOCK5,LYPD2,0.0009366897055976
KIR3DL2,HCG20,0.0009360251297934
KRT86,C1orf111,0.0009352355336102
CPVL,EPN2-AS1,0.0009311325459631
MPST,NLGN3,0.0009309602817294
SLC17A9,GSG2,0.0009307596011302
COL6A2,RP11-118K6.3,0.0009304863060858
PRSS23,VNN3,0.000929370628379
CA2,RP11-546M21.6,0.0009265451052452
TUBA4A,RP1-86C11.7,0.0009258603258491
SCARF1,CLDN23,0.0009251013835735
CCL4,RP11-225B17.2,0.0009246889179026
HBEGF,RP4-655J12.4,0.000924556265118
IFI6,RP11-168O16.1,0.0009220848083443
KDM6B,MTTP,0.0009213544541512
LIM2,UNC13A,0.0009192150012247
POU2F2,AL049829.1,0.0009191286060078
TUG1,CCR8,0.000918772509629
TP53BP2,CTC-503J8.4,0.0009171544592982
RP11-291B21.2,DNAH12,0.0009168773174708
TRIM25,GRIN2D,0.0009161221318702
STARD8,RP11-420L9.5,0.0009160902406705
ZCCHC17,RP11-314A20.5,0.000908006924588
GZMH,MPP4,0.000906621380554
CD8A,AC007036.6,0.0009038419790907
FTH1,EPAS1,0.0008941535747917
XCL2,CSN1S1,0.0008920328298935
RASSF4,CLDN23,0.000888838046789
RHOQ,AC015971.2,0.0008862237808511
PYCARD,AC079354.5,0.0008852781671951
RP4-728D4.2,CSN1S1,0.0008847435335727
HSCB,RP11-276E15.4,0.0008832274984323
PFN1,STRIP2,0.0008830075946629
RRBP1,PDE1A,0.0008812409681715
PYCARD,HCAR1,0.0008802681525377
SYTL2,CXXC4,0.0008797786679883
RPL34,FAM47E,0.0008755362972987
FADS1,CLDN23,0.0008743346256929
HIST1H1B,IQSEC3,0.0008740513619845
BCL3,CTC-503J8.4,0.0008732169262761
PPP1R14B,UNC13A,0.0008711518760689
IQGAP2,PSD3,0.0008701540991489
NGFRAP1,RIPK4,0.0008698148747767
SFSWAP,RP11-722E23.2,0.0008692196353417
CD160,FZD8,0.0008690052368021
LYAR,KRBOX1-1,0.0008684663463395
HAVCR2,MST1R,0.0008675273165835
GAK,CTC-503J8.4,0.0008666663830638
KLB,RP11-769O8.2,0.0008661041857031
ZDHHC8,KRBOX1-1,0.0008633030368885
PSAP,BBS5,0.0008624253021092
NFKBIE,RP11-275I4.1,0.0008601048836004
TYK2,AL049829.1,0.0008587517425702
CTSA,RP11-276E15.4,0.000858183062188
PLEKHM2,CGN,0.0008567861934031
BTBD6,RP11-722E23.2,0.0008557391156349
F2R,HM13-AS1,0.000854417285777
EIF4EBP1,LIF,0.0008539313795925
MTMR11,CTD-2620I22.7,0.0008533853990494
FCRL6,ESPL1,0.0008465692321729
RAD54L2,LONRF2,0.0008415994600781
UPK3A,CLDN23,0.000837165146462
NUP214,EPN2-AS1,0.00083602418703
STXBP2,LIF,0.0008334374616708
FTL,AC015971.2,0.0008332270650138
HSCB,RP11-106M3.3,0.0008312266736258
MXD1,CAPN9,0.0008310198415263
ZNF362,C1orf101,0.0008308495768029
CD79A,GYPE,0.0008265684538232
SLC46A2,CLDN23,0.0008245667617293
TULP3,C2orf48,0.0008245088158537
NKG7,C2orf48,0.0008208216392386
GZMH,IQSEC3,0.0008207924555214
SLC10A3,RP11-787I22.3,0.0008199251133299
NLRP7,HM13-AS1,0.0008190790201435
CTSS,PSD3,0.0008180719048033
RSAD2,AC079354.5,0.0008146304045439
AOAH,HM13-AS1,0.0008146198690665
IL4R,XX-FW83128A1.2,0.000811303139222
LRCH3,HM13-AS1,0.0008105197444333
PFN1,RP11-665G4.1,0.0008084968686256
IFITM2,MST1R,0.0008079381620133
CSF2RA,RIPK4,0.0008071096243907
SIN3A,C17orf96,0.0008055162579206
C1orf21,FZD8,0.000802530444059
UBXN6,RP11-686D22.4,0.000801758263374
IL8,AGAP9,0.0008008794291403
KIF2A,LONRF2,0.0007971258358714
MT-CO1,NODAL,0.0007938117987184
MYOM2,RP11-769O8.2,0.0007935858138681
MYBL1,AC108025.2,0.0007907644864179
SMCO4,EPN2-AS1,0.0007906841585206
IFI27,RP11-423C15.3,0.0007868225060013
ITM2C,RP11-665G4.1,0.0007862531004099
SLC31A2,AC079354.5,0.0007855860686471
IFITM2,RP11-511B23.2,0.0007849131070086
PRR5L,SNRK-AS1,0.0007799855440476
COTL1,RP11-29H23.4,0.000776047939971
SH3BP5L,RP4-635E18.7,0.0007759627829331
SNORD3A,C1orf101,0.0007746313843574
LACE1,RP11-314C16.1,0.0007746071191389
DTX2,CLDN22,0.0007745386856129
PHF21A,RP11-722E23.2,0.0007735468772882
RPL34,RP11-276E15.4,0.0007703044637572
NHLRC1,GRIN2C,0.0007676031538823
JUN,CTC-498J12.3,0.0007669664415469
SLC26A6,NODAL,0.0007669360843192
TBC1D10B,SNRK-AS1,0.0007635790759715
ALOX5AP,AC009312.1,0.0007626585897649
HLA-DQA1,RP11-29H23.4,0.0007626548867076
MLXIP,NLGN3,0.0007610421401421
LRBA,ACTG2,0.0007589113698637
ACTN1,C11orf45,0.0007584790147168
JOSD2,GRIN2D,0.00075831402573
SCAMP5,RP11-423C15.3,0.0007579276668134
HLA-DRB1,HM13-AS1,0.0007538071807153
ARHGAP4,CASC2,0.0007532312980807
LINC01137,RP11-54O7.1,0.0007519166690412
IL32,RP11-787I22.3,0.000751747138074
MT-ND2,LIF,0.0007503105822561
NNT,S100A3,0.0007482380897311
RAB11FIP1,FZD8,0.0007433944202524
ZBTB16,FOXE1,0.0007379954381777
LTBR,AC079354.5,0.00073536697633
GSTO1,ACTG2,0.0007348731901103
CD8B,ZFHX2,0.0007334806608379
APOL2,RP11-686D22.4,0.0007326421373587
TSC22D1,AC108025.2,0.0007284325317106
FAM129A,RFX8,0.0007240470482548
GZMB,AC079354.5,0.000723618041674
SUPT6H,RFX8,0.0007196399504513
GZMA,RP11-118K6.3,0.0007170506864376
RNASEK,RP11-275I4.1,0.0007158967465176
ENDOD1,PDE1A,0.0007156123558632
FOXK1,RP11-505P4.7,0.0007153649710339
RP11-156E8.1,C17orf96,0.0007151962278719
MICAL2,CTC-523E23.1,0.0007147794591872
PLA2G16,RP11-225B17.2,0.0007145633581094
LIMS1,RP11-423C15.3,0.0007113488897096
CD7,RP11-328C8.4,0.00071101116122
PPM1A,RP11-722E23.2,0.0007106267443114
BIRC3,CTD-2081C10.7,0.0007084668936255
JUN,HCG20,0.0007080041135586
ENKD1,STRIP2,0.0007071620033213
GFI1B,PSD3,0.0007022998869873
HLA-DPA1,RP11-314C16.1,0.0006996493255028
STMN1,ACTG2,0.0006980482055887
CTSS,CXCL10,0.0006970151067428
DENND5A,JAG2,0.0006943891477125
SETD1A,RP11-81H3.2,0.0006921763413629
MALAT1,RP4-635E18.7,0.0006912396200423
NFKBIA,LHX1,0.0006912326311297
FGFBP2,MST1R,0.0006901058895349
CTIF,RFX8,0.0006897693350629
HIST1H1B,NODAL,0.0006871339853228
TP53,PTPRR,0.0006831379396615
ITSN1,AGAP9,0.0006822206843387
TUBB4B,COL1A1,0.0006815736924922
LRIF1,RP11-328C8.4,0.0006810007828687
ACTN1,RP1-261D10.2,0.0006756566285867
JUN,RP11-358L4.1,0.0006749497810522
PEX11A,RFX8,0.0006748766603399
BLK,RP11-314C16.1,0.0006742443559013
GPATCH2,EPAS1,0.0006738026724767
CTSA,HSPA12B,0.0006737393584799
KIAA0040,RP11-328C8.4,0.0006734260667502
ABCA2,AGAP9,0.0006714769659022
JUN,RP11-54O7.1,0.0006683647222297
EPB41L2,NODAL,0.0006668991445188
DUSP6,ZNF572,0.0006660863018087
RPP25L,CAPN9,0.0006654755047531
MB21D1,ARNTL2,0.0006650572945828
TCHP,RP11-420L9.5,0.0006646487317681
IRF7,RIPK4,0.0006633612850082
GALNT7,ARNTL2,0.0006626246014114
RP11-295P9.3,ESPL1,0.000658979464957
MATK,UNC13A,0.0006581269480394
GPX1,RP11-29H23.4,0.0006580116140031
SCAPER,CXXC4,0.0006573836278515
TMEM141,IL17A,0.000656468193
LAG3,ARNTL2,0.000656365938596
ATP13A3,HBA2,0.0006555489799421
ZBTB38,RP11-225B17.2,0.0006553403873041
IFI6,PAPL,0.0006535801784887
CD79A,CTD-3224K15.3,0.0006515227457461
ASCL2,RP11-275I4.1,0.0006508953343721
MXD1,IQSEC3,0.0006507262410335
HLA-A,RP11-665G4.1,0.0006501920888137
BRI3,RP11-29H23.4,0.0006498099430565
IGFBP7,CSN1S1,0.0006463905588827
RASSF4,S100A3,0.0006460854618977
RUFY1,HM13-AS1,0.00064516711345
HLA-C,GYPE,0.0006440618659261
RSU1,RP11-168O16.1,0.0006416160447279
HHEX,CTD-2620I22.7,0.0006401606001723
RP11-85A1.3,LIF,0.0006397250833458
XCL1,RP11-118K6.3,0.0006392537872136
MARCH2,EPAS1,0.0006389187297964
TUBA8,GRIN2C,0.0006367122393116
RUNX3,CTD-2081C10.7,0.0006352881772859
PLXNB2,RP11-511B23.2,0.0006351706150262
ECE1,HCG20,0.0006350859236807
TRIM24,CTRC,0.0006346078898678
KLRC1,FZD8,0.0006342614279483
BID,AFAP1L1,0.0006329393492944
VIM,RP11-328M4.2,0.0006322752860176
C7orf50,EPN2-AS1,0.000630213419245
CSF3R,CLDN23,0.0006296521599724
WASF2,CTD-2620I22.7,0.0006292314885273
IER3,SIAH3,0.0006286421387369
SNAP23,KRBOX1-1,0.0006279340914559
MATK,HBA2,0.0006264640606616
HLA-DQA2,EPN2-AS1,0.0006250194891994
IL2RB,AC000068.5,0.0006246973449641
BRD3,WFDC3,0.000623828652881
TMEM159,RP11-314C16.1,0.0006220467486839
PLEKHF1,RP11-328C8.4,0.0006213372487313
IQGAP2,RP11-787I22.3,0.0006211987820445
SEMA4A,RP11-196O16.1,0.0006208090602855
LIMS1,SEZ6,0.000616983265093
CHD8,AFAP1L1,0.000616695297259
DYNLT1,RP1-261D10.2,0.0006156726404744
DUSP23,CTC-523E23.1,0.0006143065312909
SPHK1,AC000068.5,0.0006142000657962
TK1,STRIP2,0.0006141675544989
TTL,PSD3,0.0006120996797497
WASF2,GABRD,0.0006118625698781
SMARCD2,VSTM2B,0.0006092563607668
MFSD2A,RHOV,0.000608903217828
HIST1H2AC,CAPN9,0.0006069143978777
MZB1,HM13-AS1,0.0006050845160961
GLIPR1,RP1-86C11.7,0.0006050094914946
KLRB1,RP4-635E18.7,0.0006043853400648
FCER2,RP1-261D10.2,0.0006008494240623
FTL,AGAP9,0.0006007196247926
ZYX,RP4-635E18.7,0.0005999261958538
PLEKHF1,SNRK-AS1,0.000599700707674
CD72,CTD-2620I22.7,0.0005995675798492
TMEM205,GYPE,0.0005990735890662
IFI27L2,RP11-362K14.7,0.0005968943977914
KIAA0368,RP11-524F11.2,0.0005962797119506
CCL3,RP11-314A20.5,0.0005958214799457
LRRC25,FAM225A,0.0005951022974216
OAZ1,RP11-328C8.4,0.0005941114950065
APOBEC3G,RP11-225B17.2,0.0005937327277262
MATK,RP11-358L4.1,0.000592899972876
SMPD3,CYB5R2,0.0005927437769527
FAM217B,CTD-3224K15.3,0.0005914524202459
RP11-427H3.3,AL049829.1,0.0005909937848297
TMSB10,RFX8,0.0005906016266715
PLOD1,GRIN2D,0.0005894656728234
BCL3,RP11-362K14.7,0.00058821894623
NRROS,SIAH3,0.0005881390097665
UBE2Z,RP11-686D22.4,0.0005873521663407
APMAP,RP11-106M3.3,0.000586597962863
RP11-85A1.3,AC015969.3,0.0005849948197238
R3HDM2,DNAH12,0.0005846056131172
PDCD7,FAM47E,0.0005837848776405
MYO9A,HCG20,0.0005826921524776
TYMS,RP11-769O8.2,0.0005805191604104
TREM1,GYPE,0.0005790300080587
PACSIN2,RP11-276E15.4,0.0005764242317665
SNAI3,HCG20,0.0005753817595532
LTB,AC000068.5,0.0005751495896668
RGS2,RP11-275I4.1,0.0005737337468735
BRD3,MST1R,0.0005721403009427
WASF2,RIPK4,0.0005720074405081
LILRB1,LHX1,0.0005719938709974
NFE2,WFDC3,0.0005710336076116
HIST1H1C,AC016738.4,0.0005709782886486
RELB,RP4-677H15.4,0.0005652946008403
FGR,RP11-325I22.2,0.0005640407499952
ZC3H13,AL049829.1,0.0005591931425889
AP4S1,LINC00951,0.0005588690922214
NREP,C17orf96,0.0005545168298752
IRF5,RP11-106M3.3,0.0005543742040655
AC104655.3,RP11-511B23.2,0.0005541587618753
HES4,RP11-511B23.2,0.0005531130444886
FAM26F,RHOV,0.0005505405136589
IL2RB,CTD-2081C10.7,0.0005480606374882
DTX2,LINC00951,0.0005455698385174
CHD6,RP11-420L9.5,0.0005454897935483
PRKAR2A,RP11-81H3.2,0.0005424993557517
SMCO4,SIAH3,0.0005423883030957
LMNA,LIF,0.0005393648777771
IER2,LHX1,0.0005384180549107
IFI27L2,HCG20,0.000535695467357
MARCH2,HM13-AS1,0.0005346206622192
SH2D2A,VNN3,0.0005341278467264
SMARCD2,C1orf111,0.0005328882700719
C1orf35,RIPK4,0.0005325626332256
CORO1C,CTC-523E23.1,0.0005323734154868
TET3,RP11-196O16.1,0.0005316389431926
CYP27A1,RHOV,0.0005305621850992
ZNF782,HBA2,0.0005299115058065
B2M,CASC2,0.000526998214478
IL15,GRIN2D,0.000526701077701
SLA,BBS5,0.0005258562335517
MS4A7,RP1-261D10.2,0.0005256911481407
GZMH,RP4-677H15.4,0.0005248368745858
KIF2A,RP1-86C11.7,0.000524239067529
CD81,HM13-AS1,0.0005216576363729
RP11-65J3.1,FAM225A,0.0005215185590967
MALAT1,CTD-2620I22.7,0.0005195014430127
ALOX5,RP11-511B23.2,0.0005175379688827
SRPK2,MPP4,0.000517211572252
FYN,AGAP9,0.0005166785015056
TIGIT,RP11-54O7.1,0.0005157694223261
TMSB10,CTC-523E23.1,0.0005124136788701
CYB561A3,LINC00638,0.0005091644583413
BRD3,HCAR1,0.0005091266140469
LIMS1,AC009312.1,0.0005077058436244
TMEM159,HM13-AS1,0.0005066590458203
IL17RA,MTTP,0.0005035890458981
LILRA4,HSPA12B,0.0005026447693167
HEBP2,AFAP1L1,0.0005009074767685
ZNF683,CXXC4,0.000499225003994
TBC1D10B,ARHGEF28,0.0004985639782783
C14orf80,LHX1,0.0004971780201122
PITPNM1,CTC-523E23.1,0.0004958660675655
CORO1C,FAM225A,0.000494445062451
HLA-DQB1,CTD-3224K15.3,0.0004933855016609
ATP2A2,CCR8,0.0004933027363614
TLN1,RP4-677H15.4,0.0004932115521358
NUP214,CTC-523E23.1,0.0004920056904693
GNLY,MTTP,0.0004889018092452
FCRLA,CTD-2620I22.7,0.0004886396618487
ENDOD1,AC108025.2,0.0004879773052624
CD19,AC000068.5,0.0004876341228521
S1PR5,AC015969.3,0.0004875305940577
USP28,C17orf96,0.0004873062382622
MMP23B,LHX1,0.0004871797230472
APOBEC3G,SNRK-AS1,0.0004820704033206
WBP2,RP11-328C8.4,0.0004808827064301
PLAC8,AFAP1L1,0.0004808546028412
AOAH,RP11-362K14.7,0.0004777955927324
DUSP23,MPP4,0.000477172534868
RP11-872J21.3,RP11-713D19.1,0.0004747520186936
TMEM205,RP11-686D22.4,0.0004745946535174
BIRC3,RP11-29H23.4,0.0004737351943262
LYAR,RP11-358L4.1,0.0004734090864108
HLA-DQA2,CTD-2620I22.7,0.0004732876378793
PLXDC2,CLDN23,0.0004726715722206
ATG10,HM13-AS1,0.0004718127133141
CXorf21,FOXE1,0.0004712017811048
PRDM15,C1orf111,0.0004695077273403
MOSPD2,RP1-261D10.2,0.0004638376496874
SMCO4,RP11-325I22.2,0.0004627829607455
IGF2R,RP11-325I22.2,0.0004619919739719
CLEC7A,AC015971.2,0.0004612687230324
PASK,RFX8,0.000460563067768
SCAPER,SEZ6,0.0004599859122476
CCR10,AL049829.1,0.0004589096653007
LINC00152,RP11-54O7.1,0.0004588966726982
F13A1,CLDN23,0.0004583831480835
LAIR2,MST1R,0.0004575684685922
RP11-291B21.2,AC108025.2,0.0004544877630494
PKN2,RP11-118K6.3,0.0004541239463311
GALNT2,RP4-677H15.4,0.0004521841625598
MGLL,GRIN2D,0.0004520550981086
SFSWAP,MST1R,0.0004512902800392
SETD5-AS1,RP4-635E18.7,0.0004512150974329
TNNT1,AC015969.3,0.0004505231376868
MYBL1,AC079354.5,0.0004501420875428
MXD4,RP11-787I22.3,0.0004481781426775
ZG16B,CLDN23,0.0004479711612089
TMSB10,HBA2,0.000447635200822
KIAA1715,AC009312.1,0.0004445955778734
PMAIP1,CTD-2081C10.7,0.0004395264480641
HIST1H1C,CTC-503J8.4,0.000437252515463
S100A11,TMEM105,0.0004365448905793
PPP2CB,ACTG2,0.0004364117139989
AIF1,CLDN23,0.0004359833897745
KRIT1,IL17A,0.0004337707400288
ZNF593,RP11-420L9.5,0.0004300664833897
LMO2,CTD-2620I22.7,0.0004299364110519
FCGR3A,CLDN22,0.0004292320638208
ZNF503,RP4-655J12.4,0.0004277227666027
LINC01137,CTD-2619J13.3,0.0004273591717877
CPVL,DNAH12,0.0004270646078571
KIF1B,AC015969.3,0.0004253740475803
IL3RA,HSPA12B,0.0004246062564045
CTSS,RP11-362K14.7,0.0004237766122819
PLEKHF1,VNN3,0.0004213288390606
RP11-291B21.2,AFAP1L1,0.0004204434496567
MTMR11,AC015969.3,0.0004179609305093
GSN,GSG2,0.0004176676240382
GGA1,RP11-168O16.1,0.0004139208909966
EXD3,CAPN9,0.0004136693257567
PPIF,IL17A,0.0004118133092668
RPGR,RP11-196O16.1,0.0004111536574892
CDKN2D,AC015969.3,0.0004092525835916
PRR5L,RP11-81H3.2,0.0004087313691602
PLAUR,GRIN2C,0.0004079082872912
ZNF683,SNRK-AS1,0.0004069470627573
EED,RFX8,0.0004058050026045
TTC38,NLGN3,0.0004041259061202
MT-ND1,RP4-655J12.4,0.0004039493456376
SLA,DDR2,0.0004025192978743
MT2A,HSPA12B,0.0004019574115505
GPX1,IL17A,0.0004009536842283
MNDA,CLDN23,0.0003987268633159
KLRC1,PDE1A,0.0003987187214282
COTL1,ACTG2,0.0003979881701796
ZCCHC17,VNN3,0.0003979045816818
PILRA,CLDN23,0.0003967345168428
CD151,RP11-167N5.5,0.0003960676289903
FTH1,STRIP2,0.0003949175679545
PNPLA6,ELMOD1,0.0003944185681239
CD72,AL049829.1,0.0003943371521185
CKAP5,RP11-81H3.2,0.0003925906926646
MALAT1,AC108025.2,0.0003923525611232
AP1S2,HCAR1,0.0003916255462492
HLA-C,HM13-AS1,0.0003913629838019
TMSB4X,RP4-655J12.4,0.0003901130420746
IL2RB,RP11-722E23.2,0.0003899951786123
GGA1,AP3B2,0.0003887757845845
ASGR2,RP4-655J12.4,0.0003886007486619
DPP3,AC009312.1,0.0003874703257227
SIN3A,MTTP,0.0003872032968939
HLA-DRB5,HBA2,0.0003869157025861
TMEM205,HM13-AS1,0.0003865379423452
DNAJC5,CGN,0.0003856266151768
OAZ1,RP11-81H3.2,0.0003847116936597
LGALS3,GJC2,0.0003822779800689
CSNK1G2,RP11-325I22.2,0.0003820855738672
GSTO1,GABRD,0.0003816340332042
SMCO4,KCNK5,0.0003777560325678
HLA-DMB,RP11-511B23.2,0.0003776347040311
PPM1J,CXCL10,0.0003771045682678
MED14,AC108025.2,0.0003718931489755
NAP1L5,RP11-314C16.1,0.0003711460523669
CTSA,IQSEC3,0.0003711141974788
MAX,RP1-261D10.2,0.000369725643718
IL1RN,RHOV,0.0003694933205155
SCRN3,CGN,0.0003690716435766
ZNF529,C17orf96,0.0003688939103216
HLA-DPA1,EPN2-AS1,0.0003678199111304
MT-ND2,RP11-314A20.5,0.0003674184290492
LST1,FAM225A,0.0003671303309795
CD8A,HCG20,0.0003655153018251
C12orf75,GABRD,0.0003629613416342
AHNAK,SNRK-AS1,0.000362920609119
MB21D1,RP11-665G4.1,0.0003627609370344
C11orf74,C17orf96,0.0003625147166886
TNFRSF1A,AGAP9,0.0003610034812065
FTL,GABRD,0.0003608484594343
PSAP,CTC-498J12.3,0.0003601196679558
RAMP1,CLDN22,0.0003579428134274
NCF1,CTD-2620I22.7,0.0003570355577037
PYCARD,MPP4,0.0003563303633068
ZDHHC1,IL17A,0.0003553168020849
PTPN18,VNN3,0.0003544618902841
TSPO,RP4-635E18.7,0.0003544581792371
LUCAT1,ESPL1,0.0003518309685567
RP1-197B17.3,AGAP9,0.0003512493072158
PSRC1,STRIP2,0.000350080151287
RUFY1,RP11-168O16.1,0.0003486697227178
NUSAP1,ACTG2,0.0003480956570749
GNGT2,RFX8,0.0003469602480678
GABBR1,RP11-362K14.6,0.0003450944002801
HLA-DQB1,FOXE1,0.0003449017019773
RP11-222K16.2,MTTP,0.0003448863354335
NFKBIA,RP11-524F11.2,0.0003427716973819
GRAMD4,C1orf111,0.0003406994668478
CTNNA1,RP11-505P4.7,0.0003373564593417
TMEM91,AFAP1L1,0.0003369457255465
TSPAN2,AC000068.5,0.0003359156692047
DGKZ,MPP4,0.0003345344466426
IFT81,EPN2-AS1,0.0003316086785629
SLC7A7,CXCL10,0.0003306536532215
NELFB,HM13-AS1,0.0003297383178384
DUSP23,PLCD4,0.0003293480164753
TMSB4X,MTTP,0.0003281607927362
LTB,AC009312.1,0.0003278331832879
ATF3,GYPE,0.0003278036017773
PASK,ACTG2,0.0003274909086604
MIR4453,EPN2-AS1,0.0003268352685262
SULF2,GYPE,0.0003264311540551
GPX1,RP11-713D19.1,0.0003260117809889
MS4A7,C17orf96,0.0003252596759495
DNAJC1,IQSEC3,0.0003236441549568
CTSD,HSPA12B,0.0003230426162201
C4orf48,LIF,0.0003219720960233
LRBA,RP11-362K14.7,0.0003214139324116
ACTB,RFX8,0.0003203408169948
TACC1,KRBOX1-1,0.0003178002481217
CHD6,HBA2,0.0003176018611248
CXXC5,AGAP9,0.000317398132507
UBE2V2,RP11-314A20.5,0.0003137271456152
IL32,AP3B2,0.0003118546107439
KIF2A,CASC2,0.0003116538666457
RILP,RP11-505P4.7,0.0003106374141818
TPM4,CTC-523E23.1,0.0003098378952756
S1PR5,RP3-323N1.2,0.0003091577827082
MAFB,AC015969.3,0.0003091331884578
CLIC3,HM13-AS1,0.0003089334075639
MYOM2,RP11-325I22.2,0.0003088524507438
SECTM1,FAM225A,0.0003083937064665
PSAP,AGAP9,0.0003047893544555
GALNT6,RP11-196O16.1,0.0003046037989125
TSPO,PTH2,0.0003028312643166
LYAR,RP11-196O16.1,0.0003006064570701
KLF6,DNAH12,0.0002999680459148
VCL,PTH2,0.0002995599541884
POMC,RP11-314A20.5,0.0002985100661916
VMO1,CTD-2620I22.7,0.0002976300717819
ATG2A,ELMOD1,0.0002962471556476
RP11-156E8.1,RP1-261D10.2,0.0002947089404861
ENTPD1-AS1,ESPL1,0.0002945151052998
CDKN2D,RP11-328C8.4,0.0002935390566448
LINC00996,RP11-423C15.3,0.0002932949501833
AKAP9,IQSEC3,0.0002929689198848
MT-ND1,RP11-81H3.2,0.0002903570285243
CCL3L1,RP4-655J12.4,0.0002888007663475
SFSWAP,CAPN9,0.0002884978346387
EED,RP11-196O16.1,0.0002881469844568
ALOX5AP,LONRF2,0.0002869991577095
IFITM2,RP11-81H3.2,0.0002858178811358
IRF5,RP11-511B23.2,0.0002853988891858
FGR,CSN1S1,0.0002853138709052
B2M,EPN2-AS1,0.0002852848396804
HLA-DQA1,RP3-323N1.2,0.0002830237321117
MYO1F,MST1R,0.0002810293182866
NCF1,RP11-423C15.3,0.0002800250458855
LGALS1,CTD-3224K15.3,0.0002796024574113
HLA-C,SNRK-AS1,0.0002780214035628
TIMP1,CTC-523E23.1,0.000276398205026
CCDC88B,RP11-314C16.1,0.0002739599341528
ZEB2,RP11-524F11.2,0.0002731514063847
AIF1,RP4-635E18.7,0.0002727525815477
PASK,FAM47E,0.0002724119977745
ANKIB1,LONRF2,0.0002702844569018
MAPKAPK2,IQSEC3,0.0002675862016328
BRD2,CSN1S1,0.0002644493818916
PRSS23,C17orf96,0.0002639861082477
CBX4,AC108025.2,0.0002635651542861
S1PR5,CLDN22,0.0002616846247672
DOCK2,FZD8,0.0002612604633683
GCHFR,CTD-2081C10.7,0.00026044564041
TSPO,LONRF2,0.0002596245184301
CDYL,RP11-423C15.3,0.000258515003453
KIAA1598,EPN2-AS1,0.0002584105362571
C1QA,GYPE,0.0002569052214338
MT-ND1,AC016738.4,0.0002568918891605
RHOQ,HSPA12B,0.0002563512201418
PRKCDBP,GSG2,0.0002540344679531
PACSIN2,FAM47E,0.0002536281705687
R3HDM2,ELMOD1,0.0002533877297238
PVRL2,RIPK4,0.0002527924927288
MYO15B,C1orf111,0.0002519639587241
TCHP,CGN,0.0002489641854888
FAM221B,RP11-196O16.1,0.0002489134897318
MT-ATP6,C17orf96,0.000248102440306
BRD2,RP11-314C16.1,0.0002441574750769
BRD2,RP11-769O8.2,0.0002432467228519
FCER1G,CLDN22,0.0002409487500027
FERMT3,RP11-167N5.5,0.0002396882052632
RP11-849F2.8,RP11-314C16.1,0.0002380033870209
FCGR3A,MST1R,0.0002374524396799
AL022341.3,NODAL,0.0002358045175741
NLRP7,NODAL,0.000235657366099
PRR3,RP11-524F11.2,0.0002342825745461
XCL1,RP11-686D22.4,0.0002337374039535
IER2,ZFHX2,0.0002321180083363
GIGYF2,RFX8,0.000231827732185
CELF1,TMEM105,0.0002313668014992
NCR3,RP11-328C8.4,0.0002313470603542
IFITM2,FAM47E,0.0002296462696749
CD68,CLDN23,0.0002287890465199
IGLL5,RP4-677H15.4,0.0002286356964045
WDHD1,RP11-769O8.2,0.0002285897944786
RPAP3,CGN,0.0002284585242025
PTPRE,RP11-713D19.1,0.0002269915120536
KIAA2013,CLDN22,0.0002264436622974
DGCR2,AC016738.4,0.0002250281147356
PARVB,LIF,0.0002242373070224
ARHGAP10,AC108025.2,0.0002239032628111
RP11-291B21.2,RIPK4,0.0002227246941658
GALK1,CTD-2619J13.3,0.0002222435698661
BATF,RP11-275I4.1,0.0002222247616193
CD36,RP11-196O16.1,0.0002219215485882
FTL,LYPD2,0.0002211438754263
RBP7,CTD-2620I22.7,0.0002206644737783
ANXA2,RP1-86C11.7,0.0002189121521662
FGD4,S100A3,0.0002188987985181
ARHGEF9,RP11-524F11.2,0.000218591384419
RPL34,MTTP,0.0002179039937702
S100A6,RP11-167N5.5,0.0002169885021223
MKI67,LHX1,0.0002167928148085
SETD5-AS1,AGAP9,0.0002161994515756
PGRMC1,RP11-196O16.1,0.0002159822377106
C4orf48,CTD-2081C10.7,0.0002149574651119
APOBEC3G,RP11-328C8.4,0.0002138027001949
TSPO,FOXE1,0.0002129880069566
SLC7A7,CTD-2620I22.7,0.000211927404338
HLA-A,RP11-168O16.1,0.0002115115592375
MXD1,AC108025.2,0.0002113095588267
TMCO3,C1orf111,0.0002111057044968
HLA-DPB1,DNAH12,0.0002102469849426
FOSB,RP3-323N1.2,0.0002097569884349
KPNA6,RP11-665G4.1,0.0002097001746461
TSPO,SIAH3,0.0002088599280561
PTGER2,VNN3,0.0002080380337783
TET3,STRIP2,0.0002080110648942
PDLIM1,ADAM20,0.0002074392699455
CST7,IQSEC3,0.0002068933703396
IQGAP2,EPN2-AS1,0.0002063374093961
PDZD8,IL17A,0.0002052841923284
NPC2,RIPK4,0.0002049514091808
XPNPEP1,LIF,0.0002046685301412
C11orf83,DNAH12,0.000204231510013
MAP10,GYPE,0.0002034516603624
SDSL,RHOV,0.0002032254051746
SRPK2,RP11-168O16.1,0.0002030979092769
S100A4,RP4-655J12.4,0.0002024571862933
TNFRSF8,GYPE,0.0002015485143341
MT-CO1,RP11-81H3.2,0.0002009862522313
RASGRP4,GRIN2C,0.0001995569088601
C1QA,AC079354.5,0.000198456709692
ARID5A,IL17A,0.000197892642999
EPHB6,CGN,0.0001959108068323
APLP2,DNAH12,0.0001953095477938
PLOD1,RP11-196O16.1,0.0001952939264892
SOCS4,ESPL1,0.0001948285720178
AKAP9,CAPN9,0.0001945599857628
HLA-C,RP11-665G4.1,0.000194247378773
TIMP2,GYPE,0.0001940333845195
TMEM140,PTH2,0.0001928891873359
ANXA2,RP11-787I22.3,0.0001928252628652
GNAI2,GSG2,0.0001925666278242
IGFBP7,CTD-2619J13.3,0.0001904859181662
CD151,RP11-325I22.2,0.0001903185030106
MALAT1,IQSEC3,0.0001890938368165
MT-ND1,AP3B2,0.0001875415009492
CTSA,RP11-54O7.1,0.0001872605058543
CLEC4G,DNAH12,0.000187221259659
LAG3,ADAM20,0.0001867896106115
XCL1,HCG20,0.0001867741099112
VIM,RP11-118K6.3,0.0001861436937363
MAP10,RP11-196O16.1,0.0001855433671489
PYHIN1,LIF,0.0001855240807509
HLA-A,RP11-420L9.5,0.000185421309236
LIMS1,RP11-665G4.1,0.0001831207645096
RASSF2,RP1-261D10.2,0.0001823995318982
OASL,RFX8,0.0001823120867486
PRSS23,ACKR2,0.0001816999934047
C1QC,RP11-420L9.5,0.0001808602234079
PTCRA,RP11-423C15.3,0.0001762654175765
CLEC10A,RP3-323N1.2,0.0001749537825271
IFI6,RP11-167N5.5,0.0001741311707671
TIGIT,RP4-677H15.4,0.0001738500326698
BRD2,AC016738.4,0.0001728381145592
SAT1,HM13-AS1,0.0001726701208644
KIAA0040,KCNK5,0.0001720850260818
ZEB2,IQSEC3,0.0001714229143516
FGR,RP11-328M4.2,0.0001707379977047
PTGDS,RP11-358L4.1,0.000170674640031
CXCR3,RP11-358L4.1,0.0001701015882185
ADAM15,FOXE1,0.0001697862006127
PLEC,HM13-AS1,0.0001696974504762
ACTB,STRIP2,0.0001696609369206
PRKCDBP,RP11-769O8.2,0.0001695735624523
CCDC82,LIF,0.0001692366383354
VAV3,PDE1A,0.0001690412367445
NT5C3A,MTTP,0.0001673576719509
POU2F2,ACKR2,0.0001673201858458
SH2D1B,CTRC,0.0001672474322763
C12orf75,FAM47E,0.0001647367849456
RHOC,VNN3,0.0001637741161722
UBR4,RP11-328C8.4,0.0001633952347169
HLA-DPA1,RP3-323N1.2,0.0001629703601428
MAPKAPK2,RP11-505P4.7,0.0001621172373047
EPHB6,RP11-358L4.1,0.0001602180414313
SERPINF2,EPN2-AS1,0.0001599618077602
SNORD3B-2,PDE1A,0.0001594496436193
NAGA,RP11-665G4.1,0.0001593735669802
VIM,CASC2,0.0001589838422899
MFSD12,RP11-314C16.1,0.0001579001143616
H1FX,FAM47E,0.0001578181069519
MT-ND2,AC016738.4,0.0001575287603362
USP28,CLDN22,0.0001574684786378
NIN,RP11-54O7.1,0.0001574215613165
ITGAL,ADAM20,0.0001564821319812
ARHGEF12,GYPE,0.0001558515556282
TNFRSF1B,RP4-677H15.4,0.0001558155811179
KLRB1,HBA2,0.0001557053485697
TMSB10,FOXE1,0.0001557053418217
SLA,RP11-328M4.2,0.0001555443763392
PARPBP,RP11-769O8.2,0.0001554467036746
GAS6,RP4-655J12.4,0.0001553106619918
MIDN,AGAP9,0.0001550883265935
HLA-DQA1,RIPK4,0.0001550426188894
PCSK6,AGAP9,0.0001550326932552
WBP2,RP4-677H15.4,0.000154967056671
GZF1,RP11-314A20.5,0.0001543105953645
DNASE1L3,EPN2-AS1,0.0001534848410535
LRIF1,GYPE,0.0001527230817762
RSF1,TMEM105,0.0001525394309703
GAB3,RP11-358L4.1,0.0001521045215293
CWC25,ELMOD1,0.0001518762915286
MALAT1,WWC2-AS2,0.0001516015025276
TOX2,ESPL1,0.0001514275624574
SGK3,C1orf111,0.0001512654334431
CLCN6,CLDN23,0.0001503866464467
DPCD,EPN2-AS1,0.0001502821898537
ADAR,MTTP,0.0001488453696458
MYL6,RP11-168O16.1,0.0001485009583648
TNFRSF18,FAM47E,0.0001484211223263
ITGAX,HCG20,0.0001483111707082
MGST1,VNN3,0.0001480749598304
SLA,CTD-3224K15.3,0.0001477237606381
PDCD7,JAG2,0.0001472644420501
PC,ACTG2,0.0001470902081594
CCL4,SNRK-AS1,0.0001466225060505
TNK2,FAM47E,0.0001464994019404
PMAIP1,CLDN22,0.0001459934703851
RSU1,RP11-505P4.7,0.0001455557156186
TTC27,RP11-314C16.1,0.0001447784327922
ZNF577,VNN3,0.0001442253682317
JOSD2,MST1R,0.000144077897763
TMSB10,RP11-505P4.7,0.0001439678875424
RP11-326F20.5,RP11-54O7.1,0.0001437189307542
FCRL6,MPP4,0.0001434960480863
ATP2A2,C1orf111,0.0001432407803134
CYB561A3,FZD8,0.0001428125064179
ZNF598,RP11-524F11.2,0.0001426261076353
ZNF618,EPN2-AS1,0.0001421747568228
NIN,CTD-2619J13.3,0.0001420236941557
TP53BP2,C1orf111,0.0001409138492485
TMSB4X,HCG20,0.000140351988422
MEGF9,PTPRR,0.0001398795813139
FOS,LONRF2,0.000139461579212
OS9,CTD-3224K15.3,0.0001391932627048
UBE2F,LONRF2,0.0001390809869102
PRR24,RP11-314C16.1,0.0001384476735973
TUBA4A,CTD-2081C10.7,0.0001377150494726
IL1RN,RP11-420L9.5,0.0001374978249679
ZC3H13,RP11-787I22.3,0.0001370670364055
LILRA3,GRIN2C,0.0001364941773676
LRIF1,CAPN9,0.0001363070736738
RP11-334C17.5,RP11-423C15.3,0.0001360544459359
MYO1F,RP11-420L9.5,0.000135816111429
CORO1C,RP11-524F11.2,0.0001358073365709
MYBL2,RP11-769O8.2,0.0001353172187707
C10orf11,GYPE,0.0001347790076824
GNPTAB,RP11-787I22.3,0.0001344346638346
CD74,RP11-142C4.6,0.0001333514132331
TPRN,RP11-769O8.2,0.0001322336631188
GIGYF2,CLDN22,0.0001321399946552
MATK,RP11-524F11.2,0.0001315785169018
KLRG1,DNAH12,0.0001314705680914
TNFSF10,RP11-142C4.6,0.0001311661707194
MYBL1,PTH2,0.0001307706835398
DUSP1,AC108025.2,0.0001307682229376
NT5C3A,RP11-168O16.1,0.0001305840669157
GPX1,RP11-362K14.7,0.0001304026274334
TLN1,RP11-328M4.2,0.0001302433055879
CD74,CGN,0.0001299420468977
HLA-DMB,PDE1A,0.0001289968304459
IL13RA1,C17orf96,0.00012876476858
MT-ND1,ADAM20,0.0001273696873012
MKI67,RP11-769O8.2,0.0001270814348679
HTT,LIF,0.0001269423857029
ZNF230,C1orf111,0.0001267529398171
AKAP1,RP11-196O16.1,0.0001266524751239
CCDC88B,IL17A,0.0001264766812052
RP11-542M13.3,RP3-323N1.2,0.0001258798170455
IL2RB,RP11-325I22.2,0.0001257033067363
VIM,RP4-635E18.7,0.00012452696566
HLA-A,RP11-81H3.2,0.0001243164155427
FCN1,GRIN2C,0.0001233488363037
PYCARD,CTD-2619J13.3,0.0001231462198336
SYNE2,MST1R,0.0001227272179119
DNASE1L3,RP4-655J12.4,0.0001217792433342
PASK,DNAH12,0.0001213363303456
CD74,AC108025.2,0.0001211060491134
TMCO3,PTH2,0.0001208127367816
ADAR,MST1R,0.0001207669877755
PYHIN1,RP11-276E15.4,0.0001206416736703
HLA-DOB,WFDC3,0.0001200603509999
PTGDS,CTRC,0.0001195618189699
TSEN54,CLDN23,0.0001190526148938
IER5,CENPI,0.0001187868258179
GZMH,RP11-713D19.1,0.0001187280315841
KIR3DL2,RP11-358L4.1,0.0001185997189091
ADRBK1,RP11-168O16.1,0.0001181871518368
KLRC2,TRIM54,0.0001176760960379
PDCD7,AC108025.2,0.0001175424526076
GAPT,MST1R,0.0001171040722724
TUBA1C,RP11-665G4.1,0.0001168871684692
ZNF703,CLDN23,0.0001168435590392
PLXND1,CENPI,0.0001164125292629
DAPK2,TRIM54,0.0001154700552962
CD300E,CLDN23,0.0001152543351438
TMEM159,CLDN23,0.000114577552263
PREX1,LONRF2,0.0001143221501807
HIST1H2BJ,C2orf48,0.0001140361696475
GOLIM4,RHOV,0.0001137751611161
TMSB10,HSPA12B,0.000113047827599
SNORD3D,C1orf111,0.0001129472034255
ITM2C,SIAH3,0.0001128646075764
HPSE,ESPL1,0.0001118946174247
JUN,FOXE1,0.0001118360930375
SAMHD1,GJC2,0.0001111437780235
TTC7A,PAPL,0.0001108145683241
CCL5,RP11-118K6.3,0.0001101971764523
NUP188,RFX8,0.0001098779983764
S100A6,PAPL,0.0001085670010073
MYL6,LINC00638,0.0001081449464826
HIST1H2BK,RP11-787I22.3,0.0001077518111702
C11orf83,FZD8,0.0001076436212621
HPDL,LHX1,0.0001075699978432
HOXB7,LHX1,0.000107386226982
ADAP2,GRIN2C,0.0001068571624602
MITF,TMEM105,0.0001067668405372
SMPD3,CLDN23,0.0001065460264408
FCGR3A,MPP4,0.0001060201935004
CXCL3,SLC35D3,0.000106000265119
TRPC4AP,RP11-505P4.7,0.0001058194975374
CCDC82,S100A3,0.0001050188224639
RP11-160H22.3,RP11-196O16.1,0.0001049708693032
ARHGAP4,CENPI,0.000104922506924
ANXA2,RP11-505P4.7,0.0001039526392034
TIMP1,CENPI,0.0001034262803707
APLP2,GJC2,0.0001033082638704
CTD-2012K14.3,CTRC,0.000103108905354
P2RX1,HBA2,0.0001028000457947
APMAP,FZD8,0.0001025748260154
CTSH,IL17A,0.0001015634403243
MT-CO1,SNRK-AS1,0.0001015147759447
C11orf83,RP11-118K6.3,0.0001011915514572
AC005534.8,CTRC,0.0001011416772434
FTL,MTTP,0.0001011175402211
PLEKHF1,MTTP,0.000100899037573
TNFRSF1B,RP11-769O8.2,0.0001007530691423
TPST2,C1orf111,9.986485609989688e-05
NAB1,STRIP2,9.983330095380392e-05
KIF2A,RP11-505P4.7,9.981017082797944e-05
DUSP1,RP11-29H23.4,9.94590784523503e-05
GZMA,ESPL1,9.94224915429038e-05
GCHFR,RP4-677H15.4,9.931949682191728e-05
CTSS,CTC-498J12.3,9.861186477838736e-05
RAB31,RP4-655J12.4,9.778355879048072e-05
PPM1A,RP11-358L4.1,9.773255674774066e-05
GZMH,RP11-769O8.2,9.641654914689788e-05
CD63,RP4-677H15.4,9.633493036317684e-05
NKG7,CCR8,9.46272347927864e-05
BLVRB,GSG2,9.456753908743412e-05
GLB1L,RP11-414H17.5,9.451887979534428e-05
LRRC26,RP11-423C15.3,9.443120011107278e-05
TIGIT,CYP46A1,9.404367085966617e-05
LILRA4,RP11-423C15.3,9.363386699224666e-05
AGTRAP,RP11-722E23.2,9.35215250222152e-05
HLA-DMB,AC108025.2,9.331796464111102e-05
VIM,RP11-167N5.5,9.32605313948281e-05
TUBA4A,RP11-168O16.1,9.279475721468284e-05
EPB41L2,RP3-323N1.2,9.257678751908426e-05
PLAUR,MTTP,9.123671800687273e-05
SLC35E1,HM13-AS1,9.091756612992714e-05
VIM,CTC-523E23.1,9.062437199605334e-05
NGFRAP1,JAG2,9.06186792699956e-05
FRMD3,BMP6,9.018583355975882e-05
IGFBP7,C1orf111,9.01446395677813e-05
PFN1,DNAH12,8.943045944404858e-05
ARID5A,ARNTL2,8.903143994170655e-05
SENCR,CLDN23,8.893510674895729e-05
RPL34,IQSEC3,8.885814205432347e-05
LGALS1,LIF,8.854881490355598e-05
ARID5B,ELMOD1,8.84532541139077e-05
SNN,RP11-328C8.4,8.84114177825367e-05
TPM4,LHX1,8.776204716643497e-05
ARHGAP24,HM13-AS1,8.761418410501108e-05
CHAC2,PDE1A,8.74338292279115e-05
GZMH,LHX1,8.734143941157649e-05
RP11-367G6.3,MMP1,8.700543040200765e-05
F13A1,SLC35D3,8.673750437366398e-05
IL13RA1,VNN3,8.582845704571443e-05
STK32C,RP11-275I4.1,8.452839789488212e-05
CXCR3,ARNTL2,8.440922247988784e-05
DENND1B,PDE1A,8.413790721344153e-05
VAC14,RP11-275I4.1,8.281963361950445e-05
RXRA,C11orf45,8.265584780086505e-05
XCL2,C1orf111,8.233057202301915e-05
CAST,PTH2,8.190707751421201e-05
TIMP1,RP1-86C11.7,8.168486363114633e-05
TPP1,C11orf45,8.104924412938893e-05
MT-ND1,RP11-423C15.3,8.095351472771033e-05
SEPT5,RP1-86C11.7,8.059648225742678e-05
MALAT1,RP11-81H3.2,8.044467630495299e-05
TNFRSF1B,VASN,8.043702076889615e-05
TESC,RP11-196O16.1,8.003665342683746e-05
UBE2V2,WWC2-AS2,7.99639835952347e-05
LTB,AC016738.4,7.980406746610419e-05
ABI3,ACTG2,7.893118295961859e-05
PYCARD,WWC2-AS2,7.881669185691171e-05
TYROBP,RP11-358L4.1,7.867286672596305e-05
AOAH,WWC2-AS2,7.85713472451283e-05
HLA-A,AC015971.2,7.84752162634103e-05
MATK,CTRC,7.844089030716557e-05
AC137932.6,MMP1,7.842504112706559e-05
C9orf89,BMP6,7.798782271570975e-05
KLRD1,GYPE,7.792448993362081e-05
PLAC8,CTD-2619J13.3,7.788488412577761e-05
HOPX,C1orf111,7.784564131446698e-05
TMEM140,RP11-225B17.2,7.741986285916994e-05
OASL,GJC2,7.734413301503995e-05
CST7,RP11-713D19.1,7.734291111182395e-05
RTEL1-TNFRSF6B,FKBP9,7.716635365595382e-05
MATK,RP4-677H15.4,7.671218601686187e-05
PASK,RP11-81H3.2,7.619392554524484e-05
IFITM3,RP4-677H15.4,7.618418329923906e-05
LAMP5,CTD-3194G12.2,7.617984922679273e-05
ARL6,LHX1,7.55494208239459e-05
ACTB,LIF,7.549960545340568e-05
RUNX3,GCSAML,7.535307988948845e-05
C19orf33,RIPK4,7.516576615053803e-05
ICAM1,RP4-655J12.4,7.467376458468499e-05
ABI3,CLDN22,7.442012057974235e-05
SH2D2A,LHX1,7.430829862286376e-05
MT-CO1,STRIP2,7.427186583028093e-05
SLFN14,MMP1,7.332187299450104e-05
AP1S2,RFX8,7.330949391878854e-05
ACTB,RP11-225B17.2,7.302927394902421e-05
LGALS1,FKBP9,7.302532777297739e-05
C7orf50,WWC2-AS2,7.274954509525831e-05
NCF2,GRIN2C,7.258910021178034e-05
TNFSF10,FAM47E,7.212265132659147e-05
FYN,AC079354.5,7.209765533224528e-05
IER2,AC108025.2,7.201385464519648e-05
MDM1,RP11-358L4.1,7.169396826586462e-05
OAZ1,RP11-168O16.1,7.150200587165689e-05
BARD1,GYPE,7.146503604623759e-05
DNAJC1,ELMOD1,7.138252812112096e-05
SAMHD1,AP3B2,7.127979107110426e-05
TUBB4B,RP11-325I22.2,7.118713441857239e-05
RRBP1,AC079354.5,7.097772630547328e-05
LMNA,BMP6,7.083227397494045e-05
ASGR2,JAG2,7.052682134006078e-05
COTL1,RP1-86C11.7,7.028667376970153e-05
COTL1,LIF,7.001263759032229e-05
RCE1,ASB9,6.99690832353845e-05
PASK,RP4-677H15.4,6.862282458932428e-05
DHX38,AC015969.3,6.829607830034497e-05
LURAP1,SNRK-AS1,6.796499763171918e-05
PTGDS,RIPK4,6.780744535265896e-05
CLDN5,AC015969.3,6.762810234425371e-05
NXF1,SLC35D3,6.751609682424927e-05
CD79A,RP11-511B23.2,6.729637841329861e-05
ITPKC,RP11-511B23.2,6.693026316565222e-05
RGL2,CLDN22,6.62685365429956e-05
CTSA,RP4-677H15.4,6.616216544852598e-05
SNN,IL10,6.56073050733235e-05
RPLP1,AP3B2,6.559820110450621e-05
MT-ND2,RHOV,6.555440095064281e-05
CDKN2D,HSPA12B,6.528098626129636e-05
LDHC,RP4-655J12.4,6.517403706134226e-05
HLA-A,RP11-511B23.2,6.49265995378301e-05
IFI6,CGN,6.478075079560208e-05
CCER2,RP4-655J12.4,6.467929277855996e-05
KIAA2013,RP11-423C15.3,6.453621988375069e-05
HLA-DQA1,RP11-54O7.1,6.452256706477482e-05
PRRG2,FAM47E,6.450088010478354e-05
PRRG4,FKBP9,6.447783337750427e-05
NXF1,CASC2,6.434643882737371e-05
GATA2,SLC35D3,6.432725769645293e-05
CD200,HM13-AS1,6.413665825503008e-05
CD8B,RP4-677H15.4,6.374704778081558e-05
RUFY1,GYPE,6.319847453898919e-05
TK2,RP3-323N1.2,6.304774818123854e-05
CARS2,ADAM20,6.248040479349962e-05
SLA,RFX8,6.239269142896521e-05
ANKRD11,CGN,6.230128743388653e-05
RAB32,GRIN2C,6.218893067962326e-05
CD9,SLC35D3,6.190399253979351e-05
HHEX,SLC35D3,6.180567140382339e-05
PNPLA6,RP11-358L4.1,6.178148970280887e-05
TSPAN2,RP3-323N1.2,6.160824787783743e-05
PLA2G16,RP11-769O8.2,6.146480380720318e-05
LYZ,SLC35D3,6.121620055524318e-05
POLE,RP11-713D19.1,6.10732213476017e-05
MT-ND2,PLCD4,6.093458354904187e-05
PDCD7,SNRK-AS1,6.075480484210704e-05
NEAT1,RP11-787I22.3,6.068470477186149e-05
CTC-503J8.6,ARHGAP44,6.031086000715522e-05
ULK1,STRIP2,6.014864697491839e-05
MT-ND2,CASC2,6.014740336207175e-05
ARID3A,GRIN2C,6.0141253525417374e-05
KIF2A,IL17A,6.0137021559297625e-05
PFN1,ARHGAP44,6.010600138328357e-05
JUN,AC108025.2,5.9995529719290415e-05
FAM26F,SLC35D3,5.9914058071852485e-05
SDS,ADAM20,5.959369807247144e-05
FLNA,MST1R,5.926867479229795e-05
LILRB1,ACKR2,5.921307427454543e-05
FTH1,RP11-328C8.4,5.89336224568719e-05
S100A6,RP11-769O8.2,5.863539842113343e-05
GNAI2,GABRD,5.844683530055303e-05
EIF4EBP1,CGN,5.8428563557154085e-05
TSPAN9,CAPN9,5.8427621168659066e-05
SRPK2,ACKR2,5.836606776709582e-05
LAT2,RP11-328M4.2,5.801176429930684e-05
GNLY,RP11-276E15.4,5.800967351667219e-05
CSF2RA,FAM47E-STBD1-1,5.757216212068474e-05
PLD4,KCNK5,5.749929166276936e-05
FERMT3,CYB5R2,5.7475282684289125e-05
ENTPD1,RP3-323N1.2,5.7295591464211e-05
MT-ND1,CASC2,5.726984833391485e-05
SAMD14,RP1-86C11.7,5.6785469218049336e-05
MT-ATP6,PAPL,5.644937142029098e-05
BTBD6,RP11-769O8.2,5.641021980467768e-05
BIRC6,RFX8,5.63993203896225e-05
RHOC,AP3B2,5.54112256615229e-05
FAM110A,AP3B2,5.5064869755789336e-05
DUSP1,AC007036.6,5.489629306084483e-05
CFD,AP3B2,5.489471109513368e-05
ANXA2,RP11-713D19.1,5.454625916809415e-05
MDM1,CTD-3224K15.3,5.438679963941798e-05
HLA-A,CTC-503J8.4,5.427550774700878e-05
POMC,PTH2,5.425040084219142e-05
SDS,TMEM105,5.402635985548013e-05
HIST1H2BF,RP11-358L4.1,5.371011746003869e-05
AKR1C3,LINC00951,5.36387781775774e-05
FOS,LHX1,5.356964578553069e-05
SMCO4,RP11-456K23.1,5.355361226969159e-05
CST3,ADAM20,5.354910194676775e-05
IL21R,EPN2-AS1,5.334961503707232e-05
CAPNS1,KCNK5,5.331227754524348e-05
FTH1,SNRK-AS1,5.296569760005492e-05
TTL,GJC2,5.269896398570573e-05
ANKRD11,RP11-665G4.1,5.2584699729784975e-05
RSF1,SNRK-AS1,5.2326067689104905e-05
IFITM2,CLDN22,5.225716118745228e-05
TMSB10,RP4-677H15.4,5.207461621427e-05
MALAT1,SLC35D3,5.20231234051839e-05
STMN1,CLDN22,5.17400635335206e-05
PLEKHO1,CYB5R2,5.17294004054573e-05
DUSP1,RP1-86C11.7,5.169863253849408e-05
DGAT1,EPN2-AS1,5.163641087426091e-05
ACTB,FAM47E,5.153145005962704e-05
SLC16A3,LINC00951,5.147598567146437e-05
PRR24,GJC2,5.124073891936438e-05
ENTPD1,AC016738.4,5.122361466590535e-05
NBPF10,PAPL,5.118445724777825e-05
CTSD,CTD-2081C10.7,5.013282791302649e-05
MXD4,CYB5R2,4.992849716795226e-05
SCO2,EPN2-AS1,4.983788753598326e-05
RP11-291B21.2,LIF,4.983128920198821e-05
SH3BP2,RP1-122O8.7,4.960933537803474e-05
RPPH1,RP4-655J12.4,4.893299101306299e-05
HIST1H1C,SNRK-AS1,4.847173033630316e-05
GNLY,C1orf111,4.787777835723442e-05
GSTO1,AC015969.3,4.7447096800769096e-05
RSU1,CSN1S1,4.743816146621046e-05
LRP3,RP11-81H3.2,4.687856826556694e-05
LYZ,RHOV,4.680743715981641e-05
JUND,LONRF2,4.676381924106335e-05
CTSW,CSN1S1,4.646778482964774e-05
RUNX3,IL17A,4.625703222700346e-05
ABHD2,CTD-2527I21.7,4.597160610207555e-05
SLFN14,BMP6,4.554432461455625e-05
ANXA2,RP11-362K14.6,4.551432877730304e-05
RXRA,RP1-122O8.7,4.5233820702560096e-05
TSPO,PNMT,4.508761505310701e-05
FAM129B,AF131215.5,4.50317910266017e-05
CHADL,MMP1,4.485255960517537e-05
SERPINE1,BMP6,4.475604055412909e-05
MYL6,STRIP2,4.470914755712353e-05
MPPED2,SNRK-AS1,4.468910437204434e-05
GLIPR1,RP11-314C16.1,4.455942278424527e-05
PRTFDC1,SLC35D3,4.439044141584498e-05
KLRD1,RP11-81H3.2,4.435497983622052e-05
PROS1,SLC35D3,4.427883888405578e-05
BIRC6,RP11-328C8.4,4.3950143511325325e-05
ENKUR,RHD,4.376129496938558e-05
RPLP1,AC108025.2,4.37411995272111e-05
MS4A1,AC009312.1,4.373056045514787e-05
FTH1,SLC35D3,4.333202341805757e-05
SNAP23,PTH2,4.316918920008652e-05
HBD,SLC35D3,4.304804059994037e-05
PLAUR,PDE7B,4.27869640007199e-05
ENTPD1-AS1,RP11-769O8.2,4.265563425530235e-05
FAM110A,MMP1,4.263060082884411e-05
PASK,IL17A,4.2627157036222456e-05
ZC3H12A,TNS4,4.2577071178519786e-05
SNX22,RIPK4,4.25758672563904e-05
CD200,PDE1A,4.2223742982487856e-05
CSTA,VNN3,4.214878046536237e-05
PTGER2,RP11-168O16.1,4.211245130624616e-05
MGST2,RP4-655J12.4,4.204048986225824e-05
LRP1,CYB5R2,4.1847929936842674e-05
EPHB6,TNS4,4.1711264467601655e-05
ARID3A,CSN1S1,4.128622044076448e-05
AIF1,GRIN2C,4.114095397273607e-05
CD22,DNAJB5,4.10880479519222e-05
TSPO,CASC2,4.090100494315647e-05
SNORD3B-2,CGN,4.084501880415945e-05
C9orf89,RP11-15A1.7,3.985826444894601e-05
MT-ND2,ADAM20,3.964741112599202e-05
MAP1A,SLC35D3,3.960605798197588e-05
COTL1,RP11-665G4.1,3.953004370490917e-05
SLC15A3,CXXC4,3.951804006519422e-05
TMSB4X,LONRF2,3.950843651441084e-05
ODC1,SLC35D3,3.916378779207615e-05
RP11-879F14.1,MMP1,3.911777041939829e-05
LTB,FKBP9,3.910976635125634e-05
SNAP23,RP3-323N1.2,3.906716832378473e-05
GZMK,EPN2-AS1,3.902187603728709e-05
OAZ1,PAPL,3.882291799698881e-05
RAB3D,FAM225A,3.8386997709041646e-05
HBG1,GABRD,3.834527644182467e-05
APOBR,SIAH3,3.805016364879772e-05
STAT3,SLC35D3,3.8018101298883785e-05
MCOLN1,RP11-362K14.6,3.786687356411147e-05
MYEOV,SLC35D3,3.764443911960663e-05
RP11-672A2.4,SLC35D3,3.757586871573481e-05
CCR10,RP11-787I22.3,3.741915608425039e-05
MATK,CSN1S1,3.7122898473287246e-05
CCL4,SOX13,3.705266061182997e-05
TUBA4A,TMEM105,3.689922984657903e-05
GZMA,RP11-787I22.3,3.687779788830983e-05
CD8A,RP11-225B17.2,3.66915696178001e-05
SLC19A1,RHOV,3.653909931596822e-05
C12orf75,SOX13,3.631531266567058e-05
SENP3,RFX8,3.608154916690216e-05
OXTR,BMP6,3.589109460099784e-05
HLA-DRA,GCSAML,3.5874356397823026e-05
NEXN,SLC35D3,3.586376521721015e-05
NPC2,RP11-118K6.3,3.584781770982755e-05
NCR3,SNRK-AS1,3.552245234283202e-05
HOTAIRM1,C11orf45,3.552104746732016e-05
RPF2,RFX8,3.5366437536991664e-05
POU2F2,C11orf45,3.520301884873282e-05
DUSP2,VSTM2B,3.48893254106477e-05
C15orf39,RP11-414H17.5,3.484713870442149e-05
CFD,AC079354.5,3.4662162511177686e-05
S100A6,C17orf96,3.465423717333989e-05
IGSF6,JAG2,3.439662306720698e-05
ZNF529,RBL1-1,3.431080303201319e-05
MAP3K7CL,SLC35D3,3.42890986145087e-05
DUSP1,CTC-523E23.1,3.40541366308076e-05
ARID5B,ASB9,3.395333026695882e-05
AHCTF1,ARHGAP44,3.3929897423532933e-05
NEAT1,FAM47E,3.392816136968486e-05
FLNA,RP11-55K13.1,3.372154879084517e-05
SH2D2A,IL17A,3.371437361774066e-05
IER3,CGN,3.333827796701463e-05
ZNF724P,C1orf111,3.312953694764982e-05
DUSP18,CGN,3.2974596663018214e-05
RPAP3,WFDC3,3.295361555146976e-05
THEM5,SLC35D3,3.294048402012782e-05
GPX1,RP11-665G4.1,3.293471235490396e-05
SCO2,TRIM54,3.2760207942828075e-05
NGFRAP1,SLC35D3,3.275344350737221e-05
FAM26F,RP11-665G4.1,3.273788081515928e-05
RGS2,LIF,3.269276419355141e-05
GRN,TMEM105,3.254569164198992e-05
S100B,RP4-655J12.4,3.2421300253283886e-05
PARPBP,COL1A1,3.2358506385222014e-05
ROCK2,RP11-358L4.1,3.233921494890856e-05
FTL,RP11-168O16.1,3.203159028409145e-05
FAM214B,DNAH12,3.1835127583360966e-05
MT-ND1,RP11-325I22.2,3.1636570636000014e-05
RPLP1,CTD-3224K15.3,3.160799036282869e-05
HLA-DRB5,RP4-655J12.4,3.100699425583521e-05
ARID2,ARHGEF28,3.097871259026418e-05
LIMS1,AC108025.2,3.0911359666900344e-05
CAPNS1,CCR8,3.08823020174298e-05
KIAA1715,FAM47E,3.074564904781604e-05
CCL5,SLC35D3,3.0436336458177587e-05
MMP25,RP11-769O8.2,3.039350260945661e-05
WIPI1,RP11-269M20.3,3.0358951113448328e-05
CD74,RP11-787I22.3,3.035054366017373e-05
NRROS,CCR8,3.026286137175013e-05
LYAR,RP11-118K6.3,3.0076222862944677e-05
RP11-885N19.6,ARNTL2,3.005793916057128e-05
OAZ1,SIAH3,2.995711556695797e-05
SLC35F3,CCR8,2.9951183951760137e-05
ARMC3,SLC35D3,2.993056085512285e-05
ETV6,ADAM20,2.9470049742197263e-05
IL21R,SIAH3,2.9319562272685505e-05
GLIPR2,FBXO30,2.9183559799354917e-05
AKAP13,EPAS1,2.906333359458039e-05
CCL5,CCR8,2.898175386116112e-05
TBL1X,CAPN9,2.885863755236253e-05
HLA-C,CASC2,2.8762431242159783e-05
LGALS3,IL17A,2.875994351150521e-05
SCO2,SIAH3,2.873610298343987e-05
PACSIN1,SEZ6,2.86434917574018e-05
CCR2,C19orf44,2.8411957706690817e-05
NGFRAP1,EPAS1,2.8377574744068445e-05
XPNPEP1,LHX1,2.8156118752752822e-05
VIM,ARHGEF28,2.808581865222517e-05
CTSA,RP11-713D19.1,2.7905877181844225e-05
DOCK2,LAMB3,2.764404757221717e-05
MESDC2,CTD-2620I22.7,2.7625243989664475e-05
GP9,CSN1S1,2.7502437411714388e-05
S100A11,RBL1-1,2.715264123136061e-05
FES,VNN3,2.7017336121807256e-05
RSU1,MPP4,2.6992910217983632e-05
PPAPDC1B,RBL1-1,2.693439567100928e-05
MT-ND1,RP11-276E15.4,2.6857886249058885e-05
IQGAP1,RP11-420L9.5,2.679475450757196e-05
CTBP2,GRIN2C,2.6643676069114007e-05
UBXN6,GJC2,2.632974924757974e-05
FICD,RP11-54O7.1,2.623034615726704e-05
MT-ND1,RP11-713D19.1,2.609982056176933e-05
GSTP1,CSN1S1,2.594464473669404e-05
RUNX3,C1orf111,2.5862713286248507e-05
GSTO1,MPP4,2.5836369599045326e-05
C11orf83,RP11-665G4.1,2.570265752372096e-05
MT-ATP6,RP11-106M3.3,2.567133525498985e-05
TNFSF13B,GPR153,2.559703800559163e-05
MT-ND1,CAPN9,2.548738262366469e-05
APOBEC3G,RP11-314A20.5,2.5443533480736797e-05
MT-ND2,CSN1S1,2.5428346306657654e-05
METTL25,FAM47E,2.5419473332939397e-05
S100A6,LIF,2.5392214992459376e-05
PASK,AC108025.2,2.5374920626851447e-05
HIST1H1B,PAPL,2.5350220743809428e-05
RRBP1,PSD3,2.5171355034104773e-05
MT-ND2,CGN,2.498383069007755e-05
FUOM,FAM47E,2.4977275989414077e-05
CD63,PAPL,2.4633124146196225e-05
TSPO,RP11-167N5.5,2.444089085781073e-05
MIR181A2HG,C1orf111,2.438320119409156e-05
AATK,RP11-225B17.2,2.427027866006008e-05
PFN1,RP11-713D19.1,2.4201439016836604e-05
RETSAT,RP1-261D10.2,2.419740442165512e-05
MARCH2,CSN1S1,2.4171844876678543e-05
SCT,RP11-722E23.2,2.4104755985184692e-05
RPL34,RP11-362K14.7,2.4087222525540463e-05
NAGA,CASC2,2.408035198449447e-05
S100A6,AC000068.5,2.400015949836824e-05
GRB14,MMP1,2.380629977543957e-05
BRD2,MTTP,2.3796363472507623e-05
CTSW,SLC35D3,2.376124073168432e-05
ABLIM3,SLC35D3,2.376121954449418e-05
LRIF1,C1orf101,2.37398154877214e-05
LINC00152,S100A3,2.364340595820621e-05
GP1BA,BMP6,2.359728562225057e-05
PLEC,ADAM20,2.30049334779755e-05
ETV5,CSN1S1,2.278899281809816e-05
C2orf88,GABRD,2.2316978113560253e-05
CCL4,LAMB3,2.2189006701383965e-05
CCNJL,CSN1S1,2.2177471140765007e-05
FADS2,CTD-2081C10.7,2.2129555132349087e-05
CTC-503J8.6,RP11-524F11.2,2.209197705868576e-05
DHX34,CTD-2619J13.3,2.208181973508002e-05
ABCC3,SLC35D3,2.203703837192851e-05
RPL3,RP11-414H17.5,2.194675793087389e-05
MS4A1,RP11-524F11.2,2.193160302313656e-05
HDAC6,DNAH12,2.192801560383093e-05
PHACTR1,ZNF572,2.190684066275812e-05
HEBP2,RBL1-1,2.1744243400744164e-05
MESDC2,CTD-2081C10.7,2.1713549431603848e-05
CTSD,RP11-665G4.1,2.167626467468961e-05
HLA-DPB1,CTD-2081C10.7,2.1545420332090817e-05
CLIC3,CXCL10,2.152937410474792e-05
DUSP1,RP11-314A20.5,2.1506664836045697e-05
RP11-758M4.4,ZNF572,2.1439800110200444e-05
WBP2,PTH2,2.131126635292045e-05
ACSL3,CTD-2081C10.7,2.1155731234657216e-05
CCL5,CTD-2081C10.7,2.1116666467500283e-05
ARHGEF9,C1orf101,2.102572753101059e-05
PPBP,SLC35D3,2.10045938865384e-05
ATG10,RHOV,2.1003032450419303e-05
AP5B1,MPP4,2.0885585446050905e-05
SUPT6H,GYPE,2.0844263351218974e-05
GPR137C,RP11-328C8.4,2.071051415187619e-05
S100A4,RP11-722E23.2,2.057625297941932e-05
DUSP2,AFAP1L1,2.0524861988873863e-05
PLCB2,PAPL,2.046734963132376e-05
CD151,STRIP2,2.0310361216295705e-05
TMSB4X,CXXC4,2.0109239394431785e-05
MT-ND1,RP11-546M21.6,2.0036201533307352e-05
GZMA,RP11-54O7.1,2.0016192469225863e-05
HLA-DPB1,C19orf44,1.9930623827999644e-05
NFKBIA,FKBP9,1.9739006989077735e-05
MIR142,RP11-456K23.1,1.9738649093551443e-05
BLK,CAPN9,1.9663287954732705e-05
JAKMIP2,PAPL,1.9524393725694264e-05
IGJ,AC000068.5,1.945424714460465e-05
IFITM2,NLGN3,1.945351278143299e-05
MT-ND1,RP4-677H15.4,1.943889796357505e-05
GADD45A,AC000068.5,1.942936190524865e-05
MT-CO1,CASC2,1.939343199795399e-05
ARNT,RP11-358L4.1,1.934237268578101e-05
FES,RIPK4,1.933821638065797e-05
TYROBP,AC068282.3,1.926675876485001e-05
AHNAK,FOXE1,1.9123771698623697e-05
CDKN2D,USP27X-AS1,1.9095623953962705e-05
ILK,RP11-722E23.2,1.9004515697835238e-05
IER5,HM13-AS1,1.896880443753605e-05
TNFRSF1B,TMEM105,1.8962708319250546e-05
CD79A,CAPN9,1.889166708082319e-05
LST1,RP11-106M3.3,1.8857880475583663e-05
TTBK2,CYB5R2,1.8834506175702152e-05
HIST1H2AC,CTD-3224K15.3,1.854149690085395e-05
GCHFR,HSPA12B,1.851731189101124e-05
PYCARD,RP11-122G18.5,1.8431420896093898e-05
IFITM2,RIPK4,1.838611389356433e-05
C11orf74,AP3B2,1.832875693709531e-05
CD68,SLC35D3,1.8297429626927775e-05
RP11-96B2.1,SLC35D3,1.829370769235481e-05
GLIPR2,SCML2,1.8203298118868477e-05
MT-ND1,CTD-2619J13.3,1.81738198787179e-05
NACC2,TMEM105,1.8170853506064416e-05
GZMA,SCML2,1.8125308948223528e-05
SNCA,MMP1,1.8035621977481213e-05
RP11-672A2.3,SLC35D3,1.793905218612546e-05
TLN1,FANCE,1.7808012336855166e-05
ENG,SIAH3,1.7745602073988877e-05
MYO1F,CASC2,1.7630386346650654e-05
CD97,FANCE,1.7520673294820177e-05
RP11-65J3.1,JAG2,1.7433800737900347e-05
S100A11,JAG2,1.738787631874536e-05
MPEG1,RP11-511B23.2,1.7291331187495696e-05
GFOD1,ELMOD1,1.7126580549351168e-05
PLXNA2,FKBP9,1.7107064804924008e-05
IQCD,AC016738.4,1.6933972228391715e-05
VPREB3,CASC2,1.6847058794487555e-05
CCL5,C1orf111,1.6744865540948092e-05
HOPX,VASN,1.6735986866607755e-05
S100A11,FANCE,1.6362780835632298e-05
RPP25L,RP11-362K14.7,1.6305096678103576e-05
PLA2G16,C19orf44,1.6260745031914604e-05
AP1S2,GCSAML,1.611487741561051e-05
RPLP1,LHX1,1.6114531386712392e-05
CFP,SEZ6,1.6011079544699345e-05
PTPRE,RP11-225B17.2,1.561763280540174e-05
KLRF1,RP11-358L4.1,1.5543016655052104e-05
GSTO1,BMP6,1.549462900598426e-05
CDKN1A,CCR8,1.5487317760459055e-05
RBP7,RP11-225B17.2,1.5439806545396994e-05
SH2D2A,AC079354.5,1.543715829915536e-05
B2M,RIPK4,1.5373494023336166e-05
PKIG,GYPE,1.5253568120892787e-05
NEAT1,LIF,1.520886293567792e-05
MALAT1,RP11-358L4.1,1.5153587959587498e-05
TBC1D9,RP11-269M20.3,1.5136066816401796e-05
ZCCHC17,RP11-106M3.3,1.5106979312217278e-05
EIF3B,MST1R,1.4927780017506213e-05
HLA-DPB1,GYPE,1.4910346987105931e-05
RPL34,CGN,1.4907868470896674e-05
PSAP,RP11-713D19.1,1.4656952143345772e-05
GIGYF2,GJC2,1.4614948449445154e-05
GNAI2,RP11-665G4.1,1.4570450575888694e-05
C9orf89,TNS4,1.4545184398319294e-05
STAC3,MST1R,1.4489181788834924e-05
CFP,LONRF2,1.44813391868962e-05
SLA,CTC-523E23.1,1.4446362771893978e-05
GAS6,MST1R,1.4411914794254356e-05
ITM2C,SCML2,1.438821821115085e-05
GAS2L1,ESPL1,1.4367416057116e-05
HRASLS,MMP1,1.432158396911244e-05
MYO9B,LONRF2,1.4305086440577696e-05
TMEM141,MST1R,1.4260246103609936e-05
LINC00936,RP11-423C15.3,1.4138582797584685e-05
SPON2,VNN3,1.3878357491242512e-05
DYM,EPN2-AS1,1.3856361452839946e-05
RSAD2,RP3-323N1.2,1.3817336917600374e-05
IMPA2,PNMT,1.378666988361971e-05
S100A11,FKBP9,1.376548089868996e-05
NKG7,CLDN22,1.3757476939316571e-05
LY6G5B,UNC13A,1.3733660143430524e-05
EIF3B,RP11-358L4.1,1.3585349138429776e-05
APAF1,CTC-523E23.1,1.3584080834629476e-05
NUDT16,RP11-420L9.5,1.3572665685653891e-05
SYTL4,CSN1S1,1.3395765028965664e-05
MYO1F,MPP4,1.3390375660719207e-05
PRF1,LAMB3,1.3329505016856896e-05
RPLP1,RP11-225B17.2,1.3314591759042904e-05
LEMD3,RP11-276E15.4,1.3031335152491324e-05
MT2A,MPP4,1.2934451088255884e-05
MYCBP2,IL17A,1.286401485027773e-05
CD63,IL17A,1.2840605269666524e-05
CHAC2,RP11-276E15.4,1.2837716198476436e-05
PLAC8,GJC2,1.2781260916501183e-05
COMT,CCR8,1.2780503715020717e-05
SPARC,GABRD,1.27595965915294e-05
MIDN,RP11-225B17.2,1.2632310056082792e-05
EDEM3,USP27X-AS1,1.2599763478846634e-05
SYTL2,PAPL,1.2517500029064563e-05
YWHAH,NLGN3,1.2484455840079909e-05
PRSS57,SLC35D3,1.2356537852982756e-05
TMSB10,AL049829.1,1.2277957974121565e-05
FAM69B,MMP1,1.2173819552771112e-05
R3HDM2,PSD3,1.2159995911117344e-05
CD7,PAPL,1.2094983223867229e-05
DUSP23,HCG20,1.201681412208717e-05
PRSS23,RP11-122G18.5,1.1951414887018002e-05
NCR3,RP11-81H3.2,1.1938735914420965e-05
SUPT6H,AP3B2,1.187991242547198e-05
CAST,CTD-2619J13.3,1.1869956999983866e-05
ACRBP,BMP6,1.182497325217862e-05
CTNNA1,ADAM20,1.1695644571054564e-05
GPATCH2,C1orf177,1.1680453504477854e-05
IFT81,RP11-546M21.6,1.1663717926518752e-05
KPNA6,PLCD4,1.164565432964114e-05
UBA6-AS1,PAPL,1.1596919377317078e-05
TNS1,CSN1S1,1.1594571281088768e-05
FGFBP2,RP11-358L4.1,1.155750479021939e-05
RP11-817O13.6,ELMOD1,1.1528982077486117e-05
CTD-3064M3.7,PAPL,1.147647653652665e-05
TYMP,CENPI,1.1336291009839993e-05
LTB,RP11-122G18.5,1.132310906740278e-05
PFN1,PTPRR,1.1299205246353348e-05
PTPN18,RP11-546M21.6,1.1295098799169176e-05
APMAP,IQSEC3,1.1293943472710348e-05
GNAI2,MTBP,1.1198452939057058e-05
EXOC3L1,ELMOD1,1.115212171082714e-05
BTBD6,ZNF572,1.113367065207801e-05
MT-ND2,EPAS1,1.110924271735423e-05
MT-ATP6,HM13-AS1,1.1096822673638464e-05
ADAM15,NLGN3,1.0984468459060452e-05
IFIT3,FZD8,1.0935913555110462e-05
AC007879.2,ELMOD1,1.0916402770988984e-05
LRBA,ZNF572,1.0913345655047474e-05
PRR19,RP11-54O7.1,1.0861901208139236e-05
ADAR,ARNTL2,1.0859938895757508e-05
FAM212A,RP11-54O7.1,1.0843540696916652e-05
MYCBP2,SNRK-AS1,1.0823714952369296e-05
MT-ND2,MTBP,1.0779635694166933e-05
SYNE2,RGS9BP,1.075919938058017e-05
ARHGEF9,UNC13A,1.0715271026632843e-05
SOD2,RP11-275I4.1,1.0701026646078086e-05
MPST,ESPL1,1.0575714713434966e-05
SAMD3,MTBP,1.0565120943853194e-05
RPL34,RP11-328C8.4,1.0551083386188944e-05
PTPRE,CENPI,1.03774991462958e-05
CSF2RA,SCML2,1.0128051594685837e-05
HLA-DQB1,CTRC,1.0003086767019e-05
C11orf83,GJC2,9.937139765997183e-06
METTL25,LINC00951,9.74821192729214e-06
CAPN12,CXXC4,9.61056231293656e-06
DGKZ,C1orf111,9.585834710410204e-06
STK40,FAM225A,9.559039656968328e-06
JUND,MPP4,9.307417801967813e-06
COTL1,CGN,9.290417940301534e-06
ST8SIA6,CSN1S1,9.265840930370869e-06
CTSW,RP11-118K6.3,9.250613336682616e-06
SDPR,CSN1S1,9.185100390761126e-06
NCAM1,RP11-787I22.3,9.035092072240227e-06
FAM26F,RP11-362K14.7,9.0229428802735e-06
TREML1,RP11-546M21.6,8.979119001730033e-06
DUSP1,CASC2,8.927440621121474e-06
FTH1,DIRC3,8.901558500020044e-06
ANKRD9,RP1-86C11.7,8.850303034140719e-06
LRCH3,RP11-665G4.1,8.743643254524208e-06
FYN,RP11-168O16.1,8.721968306392733e-06
CEP44,RP4-635E18.7,8.71676571319543e-06
NUP214,CCR8,8.702464196408143e-06
IQGAP1,CTC-523E23.1,8.67563932014434e-06
GZMA,MST1R,8.651085599915491e-06
USP28,RP11-118K6.3,8.645715949279311e-06
RP11-458N5.1,AL049829.1,8.621936201961094e-06
LDLR,STRIP2,8.611984116761114e-06
CCL5,HCG20,8.547619105383338e-06
C2orf88,RP11-546M21.6,8.527138033661188e-06
C5orf56,RP1-122O8.7,8.433801291715062e-06
RNASEK,LONRF2,8.402894213510407e-06
PTPLAD1,AC009312.1,8.391348038480097e-06
NUP188,RP11-665G4.1,8.348822234781372e-06
AFAP1L2,RP11-713D19.1,8.346021305385288e-06
RP11-222K16.2,CAPN9,8.252036449391343e-06
PFN1,AC079354.5,8.249483663202728e-06
CWC25,CASC2,8.245498478038533e-06
GRK4,CXXC4,8.197786090857384e-06
KPNA6,JAG2,8.063004754004916e-06
HLA-DMA,PDE1A,8.05911760708083e-06
IFITM2,C2orf48,8.013696106467869e-06
GNLY,RP11-358L4.1,7.923688933205862e-06
HLA-DQA2,C15orf65,7.922970785260608e-06
KBTBD11,AP3B2,7.920105225576415e-06
GP1BA,SLC35D3,7.918919013614103e-06
CELF1,DCLRE1A,7.917102286384328e-06
GSTO1,ESPL1,7.878434915285285e-06
PPBP,HSPA12B,7.868578081356874e-06
SLC12A9,ARHGEF28,7.85939970179981e-06
CCL5,ELMOD1,7.797900094132366e-06
SPOCD1,BMP6,7.771771676843174e-06
PTPN18,COL1A1,7.766021353053325e-06
JADE3,RP1-86C11.7,7.749072693037e-06
RYK,TNS4,7.745867634648024e-06
CYTL1,SLC35D3,7.737987738080045e-06
ABI3,VSTM2B,7.694571911410397e-06
FADS2,AP3B2,7.653959577971347e-06
ICK,AC108025.2,7.619395917537068e-06
EDN1,RP11-414H17.5,7.6091973129715395e-06
PTRH1,RFX8,7.516943542999781e-06
CTTNBP2NL,FOXE1,7.486261603587816e-06
PLAC8,ZFHX2,7.3659103099498815e-06
RP11-164H13.1,FAM47E,7.338981643204133e-06
CHADL,PAPL,7.275835214926959e-06
DLG3,IL17A,7.26715615882685e-06
C1orf35,FOXE1,7.248755281524608e-06
ISG15,RP1-122O8.7,7.1909418793777056e-06
S100A12,RP11-665G4.1,7.069800121109439e-06
SOGA1,RP11-328M4.2,7.030482600932609e-06
ANKRD20A2,GJC2,6.98278500754013e-06
B2M,ELMOD1,6.980235638977878e-06
CHST8,CSN1S1,6.9761712069846506e-06
ARHGEF12,GRIN2C,6.947987050721351e-06
HLA-C,HCG20,6.941860631459995e-06
GIMAP8,C11orf45,6.87486095199052e-06
FYN,RP11-54O7.1,6.863120433188911e-06
LMNA,GJC2,6.852554773191311e-06
KLF6,MTBP,6.840255279146937e-06
IFITM3,TNS4,6.835851088141117e-06
COPRS,AFAP1L1,6.825762699179842e-06
PLOD1,GJC2,6.798627926071423e-06
MT-ND1,RP1-261D10.2,6.777757330437761e-06
RPLP1,C11orf45,6.729157848134885e-06
B2M,LIF,6.726943146780331e-06
SH3BP2,PTPRR,6.673843912683304e-06
BAZ2B,CCDC110,6.65017443795346e-06
MEFV,ADAM20,6.643852696944225e-06
EMR2,RP11-118K6.3,6.627028568748288e-06
MALAT1,MST1R,6.587483454602369e-06
HLA-DPB1,GABRD,6.566416913159933e-06
MT-ND1,VNN3,6.563622621253394e-06
SLC35E1,CGN,6.509247985159015e-06
FCGRT,S100A3,6.49907807111498e-06
ZCCHC17,IL17A,6.473133489251686e-06
HOXA10,RP1-261D10.2,6.439275051909256e-06
MT-ND2,RFX8,6.424878443419821e-06
IER5L,CTC-503J8.4,6.413834655680415e-06
TUBA1C,CSN1S1,6.407270102066089e-06
RFNG,ELMOD1,6.3833000705327126e-06
DUSP1,IL17A,6.379963823949125e-06
PARD3,BMP6,6.3607298513087485e-06
ZGLP1,CTC-503J8.4,6.31500939482838e-06
FCGRT,RP11-118K6.3,6.297125702440377e-06
TRPM2,FAM225A,6.280436037222125e-06
FTL,CLDN22,6.238306730545046e-06
MT-CO1,RP11-328M4.2,6.224530305700351e-06
DKFZP779L1853,GJC2,6.219866743691578e-06
TMSB4X,AC079354.5,6.196321270295329e-06
JUN,FAM47E,6.154056373437763e-06
PACSIN2,VASN,6.145579579402065e-06
APMAP,GJC2,6.135033660890622e-06
ZC3H13,ARNTL2,6.12731672231241e-06
LIG4,CASC2,6.094174548121811e-06
QSOX1,S100A3,6.085702667796468e-06
CXXC5,AF131215.5,6.071780353058042e-06
MT-ND2,RP11-665G4.1,6.045223766404176e-06
CTSW,RP11-787I22.3,6.042607182950157e-06
SLA,RP11-420L9.5,6.035907385153715e-06
ZNF264,RP11-686D22.4,6.001274149281317e-06
EXTL3,GYPE,5.991722817399657e-06
APMAP,C2orf48,5.972658630031841e-06
S100A11,RP11-328C8.4,5.950933817418357e-06
S100B,RP11-686D22.4,5.950280669420147e-06
RASGRP4,RP11-358L4.1,5.943337896072073e-06
JUN,CCDC110,5.816106368862531e-06
LGALS1,FOXE1,5.7836964072404765e-06
TMEM205,RP11-81H3.2,5.7207242260826015e-06
DNAJC1,APCDD1,5.70308981245305e-06
TACC1,XX-FW83128A1.2,5.697365395957406e-06
CCL5,GPR153,5.684555755839108e-06
ARID5B,HM13-AS1,5.670033053503845e-06
CCNK,IQSEC3,5.667676833989839e-06
GPD2,AC009312.1,5.650005309314042e-06
LIG3,CENPI,5.638780425135973e-06
HLA-DRB1,GSG2,5.633285028959795e-06
SNX22,HCG20,5.605159981397344e-06
ZNF502,VNN3,5.5549693696979945e-06
RP11-291B21.2,RP11-414H17.5,5.458958188465302e-06
HBG1,SLC35D3,5.440675730428338e-06
CDC14B,PTH2,5.438819661904035e-06
FGR,LIF,5.393939334050989e-06
BATF,RP11-196O16.1,5.385963748818342e-06
ARMC7,PLCD4,5.376739386251162e-06
LYAR,VASN,5.371392348133086e-06
IER3,APCDD1,5.369680996986051e-06
F2R,GJC2,5.359309726903016e-06
PRLR,IL17A,5.3582079065069775e-06
KCTD19,CTRC,5.333531608668126e-06
GMNN,RP11-314C16.1,5.3332414260358805e-06
AC147651.3,CSN1S1,5.331740240525569e-06
RALBP1,RP11-769O8.2,5.329142429904935e-06
CDKN2D,RP11-816J6.3,5.325714787599748e-06
PMAIP1,AL049829.1,5.303425115545472e-06
FUT11,RP11-328C8.4,5.26928209781577e-06
HLA-DQA2,C1orf101,5.254250073430684e-06
H1FX,PTH2,5.240381160115549e-06
EAF2,APCDD1,5.236036091680646e-06
IQSEC1,ZNF572,5.195623769389824e-06
IQGAP2,RP11-328C8.4,5.185930894564781e-06
ANKRD13D,CGN,5.16559443655637e-06
SCT,IL17A,5.148810333387987e-06
CTDSPL,SLC35D3,5.105899337613283e-06
DISP1,RP11-314C16.1,5.099214015165694e-06
CCL5,FOXE1,5.089540130794532e-06
MYO9B,RP11-314A20.5,5.087296379736837e-06
RASSF2,TMEM105,5.031290373425938e-06
FLJ27365,RP11-769O8.2,5.007662619374967e-06
IFITM2,RHOV,4.9660218637179695e-06
HLA-DMB,KCNK5,4.926745743565962e-06
EIF4EBP1,ARHGAP44,4.908131768520842e-06
STRN4,UNC13A,4.89498824114497e-06
C9orf89,DIRC3,4.884479714540689e-06
ZNF683,AC015971.2,4.867998814980827e-06
RP11-134P9.3,AC015969.3,4.8616892029520896e-06
XCL1,C1orf111,4.852241978573307e-06
GUCY1B3,RP11-167N5.5,4.8340122729259445e-06
PDE6A,CTD-2620I22.7,4.829597091596047e-06
DOPEY2,RP1-261D10.2,4.800235203660138e-06
MCUR1,HSPA12B,4.795911512589551e-06
MT-ND2,MAEL,4.77014243653649e-06
ELOVL7,SLC35D3,4.751744258232065e-06
KBTBD6,CASC2,4.750629479068789e-06
APOBEC3G,RP11-505P4.7,4.7130276904758605e-06
AHNAK,RP11-106M3.3,4.686313841580214e-06
POLE,C17orf96,4.674417703714155e-06
INTS1,RP11-505P4.7,4.674122720392785e-06
LYAR,MTTP,4.672244139849467e-06
FAM69B,CSN1S1,4.665684232478402e-06
CTD-2357A8.3,CGN,4.633690800427986e-06
CD7,COL1A1,4.601731156709471e-06
SYMPK,HCAR1,4.582653959517489e-06
BID,PAPL,4.54406528984271e-06
MEF2C,PDE1A,4.542282164749123e-06
ACTN1,HCAR1,4.519883676022064e-06
GRHL1,RP1-86C11.7,4.476816752663567e-06
LIMS1,ZFHX2,4.476084921098228e-06
FAM127C,SLC35D3,4.473920989971704e-06
EPHB6,NLGN3,4.455672809468433e-06
PTGDS,HBA2,4.455118079986726e-06
YWHAH,RP11-122G18.5,4.434824682079408e-06
MB21D1,RP11-54O7.1,4.426170045500074e-06
MYCBP2,USP27X-AS1,4.419100331707235e-06
KLRG1,AGAP9,4.389846287255841e-06
GSTO1,KCNK5,4.318429513539875e-06
ALOX5AP,RP1-261D10.2,4.307686552177178e-06
PYHIN1,HCAR1,4.264443363777694e-06
CTSS,PDE7B,4.257783460425097e-06
SPI1,HBA2,4.249716229973883e-06
SASH1,PAPL,4.233159943500584e-06
KLF6,IQSEC3,4.23281097748476e-06
AKAP13,RP11-414H17.5,4.196238248127317e-06
TTC7A,AC079354.5,4.185353890965725e-06
RGS2,CTC-523E23.1,4.1714524780271554e-06
CD8B,RP4-655J12.4,4.171271465806933e-06
MLH3,RP11-414H17.5,4.139706107290151e-06
CD63,AL049829.1,4.124303676788889e-06
MAP3K3,CXXC4,4.050581016946384e-06
PTGER2,EPAS1,4.026539316829565e-06
PGRMC2,RP1-261D10.2,4.016404336579797e-06
PPP1R14B,GJC2,3.995303469833714e-06
MOV10L1,CXXC4,3.992015843429952e-06
RP11-160H22.3,CTC-503J8.4,3.974643107985336e-06
MT2A,RP4-655J12.4,3.957720022417409e-06
FGFBP2,RP3-323N1.2,3.931921912329552e-06
SMPD3,RP11-787I22.3,3.9198494037224445e-06
TPM4,CXXC4,3.910360654564213e-06
B2M,KRBOX1-1,3.853677205163285e-06
LINC00152,RP11-546M21.6,3.83254387062522e-06
RPLP1,ASB9,3.823850899334652e-06
IGF2R,AC079354.5,3.7731374992191487e-06
IFI6,KRBOX1-1,3.760604378045416e-06
CACNA2D4,RFX8,3.754444699131479e-06
CD8A,AL049829.1,3.6618847233251135e-06
FTH1,FANCE,3.640166493539807e-06
CDKN2D,ASB9,3.597846015780339e-06
SIGLEC1,RP11-81H3.2,3.577472452927771e-06
WDR70,CAPN9,3.5535124531932007e-06
RP11-386G11.5,CSN1S1,3.5318755971805378e-06
ZMYND11,CLDN22,3.5192727350460737e-06
ACRBP,CSN1S1,3.4668336618582125e-06
CYP1B1-AS1,CTD-2619J13.3,3.4667394337839578e-06
MS4A6A,AC079354.5,3.449902603254425e-06
SLC11A1,RP11-81H3.2,3.4324063072033867e-06
CCDC153,RP11-348N5.7,3.430164641520788e-06
CYBB,RP11-769O8.2,3.425169342320451e-06
KIAA0195,AL049829.1,3.3732830972198363e-06
RPL34,FANCE,3.3542795524255643e-06
KLRC1,AFAP1L1,3.3528614538057803e-06
MCFD2,CXXC4,3.3496283045039696e-06
TTC38,RP11-358L4.1,3.325914378912343e-06
HLA-DRB5,RP11-665G4.1,3.321330660221662e-06
AGTRAP,FZD8,3.311126057590653e-06
RP5-1028K7.2,RP11-168O16.1,3.3078883143497245e-06
HOXA10,RP11-314A20.5,3.25993486447976e-06
PODXL,VNN3,3.258171151604572e-06
NCF1,RGS9BP,3.257140280189441e-06
RP11-367G6.3,IL17A,3.255438004178946e-06
TLE3,GJC2,3.235901395285528e-06
SPIB,PDE7B,3.22284550710902e-06
GPX1,CTD-2192J16.26,3.1978621057717554e-06
SNAP23,RP11-81H3.2,3.1975842813918245e-06
TBC1D20,CTD-3224K15.3,3.181368587209064e-06
TYMS,GJC2,3.178667118080092e-06
TSEN54,RGS9BP,3.177031942182052e-06
SOD2,LIF,3.1751353734977583e-06
GOLGA6L6,RP11-54O7.1,3.169777624914464e-06
SOD2,RP11-54O7.1,3.1616676668903112e-06
TUBG1,CTRC,3.1378300740318504e-06
DHX38,CTD-3224K15.3,3.133292900852576e-06
CSF2RA,AC016738.4,3.1271562060756825e-06
RP11-178C3.2,RP11-54O7.1,3.103111119497656e-06
GPX1,DCLRE1A,3.091399240526327e-06
GLIPR2,AP3B2,3.0736954004239617e-06
LRP3,AGAP9,3.053163144112912e-06
SDPR,RET,3.040711675341964e-06
PYHIN1,CTD-3224K15.3,3.03575185605907e-06
PROCR,VNN3,3.0251089362189117e-06
CTSW,CTRC,3.021166820090385e-06
PLEKHO1,RP11-54O7.1,2.9953794891616378e-06
TMSB4X,RP11-54O7.1,2.981388717975703e-06
GSTO1,ELMOD1,2.9804675869365627e-06
JUND,AC079354.5,2.9718069259674223e-06
IL32,BBS5,2.945993803884668e-06
SLC15A4,CGN,2.9341998149570923e-06
FCGRT,RP11-420L9.5,2.9202040476055557e-06
DUSP2,AGAP9,2.9111525028450137e-06
IGF2R,VNN3,2.907234915994113e-06
LTBR,RP11-225B17.2,2.9065394069143776e-06
CLDN5,RP11-546M21.6,2.8976988195683183e-06
FCGR3A,CTD-3224K15.3,2.884540661277402e-06
GOLGA3,FOXE1,2.8795611082638883e-06
IGF2R,RP11-168O16.1,2.872293256275278e-06
HLA-DPA1,CTD-2620I22.7,2.8660104548393107e-06
CFD,MPP4,2.86477090071312e-06
SLC31A2,RP11-29H23.4,2.8637085924444725e-06
FHL3,RP11-314A20.5,2.8623888762055925e-06
HBEGF,PAPL,2.853160538319153e-06
CD8A,VSTM2B,2.842887350083081e-06
MFSD12,RP11-168O16.1,2.840599183249257e-06
JOSD2,IQSEC3,2.839868910029128e-06
MS4A6A,HM13-AS1,2.803940387774722e-06
HLA-C,PTH2,2.7933083142807917e-06
MLTK,STRIP2,2.7931835927372625e-06
MIDN,GYPE,2.788897817781343e-06
SCAMP5,RP11-414H17.5,2.76744965918739e-06
SRF,RP11-546M21.6,2.7573578113300324e-06
TMSB10,AC079354.5,2.75487315956863e-06
FTH1,RIPK4,2.748013023722241e-06
GNLY,RP11-505P4.7,2.7457390943725204e-06
NR4A1,ARNTL2,2.735529852914076e-06
TESC,SNRK-AS1,2.719119225244062e-06
TMSB10,RP11-269M20.3,2.7125453025407764e-06
FTL,RP11-118K6.3,2.7067521303027057e-06
ECE1,CENPI,2.6848597561666004e-06
MDN1,RP11-118K6.3,2.6640888006573883e-06
UBQLNL,RP4-677H15.4,2.661354434892006e-06
RP4-756G23.5,SIAH3,2.658470908504406e-06
C6orf120,RP11-54O7.1,2.6528103863613998e-06
UTS2,RP11-769O8.2,2.642641646443291e-06
PYCARD,MTTP,2.6361637787327355e-06
RP11-443B7.1,AP3B2,2.6306292267950457e-06
TLE3,RP11-414H17.5,2.6180734816367517e-06
NEK4,RP11-546M21.6,2.6031203041626384e-06
PDE6A,RP11-414H17.5,2.592175533110453e-06
SH3BP2,RP11-420L9.5,2.5779105732374967e-06
CACNA2D4,RP11-787I22.3,2.5770166834493045e-06
AP5B1,RP11-713D19.1,2.556905082518855e-06
SERP2,RP3-323N1.2,2.5321680714611688e-06
TST,TMEM105,2.527175270835036e-06
TMSB10,AGAP9,2.519422858469006e-06
OGFRL1,PAPL,2.505846569519461e-06
FCGRT,DDR2,2.502088425127171e-06
VPS41,CASC2,2.485360221442217e-06
FUOM,RP11-118K6.3,2.473297095901581e-06
HDGF,RP11-81H3.2,2.4311391673341903e-06
SIGLEC15,AC079354.5,2.42809438967359e-06
ATG2A,RP11-314A20.5,2.4030507376122247e-06
SCT,RP4-677H15.4,2.401946729944693e-06
EFHD2,GSG2,2.3837109306455075e-06
PYCARD,GJC2,2.383652696807469e-06
PSAP,MST1R,2.3545529927038658e-06
GZMH,CXXC4,2.351822515634753e-06
PACSIN2,RP11-713D19.1,2.3275941306648904e-06
TMEM205,AC015971.2,2.32418299053522e-06
NEAT1,RP11-225B17.2,2.3217228535433483e-06
SPARC,RP11-546M21.6,2.319632099906849e-06
GLIPR2,CXXC4,2.316799330408613e-06
FEZ1,AC068282.3,2.3104595959052764e-06
AP003774.6,EPN2-AS1,2.3072178608884013e-06
NEURL1B,GYPE,2.288476164998337e-06
TMEM163,AL049829.1,2.2763795441197318e-06
KDM5A,RP11-167N5.5,2.263067204573873e-06
NFKBID,PDE1A,2.2548951377664867e-06
PQLC1,SNRK-AS1,2.254773146751473e-06
SLC24A4,RP4-655J12.4,2.2383591780362687e-06
ARC,PAPL,2.230659625480519e-06
GNAZ,BMP6,2.227374665059644e-06
IFNG,RP11-118K6.3,2.2222855003207924e-06
PGRMC2,FOXE1,2.2193744466748605e-06
PYHIN1,FOXE1,2.217156735650229e-06
DAGLA,RP11-118K6.3,2.2103598789965965e-06
GSTP1,BBS5,2.209064601261333e-06
SCO2,RP11-118K6.3,2.208169846140646e-06
WASF2,PAPL,2.199181859781533e-06
RALBP1,RP11-524F11.2,2.19150618228314e-06
DMTN,RP11-358L4.1,2.18910066905862e-06
CCR10,AMZ1,2.182123110527877e-06
SLC12A9,DDR2,2.18138590725352e-06
TMSB10,KCNK5,2.180689529331921e-06
PTGS1,CTD-2081C10.7,2.179660763003099e-06
SYTL2,RP11-54O7.1,2.1780060899443377e-06
TYROBP,RP11-168O16.1,2.1688782262544217e-06
CNNM3,ELMOD1,2.1669567815865813e-06
FCER1G,RP11-456K23.1,2.1527134656712835e-06
JAG1,RP11-225B17.2,2.145371190935389e-06
CPM,RP11-665G4.1,2.143252820845893e-06
TCL1B,CLDN22,2.1373779256836347e-06
ANPEP,RP11-167N5.5,2.120180294730385e-06
RP11-102N12.3,RP11-118K6.3,2.1197648449335137e-06
MT-ATP6,LINC00638,2.1061572433457638e-06
CKAP5,RP11-225B17.2,2.089299423285761e-06
ARHGEF12,CTD-2619J13.3,2.087474982557753e-06
MAX,RP4-655J12.4,2.0809356065719086e-06
BIRC6,CGN,2.079524007177594e-06
RP11-138A9.2,RP11-713D19.1,2.0701349151744443e-06
RBM27,VNN3,2.0473255284649857e-06
DPP3,CTD-2620I22.7,2.045062687525543e-06
JOSD2,COL1A1,2.0414692217229137e-06
TMSB4X,MAEL,2.025443638068915e-06
CCND2-AS1,RP4-677H15.4,2.024040775070258e-06
SEC16A,CTD-2620I22.7,2.01954404766579e-06
MT-ND1,UNC13A,2.016597403672065e-06
TP53BP1,ELMOD1,2.0164967989000527e-06
NKG7,HCG20,1.984458803729922e-06
FERMT3,RP11-362K14.7,1.976162310693846e-06
CYB561A3,RP11-325I22.2,1.9679633548117573e-06
CSRNP1,ELMOD1,1.959466891326944e-06
BRD2,RP11-414H17.5,1.955568260227258e-06
SPON2,AC009312.1,1.945367014795583e-06
GM2A,AP3B2,1.9220031332325485e-06
RPL3,RP11-665G4.1,1.907198900735753e-06
APLP2,FOXE1,1.8757504437531777e-06
RPAP3,CTD-2619J13.3,1.8716438777325696e-06
RP11-22N19.2,STRIP2,1.8707056936138752e-06
AP1S2,RP11-118K6.3,1.870700411491679e-06
HLA-DMA,ADAM20,1.864011832708675e-06
WBP2,GJC2,1.8521738741505183e-06
MS4A6A,HCAR1,1.845626557733481e-06
SDPR,RP11-546M21.6,1.8416522099284811e-06
DHX38,RP11-81H3.2,1.8401761461007629e-06
TUBA4A,CSN1S1,1.8393795348266571e-06
IER3,MTBP,1.838271650211512e-06
MT-ND1,CTD-2192J16.26,1.824403408293797e-06
SMOX,ARNTL2,1.8206735178501424e-06
GOLGA3,CASC2,1.816078954038492e-06
ARAP1,CLDN23,1.805653522927408e-06
HVCN1,ADAM20,1.80206650864392e-06
C5orf56,RP11-414H17.5,1.7947913761316992e-06
S100A8,CTD-2192J16.26,1.7866423694031428e-06
NMUR1,RP3-323N1.2,1.7847478228795072e-06
ITPR2,RP11-54O7.1,1.7825042335938322e-06
CCL5,LONRF2,1.7788465247915684e-06
C14orf80,RFX8,1.7714448443888224e-06
PRDM13,RP11-314A20.5,1.7438459663646852e-06
RPL34,RBL1-1,1.7235696946905911e-06
ZNF322,CLDN22,1.720175925288039e-06
ZNF80,RP11-225B17.2,1.707884349980761e-06
FAM217B,GSG2,1.706891907968778e-06
TUBA1C,CLDN22,1.697723676435739e-06
PREX1,PAPL,1.666781163736362e-06
TMSB10,ACKR2,1.6591173557676612e-06
NFIB,ARNTL2,1.6565322207739674e-06
BOD1L1,RP11-225B17.2,1.6498642143953167e-06
EPB41L2,ADAM20,1.6440521443721229e-06
POU2F2,NODAL,1.6285262670378355e-06
TUBG1,AC108025.2,1.6235947613860735e-06
FES,RP11-29H23.4,1.6208897173385746e-06
EIF4EBP1,RP11-414H17.5,1.6075117384701296e-06
SOD2,RP11-505P4.7,1.6019314778458304e-06
C6orf25,AGAP9,1.6018170512828272e-06
MCOLN1,RP11-168O16.1,1.5889182044163204e-06
NIN,KCNK5,1.5839401409650135e-06
TPM4,SPTB,1.578945407020705e-06
CTD-2357A8.3,RP11-713D19.1,1.574271992566347e-06
PROS1,STRIP2,1.5697323296695612e-06
AZU1,ARNTL2,1.5667098130619298e-06
ILK,RP11-196O16.1,1.5630456452869974e-06
CST3,AC016738.4,1.5603179548123855e-06
LILRB2,RP11-167N5.5,1.5555748029572153e-06
TKTL1,RP11-54O7.1,1.5531829836146306e-06
C19orf33,RP11-328C8.4,1.5494229375531077e-06
MARCO,RP11-665G4.1,1.5433178455292113e-06
MESDC2,RP11-362K14.6,1.5287063934252411e-06
CD79B,RP11-196O16.1,1.5269574344627507e-06
PFN1,RP4-677H15.4,1.5123330010985623e-06
UBE2Z,AC000068.5,1.5114191634073915e-06
CD7,HCAR1,1.477510149743304e-06
HBEGF,SLC35D3,1.4712526576621749e-06
UPK3A,LAMB3,1.469744264199845e-06
EP400NL,RBL1-1,1.467324557106711e-06
COQ7,RP4-655J12.4,1.4650874969948958e-06
MT-ATP6,TTC39A,1.4629834238567676e-06
EAF2,RP11-29H23.4,1.4484568341056717e-06
BLK,PDE1A,1.4483357384850515e-06
ABHD2,CSN1S1,1.442742059927369e-06
TPRN,RP3-323N1.2,1.4331090854561873e-06
C9orf89,STRIP2,1.424343416103147e-06
RP11-169E6.1,ELMOD1,1.4238535423332516e-06
IFIT3,RP11-769O8.2,1.4230979062547926e-06
APP,RP11-168O16.1,1.4139216171483327e-06
DNAJC5,RP11-225B17.2,1.4123549990438422e-06
PLEKHG2,ELMOD1,1.404413368786874e-06
C19orf59,RP11-665G4.1,1.4010363285682391e-06
GCHFR,RP11-167N5.5,1.3994644558144931e-06
RP11-1152H14.1,RP11-787I22.3,1.3967158317687337e-06
PIP5K1B,FAM47E-STBD1-1,1.3902853693704486e-06
DYM,CGN,1.3801570008336956e-06
TUBB4B,RP11-269M20.3,1.375873786118629e-06
C16orf54,GJC2,1.3674215053743388e-06
HLA-DQA2,RP11-276E15.4,1.3646209686199344e-06
SPON2,RHOV,1.3536333400844363e-06
CYBB,XX-FW83128A1.2,1.3514530900424444e-06
DPCD,RP11-168O16.1,1.3490145218187852e-06
RPLP1,RP11-414H17.5,1.3419385784679884e-06
SLC35E1,RP11-358L4.1,1.33762640886349e-06
C1orf21,RP11-54O7.1,1.3232369313803872e-06
ACTB,VSTM2B,1.3135994192392298e-06
RBP7,RP11-118K6.3,1.3121029324192054e-06
FCGR3A,RP11-314A20.5,1.3081911814974357e-06
NOL3,RP11-167N5.5,1.3081608194192969e-06
RP11-73K9.2,PAPL,1.3062950931279848e-06
PTMS,CLDN22,1.2862416871416036e-06
OPLAH,RP11-118K6.3,1.282010773322631e-06
SEMA4A,RP11-505P4.7,1.2721320224844008e-06
DAB2,CSN1S1,1.2688065487466975e-06
DDX51,RP11-81H3.2,1.2684346968447435e-06
SEC16A,DNAH12,1.257277053454358e-06
LRRC36,PDE1A,1.256668032564965e-06
SAT1,ACTG2,1.2454491608909355e-06
CD151,CSN1S1,1.2451543836299407e-06
SDPR,BMP6,1.2400168771477978e-06
ARHGAP6,PLCD4,1.238535143722238e-06
PTGER2,IL17A,1.2074503764726629e-06
JUND,PTH2,1.2021595609118824e-06
ARID2,C1orf101,1.1928101209794946e-06
RP11-1007O24.3,C1orf101,1.1813565667786503e-06
RRP12,C1orf101,1.176356751940242e-06
RP11-109G23.3,RP11-665G4.1,1.176267542139859e-06
MPST,CGN,1.1747028555641128e-06
STRN,C1orf101,1.1734950110289502e-06
PTPN11,HSPA12B,1.1622069143513871e-06
PFN1,RP11-769O8.2,1.1461061627736317e-06
LINC01063,HCAR1,1.1425541429051874e-06
RXRA,PAPL,1.1422743147608554e-06
SAMD3,RP11-787I22.3,1.1422506193038286e-06
CD79B,SIAH3,1.1340354447417962e-06
SETD5-AS1,C19orf44,1.1059826637389829e-06
LHFPL2,CSN1S1,1.0922538867905148e-06
CD300E,RP11-81H3.2,1.0801923961771004e-06
AC147651.3,RP11-787I22.3,1.0673172752553453e-06
RSU1,RP11-225B17.2,1.0660065916614744e-06
CLEC1B,RP11-546M21.6,1.06108584548392e-06
NAGA,FAM47E,1.0426750007466912e-06
GIMAP8,FANCE,1.0363847958908544e-06
TAF13,RHOV,1.0362390913842035e-06
HLA-A,DNAJC28,1.03500988237567e-06
PDZD4,AFAP1L1,1.0293156960921267e-06
MBP,CTD-2527I21.7,1.0250386968296752e-06
IL17RA,CLDN22,1.01183077208851e-06
MT-ND2,CTD-2081C10.7,1.0081976570682463e-06
HHEX,CTD-2081C10.7,1.0047940389067497e-06
JUN,AGAP9,1.0029538043127846e-06
MYO1F,KRBOX1-1,9.968389989651662e-07
CLEC4E,ELMOD1,9.92456476232646e-07
RGS6,MAEL,9.88374097506876e-07
ENTPD1-AS1,PAPL,9.84802215424523e-07
MYCBP2,EPAS1,9.804487765836018e-07
RP11-496I9.1,ELMOD1,9.760307973292443e-07
ANKRD16,STRIP2,9.7234573995876e-07
CD4,KRBOX1-1,9.70304273422515e-07
PBX1,RP11-546M21.6,9.656700494919214e-07
SMAD1,RP11-414H17.5,9.594591225850046e-07
HLA-DMB,ADAM20,9.360951822526708e-07
TSPO,PAPL,9.289520333542712e-07
FLNA,BBS5,9.278339473193852e-07
MEGF9,RP11-225B17.2,9.265393032119486e-07
STK40,CAPN9,9.23003085809038e-07
PPIP5K1,RP1-261D10.2,9.213892531057328e-07
FERMT3,S100A3,9.159458130742628e-07
UBE2M,LONRF2,8.874332365058459e-07
HLA-C,LAMB3,8.866873020320317e-07
SNX29,CGN,8.850481700565099e-07
PTMS,RP11-414H17.5,8.752404020904593e-07
PRF1,PAPL,8.664206052035473e-07
BIRC6,RP11-787I22.3,8.654983479114725e-07
NPLOC4,AC015971.2,8.648378220964992e-07
EXD3,CTD-2620I22.7,8.634802494553512e-07
ZYX,C1orf111,8.631020558413503e-07
PLEKHO1,RP11-414H17.5,8.596882648017589e-07
NRGN,PLCD4,8.591666091188625e-07
NR4A1,RP11-420L9.5,8.462789829070823e-07
CD300A,CLDN22,8.451600765248754e-07
LCN8,PAPL,8.418235058242175e-07
CYP2F1,PDE1A,8.400616417674512e-07
HDAC6,ADAM20,8.318136170062195e-07
GP9,ARNTL2,8.273290966807821e-07
DNAAF3,MMP1,8.253962966570564e-07
ID1,AC009312.1,8.233677998043855e-07
CATSPER1,CTD-2620I22.7,8.207416165331108e-07
GPR162,RP4-655J12.4,8.204425969611322e-07
AL627309.1,AC108025.2,8.185065351167604e-07
CDYL,RP11-358L4.1,8.14835824056425e-07
MOGS,RP11-358L4.1,8.134902638155976e-07
CD97,RP11-362K14.7,8.102264977774262e-07
RP11-54O7.17,RP11-167N5.5,8.085692805853567e-07
GSTO1,LINC00951,8.040518909454006e-07
PAK4,RP11-414H17.5,8.017772187024826e-07
GSTP1,GJC2,7.976975960882913e-07
XXbac-B135H6.15,RP11-665G4.1,7.936923728870647e-07
VPS41,RP11-423C15.3,7.865472572018489e-07
TUBA1C,KCNK5,7.843977013363976e-07
LTBR,RP11-722E23.2,7.756386171687216e-07
HTT,RP11-167N5.5,7.724365393639375e-07
AKAP13,C11orf45,7.715569049782009e-07
SIK3,AC009312.1,7.662768605240488e-07
DGAT1,GJC2,7.551155577812587e-07
TMSB10,RP11-362K14.6,7.502929182611412e-07
EP400NL,RP11-524F11.2,7.485199822141458e-07
NCKAP5L,RP3-323N1.2,7.471786732287964e-07
DOCK2,KRBOX1-1,7.441464770570172e-07
SLC12A9,RBL1-1,7.435611608252635e-07
LAMP5,LHX1,7.418936961993944e-07
PPBP,C1orf177,7.39640129787634e-07
SRPK2,LHX1,7.372618921737794e-07
CYTL1,RP11-167N5.5,7.327172195935874e-07
FCRL6,RP11-54O7.1,7.324520794129313e-07
CWC25,LRP12,7.319459471920773e-07
RPL34,BBS5,7.291048062078844e-07
LY86,CXCL10,7.274129107044766e-07
FGFBP2,CTD-2619J13.3,7.25641271284841e-07
CDC14B,RP3-323N1.2,7.247402104997353e-07
RELT,ARNTL2,7.217442533040996e-07
RNASE2,MPP4,7.17933539168493e-07
HLA-DRA,CCR8,7.1699903018178e-07
SLK,KRBOX1-1,7.166862928383878e-07
LINC00926,PDE1A,7.108235960540986e-07
LST1,RP11-769O8.2,7.049942873496712e-07
LINC00936,GJC2,6.997820620369567e-07
RP1-43E13.2,PAPL,6.98099676288787e-07
SLC15A3,XX-FW83128A1.2,6.941870468526771e-07
NCF2,RP11-29H23.4,6.939079471270878e-07
ZNF683,RHOV,6.935765031390646e-07
SNAI1,PAPL,6.896763683642059e-07
ADAMTSL4,RP11-713D19.1,6.884547245233141e-07
NIN,CLDN22,6.835488309826781e-07
IL32,GJC2,6.814644011777273e-07
SENCR,RP11-358L4.1,6.80959170524695e-07
RALBP1,IL17A,6.679994981672123e-07
PGRMC1,CGN,6.652144733411797e-07
FRMD4B,RP11-722E23.2,6.629246141484879e-07
SLC11A1,RP11-362K14.7,6.624067233634224e-07
HIST1H2AC,C1orf177,6.622433774695613e-07
TST,RP11-414H17.5,6.612985005927427e-07
PFKFB2,CTD-2081C10.7,6.588671102048859e-07
M1AP,RP11-713D19.1,6.538544844450121e-07
GSTO1,RP11-420L9.5,6.513791821561806e-07
AC016757.3,PDE1A,6.500349180467892e-07
PDZD8,RP1-86C11.7,6.461822868834013e-07
RP5-882C2.2,RP11-787I22.3,6.442589021184415e-07
CTSS,S100A3,6.34475031902542e-07
TLR4,HSPA12B,6.31139790139963e-07
ACTB,XX-FW83128A1.2,6.292067618191885e-07
SLC45A4,ADAM20,6.281943492153376e-07
IQGAP1,ADAM20,6.274299588372808e-07
GNAI2,RP11-118K6.3,6.259546021662822e-07
NLRP3,RP11-524F11.2,6.229367538720787e-07
VTI1B,C19orf44,6.17283748438022e-07
TMSB10,RP11-276E15.4,6.140964459354478e-07
CD7,RP11-414H17.5,6.115286785600529e-07
ABHD1,CTD-3224K15.3,6.057864180744255e-07
NFE2,ARNTL2,6.001593721185875e-07
IGF2R,CTD-2620I22.7,5.940571034343141e-07
PTPRE,USP27X-AS1,5.932436597232602e-07
GZMB,KCNK5,5.81411481120933e-07
RGS2,LHX1,5.789063454724413e-07
ZNF593,CTD-3224K15.3,5.785330759030117e-07
DTHD1,RP11-722E23.2,5.763176961737776e-07
IGLL5,RP11-55K13.1,5.746677525227023e-07
PLEK,RFX8,5.707767863539378e-07
TMSB4X,S100A3,5.65855929954355e-07
SASH1,ARNTL2,5.57316121505755e-07
HP,RP11-118K6.3,5.542981301513699e-07
NPLOC4,HBA2,5.542588163111349e-07
CTTN,RP11-225B17.2,5.541426526932894e-07
RP11-1007O24.3,PDE1A,5.534554030824602e-07
TRAK1,CAPN9,5.514339658070187e-07
FTL,FOXE1,5.484677565768338e-07
ACRBP,MMP1,5.441197617212781e-07
ZNF143,CCDC81,5.393193282151649e-07
F2R,RP11-787I22.3,5.373848222634775e-07
MVB12B,CXXC4,5.35681355412363e-07
IRF7,LHX1,5.350216317629512e-07
KLRC1,CLDN22,5.288272283807503e-07
PHACTR1,LHX1,5.261650138707827e-07
PODXL,RFX8,5.197295771800626e-07
RCE1,RP11-225B17.2,5.150857509709066e-07
BLK,CASC2,5.11574407117729e-07
LIG4,CTD-3224K15.3,5.024578496053822e-07
PDCD7,GJC2,5.021504677225561e-07
AKR1C3,CSN1S1,5.019025740810564e-07
ARHGEF40,NLGN3,5.003850375261527e-07
MYL6,ZNF572,5.000076323614407e-07
STK32C,CASC2,4.958502048137976e-07
SCFD2,MAEL,4.954463760503853e-07
ZNF703,RP11-168O16.1,4.954415268827532e-07
HK3,C15orf65,4.951363321743233e-07
CMTM5,MAEL,4.943138526605773e-07
FCER1G,ACKR2,4.935793609671159e-07
MEGF9,ELMOD1,4.930625770245272e-07
ARID5A,AC079354.5,4.894119140147379e-07
XCL2,RP11-787I22.3,4.848546897558673e-07
EXD3,AC015971.2,4.815158962550512e-07
AP1S2,NLGN3,4.779767464443165e-07
TNFRSF1A,TMEM105,4.770556197291875e-07
CTSH,HSPA12B,4.687946241571646e-07
MFSD2B,ADAM20,4.676302538986911e-07
PYCARD,CXXC4,4.671797191699807e-07
FGFBP2,HBA2,4.660880119617879e-07
TNFRSF1B,HCAR1,4.65462100453822e-07
TBXAS1,PAPL,4.615608515368123e-07
HLA-DPA1,FKBP9,4.6028729581091444e-07
CAPNS1,ADAM20,4.591030160967687e-07
FCER2,CCR8,4.58929234297367e-07
NNT,SEZ6,4.552984486553263e-07
KLRG1,LINC00638,4.551121745756445e-07
CENPBD1,LONRF2,4.539796104824797e-07
NBAS,GRIN2C,4.528470676107976e-07
PPP1R12C,RP11-362K14.6,4.51248472280987e-07
OAZ1,DDR2,4.5065787627776853e-07
RP1-168L15.5,LIF,4.4471176973601147e-07
SLA,RP11-713D19.1,4.40827779439077e-07
AP003068.23,RP11-713D19.1,4.390654268207676e-07
HDGF,PAPL,4.363676017894045e-07
LTB,RP11-722E23.2,4.337134804850608e-07
CD4,STRIP2,4.3270592528701066e-07
APOBEC3G,CTD-3224K15.3,4.32492135111055e-07
FAM214B,RP11-118K6.3,4.323721449263384e-07
RP11-479G22.8,RFX8,4.310078903190155e-07
IL32,RIPK4,4.303984939850053e-07
DYM,CXXC4,4.302939395643579e-07
MLH3,HSPA12B,4.255696243245029e-07
SH2B3,CSN1S1,4.222509970371555e-07
PTMS,AC007036.6,4.1722726258365843e-07
TLDC2,RP11-328C8.4,4.12835829456231e-07
TSC22D1,IL17A,4.109282167863541e-07
LILRA3,AC108025.2,4.074000460764263e-07
SMG5,RP11-167N5.5,4.048393283286409e-07
MESDC2,RP11-196O16.1,4.018279257035734e-07
RP5-1028K7.2,RP11-787I22.3,4.01125093880818e-07
PID1,ARNTL2,4.002483310106373e-07
MYO1B,CTD-2620I22.7,3.968170177129888e-07
ILK,RP11-546M21.6,3.94261665602307e-07
TET3,C1orf101,3.900185771948301e-07
CD7,STRIP2,3.871793614630146e-07
CHD6,RP3-323N1.2,3.867097041577257e-07
STXBP2,RP11-546M21.6,3.849881445577431e-07
YWHAH,STRIP2,3.811988796300171e-07
KIAA2013,ELMOD1,3.712899861405689e-07
PTTG1,RP11-769O8.2,3.693267307751242e-07
SYTL2,STRIP2,3.604438646030372e-07
SNAP23,GCSAML,3.539892697584733e-07
PLEK,LINC00638,3.510548871652957e-07
RUNX3,AMZ1,3.450618576634918e-07
SYMPK,GPR153,3.443733104108088e-07
MFSD1,EPN2-AS1,3.443693867912892e-07
CD300E,ELMOD1,3.420797703089387e-07
IL1RN,GRIN2D,3.332977582568979e-07
PLEK,FAM47E-STBD1-1,3.323197435596116e-07
LAT2,RP11-358L4.1,3.287516206232362e-07
FYN,MPP4,3.2855401928134933e-07
TNFRSF1B,RP11-816J6.3,3.275417845289054e-07
CCL5,MAEL,3.274577956879255e-07
LHFPL2,RP4-677H15.4,3.2518566416843733e-07
NOL3,RET,3.2296454345156813e-07
IQSEC1,AC007036.6,3.2242752260295497e-07
CTSS,RP11-314C16.1,3.211253837550172e-07
UNC93B1,ADAM20,3.1760656458977604e-07
ZNF322,RP4-655J12.4,3.1625796368766145e-07
TPM4,FAM47E,3.105547374629505e-07
LINC00152,APCDD1,3.035187180682772e-07
GSTP1,CXXC4,3.00902621898737e-07
CD14,GCSAML,2.998365084923889e-07
MT-ND1,AC009312.1,2.972395761750463e-07
CKAP5,IL17A,2.970100298862849e-07
PLCH2,RP3-323N1.2,2.966566688792866e-07
UNK,APCDD1,2.949807744781113e-07
FCER1G,LHX1,2.949325399908211e-07
MS4A6A,S100A3,2.929452717991364e-07
OAZ1,STRIP2,2.921106182686428e-07
EFCAB7,RP11-787I22.3,2.9163155124763944e-07
PTRH1,CTD-2620I22.7,2.909826997426433e-07
KIAA0040,LHX1,2.904138690540132e-07
BMF,RP11-414H17.5,2.903669701982873e-07
PLXNB2,CSN1S1,2.8722918909846544e-07
STX3,CASC2,2.869754332964589e-07
JOSD2,APCDD1,2.867221886095468e-07
SH3BP2,SNRK-AS1,2.8649203462924864e-07
EIF4EBP1,ARNTL2,2.821676654735507e-07
COMT,ARNTL2,2.8139175838736773e-07
ADAP2,IL10,2.813776277921682e-07
MYO1E,CENPI,2.811607867772183e-07
RPLP1,AC009312.1,2.794734860558207e-07
CD74,RP11-276E15.4,2.760899113897145e-07
ADRBK1,TRIM54,2.7190280062090213e-07
LRCH3,ZNF572,2.704435806910052e-07
CD97,RP11-54O7.1,2.691946283389874e-07
FAM214B,ARNTL2,2.6624383957304017e-07
PACSIN2,RP11-225B17.2,2.660919409854281e-07
CTSW,RHOV,2.653504408945084e-07
CSF1R,RP11-29H23.4,2.648149944077592e-07
TPM2,ACKR2,2.644589505688106e-07
AKAP13,RP11-168O16.1,2.636062682691876e-07
S100A9,XX-FW83128A1.2,2.600348836657513e-07
CTD-2015H6.3,MTTP,2.599164046089629e-07
LST1,RP11-29H23.4,2.5990987497184004e-07
SPIB,RP11-456K23.1,2.59336401334559e-07
TNFAIP2,AGAP9,2.589586984086367e-07
SMARCD3,RP11-167N5.5,2.5853352937436386e-07
RETN,LONRF2,2.577251719868461e-07
ARHGAP24,CTD-3224K15.3,2.56489328582663e-07
GSTP1,ESPL1,2.56223309112022e-07
MDM1,GRIN2C,2.5195744963584e-07
MIR142,FOXE1,2.4973235466213975e-07
CBX4,CTD-2620I22.7,2.487323351028111e-07
SPI1,CTC-498J12.3,2.471525609878825e-07
VAV3,AGAP9,2.457167592449621e-07
C1orf21,RP4-677H15.4,2.441789466272509e-07
AKAP9,XX-FW83128A1.2,2.441447302112098e-07
DKFZP761J1410,CTC-498J12.3,2.4375800136539684e-07
SLK,ACTG2,2.408455697026951e-07
VMO1,AP3B2,2.404882733056443e-07
FLNA,CTC-498J12.3,2.3723293313953426e-07
STXBP2,CCR8,2.33482108524426e-07
CD68,CTC-498J12.3,2.325119978868009e-07
GPX1,CCR8,2.3181386133330335e-07
RETSAT,GJC2,2.3161318301879757e-07
TMCC2,HSPA12B,2.3157313937393866e-07
MPST,CTC-498J12.3,2.3105630007888482e-07
HLA-DOB,ADAM20,2.3030511045174962e-07
RILP,VSTM2B,2.3015189396875877e-07
RP11-646J21.5,RP11-167N5.5,2.264618747441524e-07
SFXN5,RP11-423C15.3,2.2553681720016242e-07
KLF6,SNRK-AS1,2.252919472440895e-07
RP1-197B17.3,RP11-414H17.5,2.241131760890902e-07
FAM110A,DCLRE1A,2.239724830089189e-07
PACSIN2,RP11-328M4.2,2.2222624995421427e-07
IRF7,AC108025.2,2.1882191432211867e-07
NCF2,CTC-503J8.4,2.168946404722067e-07
MT-ATP6,RP11-546M21.6,2.164170913870444e-07
TCL1A,RP11-665G4.1,2.1601257455551407e-07
SIN3A,RP11-225B17.2,2.156658038675901e-07
GPX1,C1orf101,2.153622339530226e-07
PKN3,STRIP2,2.1187793429582105e-07
C16orf54,VSTM2B,2.115140844429753e-07
CXCR3,RP11-769O8.2,2.1137756607231484e-07
FUOM,C1orf111,2.0983914849301729e-07
TMEM176B,CTC-503J8.4,2.092747872597382e-07
PTPN18,RP11-118K6.3,2.0601236896315268e-07
NCOA4,RP11-15A1.7,2.056574143976532e-07
DUSP1,RP11-328M4.2,2.0522911581420826e-07
COPRS,RP11-54O7.1,2.024727064193431e-07
EIF3B,FAM47E-STBD1-1,2.01990721455054e-07
CWC25,RP11-81H3.2,2.0185257054519099e-07
PF4,RP11-54O7.1,1.988129754597676e-07
CES1,CLDN23,1.959381852821751e-07
DHX34,VNN3,1.9564596608771837e-07
PGPEP1,PDE1A,1.944227903218828e-07
TMEM141,GPR153,1.924691074334409e-07
HLX,RP11-423C15.3,1.924626343075888e-07
NFKBIA,USP27X-AS1,1.905687527490489e-07
GNAI2,PDE7B,1.894246015083693e-07
CLUH,ARNTL2,1.869289072236861e-07
TNFSF13B,TTC39A,1.866093868477519e-07
MT-CO1,KCNK5,1.8541650569874305e-07
CHD8,RP11-225B17.2,1.845065522427832e-07
PCNXL3,STRIP2,1.8437990101574676e-07
MAFK,PTPRR,1.8304167699335608e-07
CCDC153,RP11-414H17.5,1.825304743613489e-07
PTGDR,CSN1S1,1.80833195125062e-07
CHD6,PLCD4,1.8013375366500982e-07
APMAP,C17orf96,1.797458625893861e-07
CALCB,C1orf111,1.787094533588213e-07
TLN1,RP11-55K13.1,1.770912447431228e-07
SCRIB,RP11-167N5.5,1.75306842581399e-07
ABCA2,CTD-3224K15.3,1.7489401254014676e-07
NIN,C17orf96,1.732903477598861e-07
ARID5B,C17orf96,1.7146184544478774e-07
PILRA,FAM225A,1.7132077661210085e-07
GRAP2,CTD-2620I22.7,1.709622999668613e-07
MYBL1,ELMOD1,1.7067028928739857e-07
TLK1,FAM47E-STBD1-1,1.6984564219094094e-07
HDGF,CTRC,1.6726557272435398e-07
NPC2,RP11-276E15.4,1.6406132342697052e-07
FTL,RP11-328C8.4,1.6265661731960153e-07
NUP214,RP11-505P4.7,1.6223923144516014e-07
AC023590.1,RP11-276E15.4,1.6079650309111057e-07
HLA-DPA1,CCR8,1.5972659265922537e-07
SEMA4A,SNRK-AS1,1.5860742213619793e-07
TMEM91,RP11-546M21.6,1.5628028161300837e-07
ANXA2,RP11-81H3.2,1.5359496402494085e-07
C19orf33,RP11-546M21.6,1.5305731052951185e-07
YBX3,ELMOD1,1.5239441464032665e-07
AOAH,SNRK-AS1,1.5208817084749488e-07
SH2D1B,AC016738.4,1.5127830011160277e-07
TBX21,CTD-3224K15.3,1.5010114454065178e-07
UBE2V2,RP11-118K6.3,1.473811621254581e-07
GAA,EPAS1,1.4512102437079428e-07
SLC27A3,C1orf101,1.448058723865854e-07
ISG15,CTC-498J12.3,1.44182201140489e-07
ARHGEF40,C1orf111,1.417903764309945e-07
CD7,DIRC3,1.384165157616667e-07
FAM114A1,RP11-167N5.5,1.333069569519779e-07
MALAT1,ADAM20,1.3317789480918586e-07
UBE2V2,RP11-167N5.5,1.3230652576498054e-07
CDC42EP3,DIRC3,1.319919492715108e-07
PID1,ELMOD1,1.3198628315121568e-07
FOS,RP11-168O16.1,1.3081413467663565e-07
NRGN,RP11-713D19.1,1.2922611070040286e-07
PHF21A,JAG2,1.287867911138089e-07
TCF4,RP11-168O16.1,1.2873750000508636e-07
MMP17,AP3B2,1.267093247446721e-07
GPX1,GPR153,1.2578378487441296e-07
B2M,RP11-269M20.3,1.2388234370064876e-07
CAST,PDE1A,1.1995684051144646e-07
ENKD1,RP11-358L4.1,1.1933183841383266e-07
KLRC1,RP3-323N1.2,1.1926572145020238e-07
ZGLP1,AC068282.3,1.1898269308128065e-07
C12orf75,PTH2,1.1888782778771113e-07
ARNT,GSG2,1.1863198761011289e-07
PNPLA6,RP11-81H3.2,1.1860482092552093e-07
PARVB,JAG2,1.16895179101691e-07
S100A4,TRIM54,1.15921905791343e-07
KIF13B,USP27X-AS1,1.157995354377083e-07
KCTD2,RP11-769O8.2,1.1553023785807844e-07
IFIT3,C1orf111,1.152887461229444e-07
IGLL5,XX-FW83128A1.2,1.1467870859169386e-07
EED,RP11-358L4.1,1.1367117559323222e-07
SFXN5,SIAH3,1.135585535520183e-07
EFHD2,HBA2,1.1355169425503983e-07
TMEM41B,SIAH3,1.135029878015536e-07
ALOX5,CTD-2620I22.7,1.1323013723486201e-07
ID3,KCNK5,1.1228097930881573e-07
RUFY1,RIPK4,1.0939730021601292e-07
GNLY,C1orf177,1.0769069516134745e-07
ROCK2,RP11-713D19.1,1.067068799606206e-07
RGS2,RP11-686D22.4,1.0622985154886841e-07
RPLP1,GRIN2C,1.0603026098634597e-07
FAM217B,RP11-362K14.6,1.0501532411496249e-07
ID3,RP11-328M4.2,1.0480957529956169e-07
ID3,RP11-81H3.2,1.0468062869154563e-07
GRAP2,RIPK4,1.0403747444775105e-07
GAB3,PAPL,1.0380021260714705e-07
RGS2,SEZ6,1.0349027169202573e-07
MZB1,LHX1,1.0249566091199761e-07
STAB1,ELMOD1,1.0155892142641767e-07
USP46,SIAH3,1.0135091538608418e-07
SERPINF2,RP11-420L9.5,1.0076117336737569e-07
B2M,DCLRE1A,1.0071705378104783e-07
RAB32,HSPA12B,1.0006290559214017e-07
CTSH,ADAM20,9.964221379042988e-08
CCL5,RP11-15A1.7,9.805759299548957e-08
SAMHD1,GRIN2C,9.804366454014212e-08
GSN,PDE1A,9.789688453006349e-08
STAT3,AC015971.2,9.652945346960997e-08
IER5,ARNTL2,9.625052648175857e-08
RGS6,RP11-787I22.3,9.579492256081441e-08
S100A6,COL1A1,9.56919981378859e-08
FOS,RP11-275I4.1,9.481795101355049e-08
NCOA4,RHD,9.388475195903977e-08
PLEKHF1,AP3B2,9.325907857539495e-08
JOSD2,ARNTL2,9.322026679764978e-08
ZGLP1,TNS4,9.294944784642601e-08
MB21D1,JAG2,9.271983851024544e-08
AKNA,CAPN9,9.268827108130237e-08
C1orf21,RP11-225B17.2,9.261140733085287e-08
IL32,RBL1-1,9.189919294090593e-08
WASF2,FOXE1,9.166963551064777e-08
MAP3K3,CLDN23,9.165618825574809e-08
C6orf25,DCLRE1A,9.105554923820929e-08
NCF1,KRBOX1-1,8.95125919486184e-08
MT-ND2,AC015971.2,8.698845159572141e-08
MAML3,RP11-275I4.1,8.680990874442284e-08
GNLY,TNS4,8.589926608954617e-08
RP11-624L4.2,RP11-275I4.1,8.563080699399764e-08
MARVELD1,TRIM54,8.534346004858319e-08
PLAC8,RP4-677H15.4,8.532889488232744e-08
KLRG1,PTPRR,8.522212121370368e-08
SYNE2,RP11-358L4.1,8.497134604149159e-08
GAA,APCDD1,8.413995548393171e-08
SAPCD2,AC016738.4,8.410255708291211e-08
PARD3,RET,8.41014623178143e-08
SYTL3,C1orf101,8.36753901082721e-08
IRS2,RP11-362K14.7,8.356895969026804e-08
GTF3C1,GCSAML,8.346868666689543e-08
ARID5A,DDR2,8.32837208627968e-08
TMCO3,UNC13A,8.270844031164884e-08
NFE2,MTTP,8.22251488583457e-08
CDC42EP3,RP11-81H3.2,8.218381352070666e-08
HHEX,PDE1A,8.180491224510429e-08
AKNA,USP27X-AS1,8.175550711381427e-08
RPP25L,STRIP2,8.168603871766424e-08
AIF1,AC016738.4,8.154897754248833e-08
ANKRD13D,CTD-2619J13.3,8.120866305830667e-08
TRIP10,AFAP1L1,8.012475377417624e-08
C4orf48,AC009312.1,7.981390603862648e-08
CD22,PDE1A,7.972694607465706e-08
CTSD,RGS9BP,7.942768256593012e-08
MYL6,RP11-81H3.2,7.867173230521498e-08
EIF3B,AC009312.1,7.849615969633419e-08
MLH3,RGS9BP,7.844773063911222e-08
TLN1,APCDD1,7.751428533015534e-08
ALOX5AP,HBA2,7.648264963700506e-08
ZNF362,RP11-167N5.5,7.544253491046159e-08
MDM1,PAPL,7.537282775162979e-08
ISG15,RP11-328C8.4,7.422456550086326e-08
HLA-DRA,SNRK-AS1,7.401800733163319e-08
TIMP1,AC108025.2,7.399235220433228e-08
IGJ,CSN1S1,7.376254139992724e-08
GRAP2,CASC2,7.354556637536555e-08
NFKBID,WFDC3,7.317972735178406e-08
CD151,AC140481.2,7.255910066350252e-08
HLA-DPB1,EPAS1,7.165548356071084e-08
VIM,GPR153,7.125792014250783e-08
RP11-611D20.2,EPAS1,7.091411384731208e-08
TMEM8B,RHOV,7.081686021756642e-08
SNHG18,CTD-2619J13.3,7.049883010981829e-08
TLR6,LHX1,7.04777849105492e-08
SNAI3,RP11-787I22.3,7.02991527330727e-08
ANKRD11,PDE7B,6.909706313595399e-08
PLAUR,HCAR1,6.893706792366363e-08
RP1-197B17.3,COL1A1,6.860759947043616e-08
HLA-DPB1,RP11-348N5.7,6.810421981064203e-08
EVC2,HCG20,6.792693513797739e-08
MPP1,WFDC3,6.748361737817698e-08
RP11-705O1.8,PAPL,6.699954225502948e-08
C9orf89,ACTG2,6.688724850748634e-08
PQLC1,RP11-423C15.3,6.66867284217817e-08
GNAI2,ACTG2,6.622361641379929e-08
CXCL2,RP11-167N5.5,6.619976916534213e-08
FCGR3A,LAMB3,6.530809736866374e-08
MEF2C,FKBP9,6.502361881374858e-08
IQGAP1,RP11-328M4.2,6.487757045867065e-08
IFI27L2,RP11-196O16.1,6.455744764622537e-08
IER2,TNS4,6.422335802416302e-08
PPM1F,GRIN2D,6.420416643204005e-08
SYK,RP11-328M4.2,6.36697984247885e-08
CAPNS1,HSPA12B,6.329975209583846e-08
GPBAR1,RP11-29H23.4,6.298528393910438e-08
OSCAR,FOXE1,6.020007279657074e-08
HES4,RP11-314A20.5,5.978654828731652e-08
MFSD12,RP11-787I22.3,5.940285625690292e-08
IQSEC1,DDR2,5.858124047160304e-08
CLEC7A,WFDC3,5.8071772231288354e-08
H1FX,CAPN9,5.7959368310727725e-08
CD151,CTD-2620I22.7,5.783067337418366e-08
POU2F2,CAPN9,5.7790923778110654e-08
KIF13B,AC009312.1,5.71850771858953e-08
ARHGAP10,RP11-423C15.3,5.592627651583797e-08
CCL5,RP1-122O8.7,5.588281869757034e-08
ADRBK2,RP11-787I22.3,5.559258468972497e-08
S100A9,RP11-54O7.1,5.541504641326671e-08
RP11-326I11.3,CYB5R2,5.520039105849938e-08
CD72,GSG2,5.5178541286716884e-08
ZNF132,CAPN9,5.498955963274487e-08
UBE2F,XX-FW83128A1.2,5.4826956456832884e-08
BLK,RP11-665G4.1,5.44338212569053e-08
MYBL1,HCAR1,5.4329689842396535e-08
C11orf83,STRIP2,5.38340874425257e-08
SEMA4A,RP11-665G4.1,5.364871540667451e-08
FTL,RP11-456K23.1,5.3648170061981126e-08
MAGIX,GRIN2C,5.346821580833226e-08
SAT1,ZNF572,5.2397931579378416e-08
IRAK1,RP4-635E18.7,5.2245434713049185e-08
KPNA6,CLDN23,5.136741355540176e-08
TLN1,LRP12,5.1251959647568856e-08
BRD2,RP11-276E15.4,5.11918341260796e-08
RP11-110I1.14,RP11-362K14.7,4.950153569723889e-08
PLEKHF1,RP11-358L4.1,4.9125458607065944e-08
ISG15,RHOV,4.899327186704436e-08
HLA-DRB5,RP11-269M20.3,4.8774155713718065e-08
hsa-mir-1199,RP11-546M21.6,4.8760406945194753e-08
PACSIN1,RP11-713D19.1,4.82394858681996e-08
TUBA4A,MMP1,4.8023646327286854e-08
TJP2,RP11-511B23.2,4.7938011396085936e-08
SNX22,RP4-635E18.7,4.77826977821949e-08
MALAT1,LINC00638,4.745590476645721e-08
SLC46A2,GJC2,4.730637611824445e-08
MS4A6A,RP11-196O16.1,4.7076482349151255e-08
KDM4B,AC015971.2,4.6686582533644335e-08
C6orf120,CXXC4,4.6312316693618326e-08
TBX21,RP11-118K6.3,4.6206273253169196e-08
CD14,GJC2,4.6033360177237794e-08
ESAM,RP11-15A1.7,4.593579881269295e-08
HLA-DPB1,RP11-269M20.3,4.5606599434605525e-08
TAF13,HBA2,4.556622465724211e-08
STK40,IQSEC3,4.471581258102342e-08
NCF1,RP11-787I22.3,4.4616475453343816e-08
GIMAP8,RP11-54O7.1,4.4454626406289124e-08
TUBA1C,RHOV,4.4363184783481194e-08
GNPTAB,CTRC,4.427016193675925e-08
RP3-467K16.4,RP11-167N5.5,4.4155631623914046e-08
GLIPR2,HSPA12B,4.302594758390454e-08
NRGN,CTD-2192J16.26,4.222714213150618e-08
HOTAIRM1,RP11-722E23.2,4.1789543884232896e-08
PRR24,MST1R,4.1786405808322894e-08
TIMP2,ELMOD1,4.1730763523394984e-08
MAP3K3,FAM225A,4.066105769078749e-08
RPPH1,CTC-503J8.4,4.0332264157032144e-08
APP,RP11-54O7.1,4.0164751816994975e-08
DNAJC1,CTD-3194G12.2,3.992584056689178e-08
SIK3,STRIP2,3.9687784545004095e-08
HIST1H2BJ,RP11-269M20.3,3.96314142911109e-08
CACNA2D4,RP11-686D22.4,3.9240042422126174e-08
CHAF1A,CTC-498J12.3,3.8858870585037784e-08
NBEAL2,GRIN2C,3.8842665896020854e-08
IQSEC2,CTC-498J12.3,3.875827832648862e-08
IFI30,LONRF2,3.822250689644006e-08
RASSF4,CSN1S1,3.8136666465563036e-08
GZMB,S100A3,3.809469414059269e-08
MROH1,FKBP9,3.783616769328344e-08
SUGP2,VNN3,3.751238697780113e-08
HLA-DQA2,S100A3,3.7336609727206846e-08
NEXN,RP11-142C4.6,3.723873213744711e-08
TMSB4X,EPN2-AS1,3.7214344494319596e-08
ARMC7,RP11-787I22.3,3.7053320105914645e-08
PRR24,KRBOX1-1,3.6797969887157576e-08
HSCB,RP1-261D10.2,3.667067272742803e-08
AC073641.2,PAPL,3.65100314997278e-08
TIMP1,RP11-142C4.6,3.6497681367709266e-08
IRAK3,FKBP9,3.645105135908576e-08
NT5C3A,HSPA12B,3.6363697581308766e-08
STAT3,FKBP9,3.63544770100324e-08
TMPRSS13,PAPL,3.618719817143596e-08
ST3GAL6,PAPL,3.6166676701072996e-08
APLP2,GPR153,3.6146324538023273e-08
HHEX,CASC2,3.587390821795228e-08
RP11-552D4.1,RP11-196O16.1,3.5801395085087425e-08
HIST1H2BK,LINC00951,3.5657947295227544e-08
CTSD,CTC-503J8.4,3.5652048833263695e-08
INTS9,NODAL,3.5579933821600174e-08
B2M,RP11-196O16.1,3.557975621734185e-08
TNS3,LONRF2,3.553720011226104e-08
BOD1L1,FOXE1,3.5513250956775795e-08
PILRA,CASC2,3.518842075397891e-08
ZCCHC17,RP11-276E15.4,3.5081761752119374e-08
APOBEC3A,RP1-261D10.2,3.5078787958730766e-08
UBE2Z,MST1R,3.506937237356913e-08
OS9,LONRF2,3.4686068142609146e-08
COQ7,XX-FW83128A1.2,3.4493141479038e-08
MPST,RP11-196O16.1,3.444454252110584e-08
NKG7,TRIM54,3.4315951782193014e-08
UTP14C,RHOV,3.426087121554338e-08
STK40,MST1R,3.415643180053349e-08
PRF1,C1orf177,3.3864927865630726e-08
RPL34,C1orf177,3.3424329981822224e-08
MAPK8IP3,CTD-2192J16.26,3.33396835508686e-08
STXBP2,ACKR2,3.3339517618024885e-08
ARMC7,CTD-2620I22.7,3.333692117673816e-08
PACSIN2,C17orf96,3.3253013211945306e-08
CD8B,HBA2,3.3058179640263044e-08
CEBPA,LONRF2,3.279444923895623e-08
FLNA,VNN3,3.2616317673289044e-08
LY86,RP11-167N5.5,3.2553322364471994e-08
GGA1,APCDD1,3.243515617717821e-08
S100A6,CCDC81,3.2288104048398825e-08
CCR10,RP11-196O16.1,3.227575264722077e-08
C19orf38,CASC2,3.207966261627171e-08
MYO9A,RP11-54O7.1,3.1643422184536646e-08
SAT1,ACKR2,3.1642576938501486e-08
ICAM1,CTD-2192J16.26,3.1417415578911873e-08
C6orf120,MPP4,3.1251382101481544e-08
TNPO2,RP11-362K14.6,3.1171518503221944e-08
HLA-DRB1,AC079354.5,3.093569314180016e-08
ZCCHC2,ZFHX2,3.0192318371760814e-08
RP11-442N24__B.1,VNN3,2.9957522342584e-08
GALK1,VNN3,2.985067484637722e-08
CD74,RP11-29H23.4,2.9102616374378732e-08
TMEM41B,AF131215.5,2.9089077696749862e-08
TYMP,ARHGEF28,2.8818421176189162e-08
TSPO,RP11-15A1.7,2.870987425795861e-08
CMTM5,RP11-15A1.7,2.8138547760230836e-08
HIST1H2AC,RP11-276E15.4,2.7864943680650216e-08
THBS1,RP11-15A1.7,2.7578590659806757e-08
ATG2A,CTD-2527I21.7,2.7547966404592555e-08
S100A8,JAG2,2.7467925365517164e-08
LTB,TRIM54,2.7347021853550148e-08
C10orf11,CTD-2620I22.7,2.7312484820745275e-08
MT-CO1,RP11-196O16.1,2.724542898668513e-08
CCL3,AC079354.5,2.7207291410529976e-08
HLA-DQB1,RP11-275I4.1,2.7063753398268014e-08
TNFAIP2,ZFHX2,2.7061889493942785e-08
hsa-mir-1199,RP11-15A1.7,2.7029776705672048e-08
CD79B,APCDD1,2.6971149348381642e-08
TPCN1,C2orf48,2.677433184956325e-08
IL1B,CXCL10,2.67598095851019e-08
KLRF1,CGN,2.6695516884353938e-08
DUSP23,FZD8,2.6135216526655862e-08
CCDC82,GSG2,2.6077730606461492e-08
AHNAK,DDR2,2.5968871136721955e-08
RPLP1,AC140481.2,2.585470293020191e-08
CENPJ,RIPK4,2.5591450869905552e-08
RP11-332H14.1,VSTM2B,2.5087382368123286e-08
GUCY1A3,RIPK4,2.5010183506079815e-08
ZDHHC1,GJC2,2.4775198709274988e-08
CD300E,AC007036.6,2.4700214824099952e-08
FOSB,SEZ6,2.468303716598688e-08
DUSP23,CCDC81,2.4597093077022415e-08
ZC3H13,RP11-325I22.2,2.4561572274211863e-08
MTHFR,CSN1S1,2.4515536457492037e-08
RP11-45M22.5,FZD8,2.430049512992421e-08
AHNAK,RP11-414H17.5,2.4260565305822773e-08
GPR141,FZD8,2.4169556149523187e-08
NMB,HCG20,2.388293422276012e-08
ZNF467,LINC00638,2.383240447856384e-08
LYL1,PSD3,2.3771059137878032e-08
PARVB,ACKR2,2.365299764230409e-08
ZNF358,RP11-81H3.2,2.36025005878748e-08
TIMP1,RP11-325I22.2,2.352579585280892e-08
ROBO3,PDE1A,2.351062853318168e-08
RCE1,RP3-323N1.2,2.2729976605706307e-08
MT-ND1,EPHB3,2.2678404636627137e-08
ARHGEF12,PTH2,2.2677686926041698e-08
LINC00989,PTPRR,2.2508402652399412e-08
TLE3,RP11-325I22.2,2.2404815207100864e-08
WDHD1,ARNTL2,2.2387325194031003e-08
CD8B,BBS5,2.2260234275528582e-08
ILK,SNRK-AS1,2.2123605299172292e-08
RP11-443B7.1,AL049829.1,2.173581130099173e-08
MYCBP2,XX-FW83128A1.2,2.1710847370274477e-08
PLA2G16,PLCD4,2.1565647972509026e-08
RAB31,PTPRR,2.155468135395242e-08
TLE3,TNS4,2.1359671666670385e-08
TUBA4A,STRIP2,2.135749424315159e-08
RPL3,PTPRR,2.128213082070164e-08
MYL6,CTD-2619J13.3,2.1010431293630257e-08
KCNC3,CYP46A1,2.0915089416444448e-08
WDR11,CTD-3194G12.2,2.0660180887220077e-08
LRBA,RIPK4,2.0130802838650272e-08
IFI27L2,AC007036.6,2.0077716679876708e-08
KIF13A,CXCL10,1.9988567960613308e-08
IER5,RP11-168O16.1,1.9956151170550182e-08
FTH1,EPHB3,1.9519003865825225e-08
SECTM1,C15orf65,1.9229774627752652e-08
EGFL7,RP11-546M21.6,1.9085457420447993e-08
PPM1F,RET,1.9079876291539168e-08
TMEM91,GRIN2D,1.9055970935847243e-08
NUSAP1,AF131215.5,1.9000903566117648e-08
GTF2I,HCG20,1.8988136994993557e-08
YBX3,ACKR2,1.8888067217718356e-08
MTHFR,GRIN2D,1.8771625796027774e-08
LYZ,RP1-122O8.7,1.8758667925947416e-08
FBXW11,RP1-122O8.7,1.868005182589406e-08
ZCCHC18,RP11-54O7.1,1.854144923342178e-08
SH3BP2,RP4-635E18.7,1.845751668135803e-08
HLA-DPB1,LONRF2,1.8421616706882083e-08
MYO9A,RP11-168O16.1,1.8356949089675346e-08
ZMYND8,ACKR2,1.8295890914739724e-08
FGR,FZD8,1.8249050013739896e-08
CSTA,ARHGEF28,1.8164092081942264e-08
OASL,SNRK-AS1,1.8067248711332583e-08
DYNLT1,MST1R,1.7979709651629037e-08
JAM3,ACTG2,1.7889403028771626e-08
SNX29,JAG2,1.7756089716500606e-08
CD19,LONRF2,1.7702526403560233e-08
GNLY,FKBP9,1.7496912096383293e-08
RP11-73M7.9,CTD-3224K15.3,1.7459498390042656e-08
ARHGAP18,MPP4,1.7348409366771985e-08
PLEKHD1,RP11-167N5.5,1.7342643646556657e-08
FERMT3,GSG2,1.7334784100220846e-08
RFNG,ZNF572,1.72850841091779e-08
SZT2,EPHB3,1.726219546861827e-08
CYBB,RP11-225B17.2,1.7088525066930584e-08
MFAP3L,PSD3,1.7086236279226566e-08
RPL3,RP3-323N1.2,1.6846648933238057e-08
TPST2,RP11-55K13.1,1.677735028962772e-08
PSAP,RP4-635E18.7,1.6776574737972305e-08
DENND1B,ELMOD1,1.666616657673541e-08
CTD-2035E11.3,RP4-635E18.7,1.6653991352426168e-08
CLEC4E,JAG2,1.6641581346735173e-08
PPP1R14B,CGN,1.6520409465613432e-08
GATA1,PSD3,1.6510640229195342e-08
TLK1,JAG2,1.6471045233042845e-08
ACTB,MMP1,1.642526635011522e-08
PPAPDC1B,ELMOD1,1.6353384956688378e-08
PRKACA,RP11-167N5.5,1.6331023844258894e-08
EIF4EBP1,FOXE1,1.628689484792909e-08
DYM,AC007036.6,1.619153739492397e-08
S100A8,RP11-29H23.4,1.6117292902705017e-08
CD72,RP11-328M4.2,1.6063630963470664e-08
FRMD4B,C2orf48,1.6049253337505544e-08
IL32,EPHB3,1.6004765942963685e-08
GPR56,RP11-275I4.1,1.5957813849750166e-08
PTGDS,LHX1,1.5804599166153456e-08
RELB,RP11-325I22.2,1.5800065632865494e-08
ANO6,RP11-328M4.2,1.5757930763211135e-08
SAT1,CLDN23,1.5749502782653747e-08
SLC31A1,PLCD4,1.5717587419683867e-08
IL32,USP27X-AS1,1.5698131143791424e-08
CCL3,GPR153,1.5435353179146968e-08
S100A8,PLCD4,1.5404807430170506e-08
RP11-291B21.2,AGAP9,1.536822499322324e-08
FZD2,CTRC,1.5351311728986597e-08
AIF1,RP11-122G18.5,1.5112590263126662e-08
PPIF,SOX13,1.4704224238823008e-08
MAFB,C2orf48,1.466622292198628e-08
MOGS,AMZ1,1.4605867079715132e-08
TUBA4A,DNAH12,1.4588543855022158e-08
C11orf83,RP11-276E15.4,1.4581229005758628e-08
FTH1,CTD-3194G12.2,1.4503872932035456e-08
HOPX,DIRC3,1.4455809946474644e-08
CTSW,SOX13,1.441161017664354e-08
LMNA,RP11-787I22.3,1.4400379007626197e-08
MRM1,CTD-2620I22.7,1.439010867082659e-08
C12orf75,LONRF2,1.4386714303480905e-08
TTLL3,RP11-314C16.1,1.4209699059058116e-08
CD19,VSTM2B,1.3991009611460332e-08
C1orf35,UNC13A,1.371301549466597e-08
TIGIT,NLGN3,1.3674912112586188e-08
BACH1,NLGN3,1.3652030370716642e-08
IL18BP,AGAP9,1.3444713089031857e-08
BATF,RP11-787I22.3,1.3316403048868806e-08
PTGIR,HCAR1,1.3154348277582592e-08
LTB,PTPRR,1.3106004222394303e-08
ZNF142,AFAP1L1,1.3076752927730156e-08
PTRH1,MPP4,1.2935216073591674e-08
PREX1,XX-FW83128A1.2,1.288692931227518e-08
PLAUR,XX-FW83128A1.2,1.2831805679495165e-08
RBM12,HBA2,1.283071605194358e-08
NEK4,LHX1,1.2774376195116053e-08
ZCCHC2,RP11-325I22.2,1.2645358636650542e-08
PREX1,LIF,1.2601831564490156e-08
BIRC6,RP11-314C16.1,1.2586543609513913e-08
TNFRSF13C,RP11-524F11.2,1.2582977118287324e-08
KIF2A,RP11-122G18.5,1.2530755755543593e-08
CAPN12,RP11-196O16.1,1.2527821889215402e-08
DPP3,HBA2,1.2437092739538273e-08
RAB11FIP1,XX-FW83128A1.2,1.2291232344549285e-08
NPEPL1,JAG2,1.228793182249672e-08
JOSD2,JAG2,1.2146136269341241e-08
S100A9,CTC-503J8.4,1.208063798766573e-08
NAGA,FZD8,1.2057961576725906e-08
H1F0,FOXE1,1.1997687413109111e-08
FPR1,XX-FW83128A1.2,1.1974117879193664e-08
LCN8,ACKR2,1.1973219589904728e-08
MCUR1,DDR2,1.1928900295763474e-08
CUEDC1,KCNK5,1.191872526666752e-08
RP11-290F20.3,COL1A1,1.1851000347402164e-08
CSTA,LONRF2,1.1829096097064482e-08
TMSB4X,USP27X-AS1,1.181164958106328e-08
RPLP1,FBXO30,1.1806128543316436e-08
MBD3,MTTP,1.1625788857257937e-08
CTNNA1,RP3-323N1.2,1.1588141279422568e-08
NFKBID,LHX1,1.1512797461787072e-08
KLRG1,CLDN22,1.1453906711620857e-08
AIF1,CENPI,1.1217109139747882e-08
KLRB1,RP1-261D10.2,1.118835832756727e-08
LRRC25,RP11-106M3.3,1.1096755146674931e-08
CTSS,RP11-168O16.1,1.104781105702287e-08
APMAP,RP1-261D10.2,1.1004176581934464e-08
OS9,RP4-677H15.4,1.0961502867256712e-08
DDX51,AC009312.1,1.0958954480671483e-08
LINC00877,LAMB3,1.0940969819786558e-08
LRP1,IQSEC3,1.0803075114955361e-08
LILRB1,RP4-677H15.4,1.0780964161102392e-08
SLC46A2,RP1-261D10.2,1.0697115980014511e-08
TPM2,RP11-29H23.4,1.0696338028639496e-08
SECTM1,LAMB3,1.0622411464372164e-08
LAT2,LONRF2,1.0592583882910358e-08
GLIPR1,SEZ6,1.0410325699163692e-08
PTMS,RP4-655J12.4,1.035231126216776e-08
RNF19A,FAM47E,1.0251490808062225e-08
MT-ATP6,RP11-168O16.1,1.0205574862470856e-08
SCO2,WFDC3,1.0201634080302193e-08
KDM5C,RP11-325I22.2,1.0198435929312306e-08
RPGR,C1orf101,1.0170596305582828e-08
C9orf89,CTD-3194G12.2,1.010664349894454e-08
RP11-164H13.1,ACKR2,1.0081338407634347e-08
GCLC,RFX8,1.0075353586193932e-08
TLN1,GYPE,1.0049750331665492e-08
ITM2C,IQSEC3,9.982646516653064e-09
TLK1,RP4-677H15.4,9.903014836426424e-09
EPHB6,RP11-168O16.1,9.833516197437749e-09
RP3-402G11.26,EPHB3,9.794598065157902e-09
RP5-882C2.2,CCDC81,9.722931698584893e-09
LTB,CCDC81,9.701833200561281e-09
HLA-C,ARHGEF28,9.637943754661429e-09
RP11-443B7.1,AC015971.2,9.495025439511708e-09
HVCN1,CCDC81,9.411409681448985e-09
H1FX,RP11-225B17.2,9.37054454629787e-09
RPL3,GCSAML,9.300140844128189e-09
ALDH2,TMEM105,9.280917987344683e-09
CD79B,RP11-328M4.2,9.252471731811904e-09
PHLDA2,RP4-655J12.4,9.216278374434086e-09
RRBP1,CYP46A1,9.201798665564932e-09
RPLP1,NODAL,9.197084458097416e-09
BANK1,RP11-511B23.2,9.193177738296464e-09
PRSS57,CTD-2192J16.26,9.186759603200874e-09
CX3CR1,CGN,9.176001502105172e-09
ASIP,DDR2,9.16320519626866e-09
ATG2A,EPHB3,9.067251330066971e-09
GALK1,LINC00951,9.00402167363273e-09
FYN,CCDC81,8.959380388434165e-09
TP53BP1,RP4-677H15.4,8.937930348645421e-09
TNNT1,RP4-677H15.4,8.919266442191266e-09
WIPF2,RP11-325I22.2,8.909639542608706e-09
ARHGAP21,BMP6,8.888411305041047e-09
S100A9,LINC00951,8.763798441429596e-09
RP11-367G6.3,RP3-323N1.2,8.714674692809806e-09
GAS7,AC007036.6,8.669431713616301e-09
PREX1,AC016738.4,8.669400299324119e-09
EED,RP11-524F11.2,8.65020461983935e-09
CFD,FZD8,8.630490936417357e-09
NOL9,COL1A1,8.62571825799215e-09
SMARCD2,C11orf45,8.607447538799852e-09
CD74,AC007036.6,8.572487350450203e-09
TSPAN4,RP11-722E23.2,8.559537638492641e-09
H1F0,RP11-686D22.4,8.435616148908783e-09
SAT1,SIAH3,8.408526808499141e-09
TIMP1,GCSAML,8.385652659832526e-09
S100A6,RP11-122G18.5,8.345642534506135e-09
JUN,AC007036.6,8.341602237478095e-09
CCL5,RP11-276E15.4,8.336285710719238e-09
FCGR3A,VSTM2B,8.327800960448188e-09
PPP1R12C,RP11-722E23.2,8.314858856312198e-09
RPLP1,RP1-122O8.7,8.305354863294768e-09
NCF2,VSTM2B,8.274347918874096e-09
KDM5A,RFX8,8.157584487240806e-09
MGST1,AC015971.2,8.135120123091145e-09
RPL3,RP11-722E23.2,8.103531903444741e-09
CYB561A3,AP3B2,8.033536286648162e-09
SYTL3,NODAL,7.975945680666398e-09
NFE2,CYB5R2,7.975942664289327e-09
NPC2,NODAL,7.972003181705651e-09
OXER1,RHD,7.958525860453864e-09
RP1-257A7.5,EPHB3,7.926068559141058e-09
SH3BP2,RP11-722E23.2,7.891317789915955e-09
MIR142,AMZ1,7.841894595491711e-09
CTTN,RP11-328C8.4,7.817265215545217e-09
SCT,C2orf48,7.806933029620228e-09
STAC3,RP11-348N5.7,7.793622096876935e-09
GPATCH2,RP11-55K13.1,7.776141493929366e-09
NAGA,CXCL10,7.766042918042694e-09
FES,RP11-275I4.1,7.752985362310596e-09
UTF1,RP1-261D10.2,7.69322503198717e-09
PHEX,VNN3,7.682523158417303e-09
MPND,IL10,7.671403136097891e-09
ATP13A3,RP11-328C8.4,7.642022515076042e-09
EIF4G3,AC015971.2,7.59827471132788e-09
CTDNEP1,AC016738.4,7.586124422060769e-09
TMCO3,CTD-2192J16.26,7.543928003686434e-09
BLVRB,SPTB,7.539851349306553e-09
EED,CTRC,7.494457896506361e-09
MYO9A,GRIN2C,7.479361731816372e-09
BARD1,NODAL,7.45909671704351e-09
CD8B,C1orf177,7.4272932426404294e-09
MT-ND2,FBXO30,7.319916762031753e-09
FANK1,RP11-54O7.1,7.280332469084191e-09
CLUH,IL10,7.261158117833327e-09
NUP214,RP4-635E18.7,7.189053837285359e-09
KIAA2013,S100A3,7.1360933536686645e-09
ADAM15,SIAH3,7.1251787768805434e-09
MAFG,RP11-275I4.1,7.087363976041047e-09
FOS,LINC00638,7.076026864647916e-09
TMSB10,RP11-314C16.1,7.069908468762887e-09
ANKRD11,RP11-423C15.3,7.022430049345508e-09
S100A8,GJC2,7.002159197875041e-09
MAGIX,RP11-358L4.1,6.840279785084414e-09
METTL25,EPHB3,6.771858727005578e-09
NPLOC4,RP11-54O7.1,6.760810323899651e-09
APAF1,ACKR2,6.744463582088243e-09
PATL2,ELMOD1,6.740967444668179e-09
MT-CO1,BBS5,6.719453387549123e-09
ADAP1,RP11-423C15.3,6.6733504927032e-09
ABCA2,RP11-423C15.3,6.654013209794724e-09
DHX38,COL1A1,6.644430796900103e-09
RP11-572O17.1,MPP4,6.594029723352755e-09
GNAI2,C2orf48,6.567172996355078e-09
ARHGAP4,BBS5,6.565521400843013e-09
TYMP,GRIN2C,6.496141699454425e-09
ZNF683,AC007036.6,6.492120260087729e-09
MYO6,RP11-275I4.1,6.474212334251921e-09
RASSF4,COL1A1,6.411316328647879e-09
BCL2L1,HBA2,6.388761633993297e-09
BMF,HCG20,6.345537210219737e-09
SLC11A1,FOXE1,6.327801252724597e-09
CD68,RP11-511B23.2,6.321267755781348e-09
NKG7,RBL1-1,6.302394665228912e-09
PDZD4,NODAL,6.2636819458011454e-09
GADD45A,C1orf101,6.2521559524800235e-09
COMT,RP11-348N5.7,6.246117029797963e-09
HTT,RP11-275I4.1,6.218180803434492e-09
APMAP,PNMT,6.204808841703903e-09
B2M,RP11-423C15.3,6.196217474143798e-09
ACTN1,AC079354.5,6.187590218325338e-09
TMEM8B,FAM225A,6.183847518695896e-09
CHD6,RP11-769O8.2,6.139825446383637e-09
LILRA4,AMZ1,6.1161552784831875e-09
IFI30,GYPE,6.087250578757725e-09
CTTNBP2NL,FAM225A,5.996222463706219e-09
PREX1,AMZ1,5.99444378844962e-09
EFHD2,LONRF2,5.981170157529555e-09
CD68,FAM225A,5.976456382917347e-09
F2R,LONRF2,5.949361481141771e-09
PLD4,ACKR2,5.9479123016469694e-09
KIAA0319L,RET,5.944507886187021e-09
OS9,RP11-769O8.2,5.9153850838486995e-09
ZNF467,CAPN9,5.902820667700972e-09
DGCR2,HCG20,5.862712467761508e-09
OXTR,RP11-362K14.6,5.848901137417698e-09
HLA-DRA,LONRF2,5.761810259213907e-09
OSCAR,C17orf96,5.742389995164873e-09
STOM,RP11-314A20.5,5.719263855030285e-09
ADRBK1,WWC2-AS2,5.6303880540625555e-09
MBP,VASN,5.615776818623907e-09
LAT2,RP11-348N5.7,5.590846616266046e-09
AC078883.3,RP11-225B17.2,5.560752232701034e-09
ARHGAP17,SIAH3,5.486719246546246e-09
RAB31,AL049829.1,5.483422440954738e-09
RPL3,SCML2,5.480710117693364e-09
KIF2A,RP11-168O16.1,5.476297673504249e-09
KIAA0319L,AC068282.3,5.4725348389175105e-09
FTH1,UNC13A,5.427551473352718e-09
BID,FKBP9,5.407558957272858e-09
ROBO3,C1orf111,5.376188285124536e-09
RP11-291B21.2,CCR8,5.3682678671501605e-09
TPM4,DDR2,5.359636715960402e-09
PTGDR,CCR8,5.318235521243266e-09
CRIP2,USP27X-AS1,5.3157649086343525e-09
ESAM,NLGN3,5.3109022242357375e-09
CLU,RP11-269M20.3,5.305158432654008e-09
DNASE1,C1orf111,5.253176054843329e-09
SAMD3,NLGN3,5.252179594963021e-09
ITM2C,DDR2,5.249994247529893e-09
SH3BP2,RP11-816J6.3,5.247620644089193e-09
TIGIT,ELMOD1,5.239670493858087e-09
PTGIR,CTD-2527I21.7,5.188352087090081e-09
RP11-572O17.1,C1orf111,5.111449305249352e-09
MT-ATP6,CTC-523E23.1,5.108939529420998e-09
CLIC3,HBA2,5.102884864023234e-09
IGF2R,NLGN3,5.0887269783561236e-09
BID,RET,5.067472208565764e-09
XPNPEP1,CTD-3194G12.2,5.0597758995416435e-09
MALAT1,HCAR1,5.044561908674971e-09
FSTL3,AC068282.3,4.920356622282757e-09
TNFRSF1B,IQSEC3,4.91880321270458e-09
TBL1X,CTD-2527I21.7,4.915999269611929e-09
COMT,CLDN22,4.902228055792482e-09
TRIB1,CTC-523E23.1,4.868764384428229e-09
SOAT1,RHOV,4.814587452201769e-09
PCNXL3,RP11-314A20.5,4.806065374094498e-09
CD4,CTD-2527I21.7,4.775107593940574e-09
PTPN18,CTC-523E23.1,4.7485856283434375e-09
TMEM40,AC108025.2,4.662308289034317e-09
NEAT1,AC016738.4,4.594095196943222e-09
NCKAP5L,CTC-523E23.1,4.560840334358246e-09
TRIM25,UNC13A,4.558933828374446e-09
LINC00152,WWC2-AS2,4.513739657737935e-09
YWHAH,RP11-524F11.2,4.511086377212266e-09
CSTA,RP11-314A20.5,4.482502589126828e-09
SNAP23,RP11-769O8.2,4.456717526493182e-09
SNAI3,RP11-713D19.1,4.4080394703057106e-09
LINC00936,RP11-167N5.5,4.373182282952226e-09
RPPH1,GRIN2D,4.370690723378448e-09
SETD5-AS1,MAEL,4.340628434940421e-09
S100A11,CTC-523E23.1,4.340348682352845e-09
JOSD2,LIF,4.3161630490826685e-09
MS4A6A,UNC13A,4.310912140209415e-09
GAPT,C2orf48,4.282084172854728e-09
IER3,TMEM105,4.229218901216697e-09
TMEM205,CTC-503J8.4,4.22265365279306e-09
MYL6,RP11-686D22.4,4.201136907430325e-09
CAMKK2,CCDC81,4.194441174719775e-09
RP11-876N24.4,AC007036.6,4.186893431959538e-09
DNAJC1,RP11-362K14.7,4.156840996275906e-09
SLC25A29,RP11-275I4.1,4.027128131617101e-09
HLA-DRB1,PSD3,3.956144901218566e-09
S100A6,SOX13,3.9325596711739516e-09
NKG7,FZD8,3.8952405664081516e-09
GZMB,ARHGEF28,3.8921503266932765e-09
TNFRSF18,LIF,3.874360876504278e-09
CYB561A3,AC007036.6,3.8664638417256944e-09
CTSD,CTRC,3.855640586762938e-09
FCGRT,AC007036.6,3.8368902264307644e-09
ZNF618,RP11-420L9.5,3.825456340878711e-09
EIF4EBP1,GRIN2D,3.819070268063063e-09
MIR4453,GRIN2D,3.8138222924939934e-09
IPP,RP11-722E23.2,3.795589402481004e-09
CLU,GABRD,3.7745157622035025e-09
RAMP1,FZD8,3.7552956406139794e-09
KLRG1,EPAS1,3.741686033877317e-09
TYROBP,WWC2-AS2,3.7050545666832196e-09
METRN,DDR2,3.6960627358128473e-09
PRR22,RP11-665G4.1,3.660141593164827e-09
SCO2,RP11-29H23.4,3.615041467020111e-09
FGFBP2,TRIM54,3.584365453564065e-09
IFI30,RP4-635E18.7,3.556298343152778e-09
ZEB2,C2orf48,3.5391073278971118e-09
CST3,RET,3.535964583468131e-09
MAFB,RP11-524F11.2,3.524386597984353e-09
ARID5B,CCDC81,3.4959321312737404e-09
APP,CCDC81,3.4830347059903803e-09
RNF212,CCDC81,3.447987283381494e-09
TP53BP1,RP11-524F11.2,3.413786871042952e-09
EPDR1,AC000068.5,3.3876452009145012e-09
HPDL,RP11-167N5.5,3.386617942126669e-09
R3HDM2,RP11-122G18.5,3.368021210753046e-09
ATP2A2,WWC2-AS2,3.333996992459546e-09
LYN,FZD8,3.329195016364325e-09
LIMS1,DIRC3,3.3155140309033973e-09
XYLT2,AGAP9,3.2950410288437314e-09
KDM5C,CTD-2081C10.7,3.2789296381848063e-09
SRFBP1,DIRC3,3.273833198523066e-09
GSTO1,WWC2-AS2,3.2632773091203874e-09
CLEC10A,MPP4,3.2473054029592823e-09
FUOM,RP11-362K14.6,3.2448619208129843e-09
LINC00152,RP11-328C8.4,3.234308390738267e-09
PPM1J,RP1-122O8.7,3.2233493865246242e-09
TUBA1C,RP11-524F11.2,3.221304982486301e-09
ODF3B,C17orf96,3.214223932893446e-09
MYL6,CENPI,3.182497673938016e-09
GTF3C1,RP11-328C8.4,3.1329353814165102e-09
PTRH1,CGN,3.123207479005469e-09
PFN1,RP11-423C15.3,3.120208056670502e-09
TSPO,GYPE,3.1146578801514284e-09
OS9,RP11-423C15.3,3.1064961760727197e-09
TRPM2,S100A3,3.0994966737446274e-09
MLH3,RP11-328M4.2,3.075312195796228e-09
JUN,RP1-122O8.7,3.053794999759649e-09
DOCK2,RP11-524F11.2,3.0449662991804987e-09
RP11-61J19.4,C1orf101,3.039283766620496e-09
SAT1,CTD-2527I21.7,3.0192579306399812e-09
HLA-C,RP11-816J6.3,3.0095979954244767e-09
BCL2L1,DDR2,2.9875710931568566e-09
AC093627.10,CCR8,2.9816915473241927e-09
MYO1F,C1orf111,2.974118650590154e-09
HIST1H1C,CCDC110,2.967469484129133e-09
CD160,ZNF572,2.932026555600832e-09
ZNF264,RP11-314A20.5,2.87954445600423e-09
CATSPER1,RP11-314A20.5,2.8769573534576277e-09
ADRBK1,C1orf111,2.86726742659163e-09
B2M,RP11-314A20.5,2.866272775207127e-09
FCGRT,CTD-2620I22.7,2.834384697818992e-09
PFN1,FKBP9,2.8283445945258357e-09
RP11-291B21.2,ESPL1,2.8243136935643116e-09
CTSW,VSTM2B,2.8014911053496793e-09
KCNE3,RP11-314A20.5,2.799483909539716e-09
TULP3,C1orf111,2.781417601334184e-09
CD63,CTD-2620I22.7,2.7751031936378994e-09
LILRA2,RP11-456K23.1,2.7723556219811956e-09
IFITM3,RP11-314A20.5,2.763693227575776e-09
DENND4B,CENPI,2.7627893020425582e-09
ATG2A,ESPL1,2.741865322907592e-09
SETD5-AS1,NODAL,2.7272730240402115e-09
PKIG,RP11-420L9.5,2.7219334446826504e-09
SNORD3D,KRBOX1-1,2.708800658815129e-09
S100A4,RP11-314A20.5,2.70593695542638e-09
LINC00152,RP11-314A20.5,2.669891044751138e-09
CCDC82,MST1R,2.6685246870642316e-09
UBE2F,ZNF572,2.663935486568725e-09
CLEC10A,CTD-3224K15.3,2.647060691635755e-09
TRIM25,USP27X-AS1,2.646094008626922e-09
CDKN1A,CENPI,2.621684073449948e-09
IFITM10,HM13-AS1,2.6151583702518884e-09
STK40,PSD3,2.6107700328328723e-09
BST1,GCSAML,2.610323749026274e-09
PDLIM1,PSD3,2.565790709961385e-09
SIN3A,JAG2,2.5645360637430764e-09
TSPAN2,PSD3,2.563002765380786e-09
MYL6,GCSAML,2.558378306491775e-09
LTB,PSD3,2.5147314748245e-09
TLK1,AC015969.3,2.5126405736745637e-09
CXCR3,CCR8,2.507185897482014e-09
PACSIN1,ZFHX2,2.5027946126666275e-09
SAMHD1,ZFHX2,2.416398613655645e-09
LINC00900,PNMT,2.416176460242446e-09
KLRG1,CTRC,2.408129744534509e-09
NFKBIA,SLC35D3,2.376124073133554e-09
MSRB1,XX-FW83128A1.2,2.361351790431031e-09
TMSB10,RP3-323N1.2,2.3561198549662463e-09
BCL6,FAM225A,2.3539186697735102e-09
CWC25,GCSAML,2.346663916031121e-09
PLA2G16,RGS9BP,2.3371564053620373e-09
HVCN1,RP11-686D22.4,2.336485731863431e-09
SIRPB2,S100A3,2.30678236236536e-09
UNC93B1,PDE7B,2.2658210874446973e-09
RGL2,RP11-196O16.1,2.253724249039461e-09
MYO9A,FAM47E-STBD1-1,2.229700324637707e-09
ENG,AC015969.3,2.16643278404044e-09
BAZ2B,JAG2,2.156714947057325e-09
IL32,FAM47E,2.1380355236566707e-09
HIST1H2BK,WWC2-AS2,2.1341953593981222e-09
RUFY1,TMEM105,2.1310459985356603e-09
ADAP2,RP1-261D10.2,2.106209356955651e-09
CDKN2D,RIPK4,2.104844988515517e-09
GPR56,RP11-122G18.5,2.10238379079338e-09
CTD-2035E11.3,CLDN23,2.0963511858705115e-09
CAPG,RP11-118K6.3,2.088381395994783e-09
HLA-DQA2,C11orf45,2.081403692017304e-09
DTX2,PSD3,2.074695840022484e-09
MT-ND2,IL10,2.063995854952876e-09
ADRBK1,MST1R,2.050720287412172e-09
DERL3,LHX1,2.0222019744890862e-09
ABCA7,RP11-511B23.2,2.0130274802329804e-09
TMEM176A,C11orf45,1.9709179320407118e-09
AKR1C3,CASC2,1.9497850879229813e-09
RHOC,RP11-325I22.2,1.944331586284461e-09
ACTB,PSD3,1.943731756741876e-09
RPL3,RP11-816J6.3,1.935804352050677e-09
TSPAN13,ACKR2,1.9090635943308614e-09
WIPF2,CTC-523E23.1,1.8922607855738714e-09
MIR24-2,RP11-787I22.3,1.883358425095552e-09
HLA-DPB1,C1orf177,1.8812446852324474e-09
MT-ND1,NODAL,1.877127025736962e-09
TIMP1,RP11-423C15.3,1.8617812037619342e-09
ZNF468,VASN,1.8580706966898366e-09
FTH1,SIAH3,1.8239866517271963e-09
IFITM2,RP11-55K13.1,1.8152040922978994e-09
JOSD2,RP11-420L9.5,1.8134551357523638e-09
ABHD1,RP11-276E15.4,1.8103181594250694e-09
IL32,AC079354.5,1.794016184723333e-09
NBAS,RP4-677H15.4,1.793128240271558e-09
ANKRD11,PTPRR,1.7910535086025227e-09
SMG5,C17orf96,1.7704106316256304e-09
ITPKC,HCG20,1.7652504400389955e-09
LGALS1,S100A3,1.7630436421212863e-09
DUSP23,RP11-423C15.3,1.7621436687135347e-09
NAP1L5,MPP4,1.756611728639565e-09
IQSEC1,RIPK4,1.7067991276646615e-09
PARVB,GABRD,1.7048666883919055e-09
SLC19A1,RP11-362K14.6,1.6894297842402452e-09
RPLP1,RIPK4,1.6500130756900543e-09
SOD2,RP11-118K6.3,1.6191345069910482e-09
FCGR3A,CTRC,1.6174305549930671e-09
FGR,ADAM20,1.608016654199663e-09
FAM26F,RP11-325I22.2,1.6069329706752906e-09
KIAA0319L,ZFHX2,1.5993438149495475e-09
APOL2,RGS9BP,1.563564955540013e-09
TMSB10,RP11-511B23.2,1.5610399518495291e-09
LYZ,HBA2,1.558236986968049e-09
ATG2A,CAPN9,1.5560711826464875e-09
H1FX,IQSEC3,1.5556244960329775e-09
C1QA,SNRK-AS1,1.5169339268693342e-09
HIVEP3,ACTG2,1.5168026709085426e-09
TNNI2,RP11-314C16.1,1.5039863408140102e-09
RGS2,HCG20,1.501907122740311e-09
ACTN1,RP11-276E15.4,1.4986005816523304e-09
HLA-C,CTC-523E23.1,1.497722959535511e-09
PARPBP,RP3-323N1.2,1.4860749342174526e-09
MIR142,CTD-2081C10.7,1.483531746547572e-09
MALAT1,ACKR2,1.462422569726827e-09
USP28,CTD-2081C10.7,1.4503080430118923e-09
CAMKK2,CTRC,1.44758966446173e-09
YWHAH,RP11-420L9.5,1.427736164540617e-09
CD68,FOXE1,1.4238330942848203e-09
CMIP,RP4-655J12.4,1.4174310924666692e-09
ZFHX3,RP11-420L9.5,1.4128709328327707e-09
ZNF468,RP11-362K14.6,1.4105027472741366e-09
HIST1H1C,DNAJC28,1.3938902585583923e-09
NBEAL2,RP11-196O16.1,1.3735739819558144e-09
FTL,JAG2,1.3731535326337331e-09
CTSH,HM13-AS1,1.3546009334478851e-09
LTB,VASN,1.3421342553016515e-09
MIDN,AC108025.2,1.3325961910350738e-09
DGCR2,RP11-787I22.3,1.3287271617713984e-09
CDKN2B,RP1-86C11.7,1.3279868906010804e-09
BRI3,GRIN2C,1.3214709588937815e-09
IRS2,MTTP,1.307418948479321e-09
HCK,MTTP,1.3073890054897474e-09
KPNA6,RP1-261D10.2,1.2983958848035636e-09
LILRB1,HCAR1,1.295797002865312e-09
GFI1B,LIF,1.2932321081702351e-09
PURA,RP11-314A20.5,1.289777770199585e-09
SLFN14,AC015969.3,1.285110124132397e-09
TNFSF10,CTC-498J12.3,1.2770643638370679e-09
SLCO5A1,RP1-86C11.7,1.276370936500574e-09
RP11-496I9.1,RP1-86C11.7,1.276328320681889e-09
C4orf48,PSD3,1.2731280194319604e-09
MDM1,MTTP,1.264876652473111e-09
S100A9,KRBOX1-1,1.263697428593777e-09
GNLY,ESPL1,1.259579892760251e-09
PLEK,C1orf101,1.254065690208999e-09
CLMN,PDE1A,1.2380740512847272e-09
NCOA4,PDE1A,1.2338625418856015e-09
RP11-539L10.2,IL17A,1.224686886271203e-09
PBX1,AFAP1L1,1.221756392341476e-09
LTB,RP11-196O16.1,1.2030082040657935e-09
ARID5A,CLDN23,1.1986131366127423e-09
PACSIN1,RP11-29H23.4,1.1984385226585304e-09
CFP,FAM225A,1.1873672588150886e-09
HLA-DPA1,CXCL10,1.172266614500359e-09
RAB34,C1orf101,1.1628207843723387e-09
HLA-DPB1,RP11-524F11.2,1.1602302323354827e-09
ZEB2,ELMOD1,1.1586963057848006e-09
HLA-DRA,CTD-2192J16.26,1.1452465439079923e-09
MYL6,RP11-546M21.6,1.1330891453006012e-09
ATG10,ZFHX2,1.1250949374354015e-09
PYHIN1,CTD-2619J13.3,1.1250611482145515e-09
MAFG,GRIN2C,1.1197961692931319e-09
OSCAR,GRIN2C,1.1153140631192423e-09
MIR24-2,CYB5R2,1.1130189249545322e-09
GPR56,RP11-325I22.2,1.109298745587122e-09
PKIG,PDE1A,1.098857727447274e-09
LST1,CTD-3224K15.3,1.097293274480894e-09
ARHGAP4,GRIN2C,1.0951459795807524e-09
COQ7,CXXC4,1.0939637847981628e-09
ZNF267,LIF,1.0903538663318071e-09
ALOX5AP,ADAM20,1.0894169208035182e-09
IL1RN,ZFHX2,1.0891571122356756e-09
MFI2,CTD-2081C10.7,1.0888394336751044e-09
F2R,CTD-2619J13.3,1.0868624233568471e-09
RXRA,PDE1A,1.083121780227285e-09
HES4,AP3B2,1.081076321035547e-09
HLA-A,ADAM20,1.0800775084945196e-09
HLA-DRB1,ARHGEF28,1.074413304169121e-09
R3HDM2,AP3B2,1.0738453055259794e-09
SOD2,RP11-314C16.1,1.065633561162061e-09
XCL2,EPAS1,1.0555646304133682e-09
COMT,LHX1,1.0546071178235806e-09
TYROBP,SCML2,1.034373975798097e-09
TOR4A,CTD-2619J13.3,1.0338303886542911e-09
CCDC170,GRIN2C,1.0285989552961875e-09
METRNL,LONRF2,1.0264236784851415e-09
DNAJC1,MTBP,1.0251585157200435e-09
TRIM25,CTC-498J12.3,1.0236236254483823e-09
B2M,GRIN2D,1.0124746101097168e-09
NT5C3A,RP11-269M20.3,1.0084309491579342e-09
ZYX,RP11-362K14.7,1.0077177655284203e-09
EVA1B,LONRF2,1.0064925604969347e-09
CD74,RP11-816J6.3,1.0023653540969504e-09
KIAA0368,CTD-2619J13.3,9.991697214681666e-10
BST1,RP11-29H23.4,9.853049598273644e-10
WDR70,CTD-2527I21.7,9.8077749237059e-10
LAT2,CTC-523E23.1,9.775419931826143e-10
SYNE2,CTD-2619J13.3,9.765680615187064e-10
LILRB1,MTTP,9.737992758763359e-10
AKAP9,CYP46A1,9.733602009568107e-10
SCO2,CTD-2619J13.3,9.729687106323292e-10
LAIR2,CTD-2619J13.3,9.706164264798414e-10
CD63,CTC-523E23.1,9.64960110634258e-10
AGTRAP,CAPN9,9.64722201948598e-10
MXD1,CTD-2619J13.3,9.628521717355459e-10
MCM4,RP4-635E18.7,9.624324307492102e-10
EGFL7,AC015969.3,9.600496817407754e-10
BRI3,RP11-348N5.7,9.593022890327836e-10
CD1C,FOXE1,9.57440366878105e-10
MZB1,CAPN9,9.559397420810311e-10
UBE2V2,CTC-523E23.1,9.523618180217044e-10
MALAT1,IL17A,9.472418330272494e-10
IL32,CTD-2619J13.3,9.408712970949478e-10
ZNF41,AFAP1L1,9.407973850996756e-10
XCL2,RP11-722E23.2,9.393081307533391e-10
IL32,MTTP,9.325855712993575e-10
IL2RB,RP11-423C15.3,9.31457084635627e-10
PTGER2,VASN,9.297305759625251e-10
RHOBTB3,VASN,9.244062820690487e-10
RAB13,RP11-348N5.7,9.184812409057555e-10
PSAP,ARHGAP44,9.158295934164475e-10
MOGS,AFAP1L1,9.134740578815543e-10
NAGK,MTTP,9.125381510430403e-10
CD151,RP11-546M21.6,9.081180095631011e-10
PTGIR,CTRC,9.020002212019298e-10
S1PR5,AFAP1L1,8.989039423017091e-10
PRR5L,RP11-325I22.2,8.934782259474131e-10
HIST1H1C,EPN2-AS1,8.899707124050867e-10
SCARB1,CTD-2081C10.7,8.758606897978453e-10
GSTP1,RP11-167N5.5,8.679907743898131e-10
EED,RP11-325I22.2,8.677465788158395e-10
ZNF724P,CTD-2081C10.7,8.666311925667985e-10
TMSB4X,AGAP9,8.628960291520166e-10
IRS2,UNC13A,8.596666257471926e-10
PLEK,GYPE,8.53298670675245e-10
FCER2,RP11-456K23.1,8.359984861276101e-10
CFP,RP11-348N5.7,8.354684242524287e-10
NAGK,RP11-722E23.2,8.326033292193998e-10
SH2D1B,CTD-2081C10.7,8.252508455174912e-10
HLA-DRB1,RP11-328M4.2,8.206448413125623e-10
ZNF322,RP4-635E18.7,8.092103440644104e-10
CRIP2,PAPL,8.091486581878355e-10
SNORD3A,RP11-55K13.1,7.990862327627164e-10
TRPM2,IL17A,7.986877993895464e-10
MCFD2,AC009312.1,7.940316533734554e-10
ZNF576,RP4-635E18.7,7.730622233979088e-10
VSIG8,RP4-635E18.7,7.716081412722738e-10
CTSA,RP11-168O16.1,7.655429185566167e-10
FCER2,ZNF572,7.583785060781431e-10
RPL34,CTRC,7.581308265582253e-10
PALLD,ZFHX2,7.452127902387466e-10
MBP,WWC2-AS2,7.394864261806391e-10
HLA-DQB1,AP3B2,7.380396926016766e-10
MIR22HG,RP11-168O16.1,7.20076943263707e-10
LRIF1,HM13-AS1,7.195643528649601e-10
ZNF322,GSG2,7.181176652822804e-10
BCL2L11,CTD-2620I22.7,7.170157290311472e-10
FCAR,AFAP1L1,7.130615445740569e-10
PLAC8,AC140481.2,7.105790611931934e-10
MARCO,GSG2,7.038318371147004e-10
TYMP,TNS4,7.016961100754564e-10
GZMA,LAMB3,7.008145844673068e-10
THAP6,IQSEC3,6.927409814401582e-10
FOXN2,GCSAML,6.926271169475932e-10
POMC,CAPN9,6.9067713038794e-10
ODC1,GABRD,6.793057093282487e-10
PTPRE,FAM225A,6.689266974004551e-10
TNFSF10,RP3-323N1.2,6.65279745003546e-10
HLA-DRA,ZNF572,6.649009634669025e-10
SNN,ZNF572,6.522719028031215e-10
APP,BBS5,6.357317404357945e-10
PILRA,TNS4,6.292764932825853e-10
WDR11,C1orf101,6.26547478919147e-10
S100A11,BBS5,6.158155451090687e-10
IRF5,HCAR1,6.148602570300288e-10
RPL34,CYB5R2,6.123589234580976e-10
YBX3,RP11-314A20.5,6.120453349550385e-10
TNFSF13B,RP11-713D19.1,6.087546063350012e-10
GPR56,RP11-314A20.5,6.023215187495055e-10
RP11-490O6.2,GSG2,6.020798685828075e-10
SLC19A1,CYB5R2,6.014693267318957e-10
GZMB,TNS4,5.996226418995572e-10
ARID5A,DIRC3,5.934372329973333e-10
IGFBP7,CYB5R2,5.923246374763553e-10
RPL3,ACKR2,5.883973205491963e-10
RAMP1,SLC35D3,5.876886374784697e-10
TESC,RP11-269M20.3,5.858961840983787e-10
IL17RA,CYB5R2,5.773313534483928e-10
COL6A2,AC009312.1,5.762797726154535e-10
HLA-DQB1,RP11-269M20.3,5.674954766800713e-10
TFEB,RP11-276E15.4,5.652690291281857e-10
S100A4,CYB5R2,5.611761354547048e-10
ZNF264,NLGN3,5.57914944009485e-10
CUEDC1,GRIN2C,5.576289992049447e-10
DNAJC1,FOXE1,5.567814913319092e-10
RALBP1,CASC2,5.560919300530167e-10
CXCL2,SLC35D3,5.523316958338558e-10
TUBA4A,RP11-55K13.1,5.48590590110121e-10
SLC27A1,LIF,5.438406670762841e-10
EHBP1L1,RP11-276E15.4,5.436017017715325e-10
TPM4,C17orf96,5.406962868362481e-10
NFKBIE,RP4-677H15.4,5.385389310795981e-10
CCDC82,ESPL1,5.362359306361093e-10
TMSB4X,ELMOD1,5.339198507560306e-10
PLD2,TMEM105,5.330546956210218e-10
SELPLG,NLGN3,5.329566600985441e-10
ANKRD13D,CYB5R2,5.269895441987184e-10
MB21D1,ESPL1,5.264715872422407e-10
C12orf75,RP11-769O8.2,5.24364135204898e-10
IL32,NODAL,5.226484843378248e-10
RRBP1,HCAR1,5.198761537170424e-10
SEMA4A,IL17A,5.188395222189593e-10
PLAC8,CTD-2081C10.7,5.091373180627299e-10
AHCTF1,RP11-787I22.3,5.0795427198854e-10
PTMS,AC009312.1,5.061734709613198e-10
ZEB2,CTD-2619J13.3,4.999780088613249e-10
FCER2,RP11-816J6.3,4.987613260913198e-10
MPEG1,IL17A,4.98661727180411e-10
CD7,GRIN2C,4.986185991139131e-10
SRPK2,RP3-323N1.2,4.981149880192253e-10
FAM214B,RP11-314C16.1,4.913258158319602e-10
C6orf25,GABRD,4.899236289399917e-10
ARHGAP10,RP11-358L4.1,4.852713705372294e-10
FMO5,ACTG2,4.848498314260548e-10
TPST2,VASN,4.832934628392073e-10
HLA-DPB1,COL1A1,4.827562195222667e-10
DUSP23,AGAP9,4.806488104107736e-10
RP11-290F20.3,HCAR1,4.789893369204956e-10
TSPAN4,CTD-2619J13.3,4.770219537586483e-10
GIGYF2,ACTG2,4.764904669172684e-10
HLA-DRA,RP11-816J6.3,4.713734005891655e-10
EIF3B,HCAR1,4.677413659289419e-10
UBR4,AF131215.5,4.6394203068722966e-10
NCOA4,AGAP9,4.638836630258165e-10
CCL3,VASN,4.6273491395260286e-10
OS9,SCML2,4.6162126126041303e-10
OS9,CTC-503J8.4,4.5878875414725564e-10
ARHGEF40,TMEM105,4.5724651313052956e-10
SLC45A4,AF131215.5,4.519831850534586e-10
FRY,HCAR1,4.517171429605866e-10
IL32,SCML2,4.5130391083064e-10
RP11-539L10.2,RFX8,4.476085778897271e-10
TNFRSF13C,RP11-328M4.2,4.4368943121366606e-10
GSTO1,SEZ6,4.4342658423880837e-10
LINC00152,CTD-3194G12.2,4.387266710873567e-10
TREML1,GABRD,4.295422662879585e-10
NKG7,RP11-15A1.7,4.2744976427201607e-10
BRD2,CTC-503J8.4,4.2610377652487046e-10
C5orf56,ZFHX2,4.2530135353116045e-10
RGL2,RP11-314C16.1,4.232962178825615e-10
HOPX,CTD-2081C10.7,4.206937857016147e-10
GZMB,ACKR2,4.163765655132595e-10
TMSB4X,RP11-15A1.7,4.133292635267598e-10
SEC16A,WFDC3,4.1271522133416975e-10
CLUH,SOX13,4.115593150196049e-10
KLRF1,MST1R,4.1017440968155407e-10
BID,RP11-314A20.5,4.0842350781063484e-10
ZNF142,RP1-122O8.7,4.054371159508352e-10
MLTK,VNN3,4.0462414793761775e-10
SAT1,RP11-511B23.2,4.041943421650008e-10
CST7,TRIM54,3.9930523497039144e-10
H1F0,SLC35D3,3.975495898234407e-10
HLA-DPA1,ZFHX2,3.951974172002835e-10
NOTCH1,RP1-122O8.7,3.9386940336411674e-10
STAT3,CTRC,3.926459640800876e-10
MYL6,AF131215.5,3.9201036513112e-10
AKNA,TRIM54,3.9135906094775287e-10
SH3BP2,BBS5,3.871640555773283e-10
MDN1,CGN,3.826957821401273e-10
CD79B,RP1-122O8.7,3.792771576217684e-10
MT-ATP6,VSTM2B,3.7657422113455964e-10
RSU1,RP11-713D19.1,3.7655354528271056e-10
PDE4A,CGN,3.7596063937977917e-10
C1orf35,C1orf101,3.7409956435028515e-10
IL1B,TRIM54,3.727614204370295e-10
SLC11A1,TRIM54,3.7256815260492463e-10
PYCARD,JAG2,3.6672620389748414e-10
SELPLG,TRIM54,3.653434689256689e-10
IFI27L2,RP11-713D19.1,3.6419694500814006e-10
CD79B,GRIN2D,3.6107727659177024e-10
EPB41L2,STRIP2,3.583177844117178e-10
KIAA0040,ACKR2,3.565874525014048e-10
AXIN2,SNRK-AS1,3.528731363713003e-10
FASN,COL1A1,3.5159474664943585e-10
PTPN18,RP11-225B17.2,3.5067011681145465e-10
CD300A,RET,3.495605076123884e-10
ADRBK1,FAM225A,3.4895753890729354e-10
GZMA,AC140481.2,3.4612979016740023e-10
NEURL4,RP11-713D19.1,3.454542876209709e-10
PALLD,IL17A,3.4313366880388065e-10
GZMA,RP4-677H15.4,3.3907511132037176e-10
MFSD1,JAG2,3.3809638283586523e-10
NACC2,RHOV,3.3406190409553217e-10
DUSP18,HCG20,3.3128871808934217e-10
SRPK2,RP11-325I22.2,3.2914157083934237e-10
HLA-DQB1,RP11-314C16.1,3.260446269408169e-10
MT-ND2,IQSEC3,3.2596314571932803e-10
OS9,RHOV,3.1904314355925126e-10
ZNF562,RP4-677H15.4,3.1878888873335343e-10
CDKN2D,LINC00951,3.1200924202959084e-10
NKG7,RIPK4,3.1142074571291327e-10
GTF3C1,RP11-325I22.2,3.1095904674182706e-10
HLA-DQB1,RP11-816J6.3,3.096919329245909e-10
COQ7,AC108025.2,3.0662617909391964e-10
CEBPD,TMEM105,3.0606983388732105e-10
NCF1,SIAH3,3.0454145808109913e-10
SELPLG,C1orf177,3.039805526808602e-10
S100A8,RP11-511B23.2,3.0317269074418874e-10
PPAPDC1B,LHX1,3.0271169067406577e-10
GIGYF2,FZD8,3.022829120178988e-10
NXF1,ACTG2,3.021112991013469e-10
ANKIB1,CTD-3224K15.3,3.019351924159833e-10
RP9,GRIN2C,3.012897645388921e-10
LILRA4,RP11-456K23.1,2.976610428262271e-10
GZMB,RP4-677H15.4,2.970455973636533e-10
CD79B,TMEM105,2.935435078839219e-10
WASF2,ACKR2,2.9131065033078917e-10
ODC1,ZFHX2,2.853931157137313e-10
FHL3,RP11-275I4.1,2.846713960429383e-10
FTH1,IL10,2.8421304313513807e-10
S100A4,AC015969.3,2.7937996473980157e-10
PLEKHO1,AC015971.2,2.7903208834609985e-10
MB21D1,IL17A,2.778617086529258e-10
HLA-DMA,APCDD1,2.7369046592276564e-10
DUSP23,MTTP,2.725203783601302e-10
CLU,RP11-511B23.2,2.7081507427725976e-10
TNFRSF17,RP11-118K6.3,2.706311085012247e-10
HLA-DRB1,CXXC4,2.677633668367856e-10
LYL1,ESPL1,2.6762478592533657e-10
S100A4,IL10,2.6741491538154624e-10
IRF7,RP11-225B17.2,2.6736758661769993e-10
KIAA0930,RP11-722E23.2,2.6722758858651303e-10
S1PR5,HBA2,2.6711512279947117e-10
MBD3,ACTG2,2.655170888808364e-10
CD81,ACTG2,2.6531952040896435e-10
TESC,AC140481.2,2.624921332869504e-10
ULK1,HM13-AS1,2.6131651883807536e-10
AKNA,IL10,2.609853472780643e-10
PLEC,AC068282.3,2.60694622880552e-10
CCDC153,CTD-3224K15.3,2.606129213885641e-10
AP000692.10,RP4-677H15.4,2.6055707327792626e-10
RAB34,CXXC4,2.599489019257477e-10
PTGER2,RP11-420L9.5,2.592488667674931e-10
C14orf80,RP11-328M4.2,2.5746250962601487e-10
B2M,DDR2,2.5701193637451513e-10
GSTP1,AC108025.2,2.552625385320189e-10
PRF1,ACTG2,2.5178744419076627e-10
SCFD2,GPR153,2.501798046128167e-10
HLA-DPA1,RP11-511B23.2,2.4992050760378867e-10
RPLP1,APCDD1,2.4921492392741866e-10
PLEKHF1,AC140481.2,2.476964047684369e-10
PRSS23,FKBP9,2.474168606536605e-10
PLEKHF1,KRBOX1-1,2.473623770364753e-10
ALDH2,ZNF572,2.4705833572628484e-10
MIR24-2,ZNF572,2.461871364825992e-10
MYL6,ESPL1,2.452614240251144e-10
NKAP,FKBP9,2.440723994008778e-10
NKAPL,C1orf111,2.4320488281256114e-10
ZNF618,C1orf111,2.425624719197537e-10
SYTL2,VSTM2B,2.3712752277683286e-10
CNTNAP2,RP11-456K23.1,2.3469354406239777e-10
KIR3DL2,EPN2-AS1,2.3252744097152047e-10
BANK1,EPN2-AS1,2.3196156868823076e-10
SLC26A6,HBA2,2.3152193743225167e-10
TTC38,CASC2,2.307369023566044e-10
GPX1,FAM225A,2.2933962570765618e-10
ADRBK2,FAM225A,2.2774088470351944e-10
NLRP3,CLDN22,2.2765141611752295e-10
GZMA,EPN2-AS1,2.2759831386028528e-10
S100A8,FAM225A,2.2432259023490703e-10
TDRP,BMP6,2.225904403479966e-10
IFITM2,FAM225A,2.207393896511913e-10
B2M,RP11-276E15.4,2.2035202990210676e-10
IL8,FAM225A,2.1985869016226707e-10
ADAM15,TMEM105,2.1822835242912862e-10
MB21D1,RP11-29H23.4,2.1545125398419638e-10
HLA-DRA,RIPK4,2.1528400161347104e-10
SLC24A4,FAM225A,2.150058990125913e-10
HLA-DRB1,RP1-261D10.2,2.1352872679857812e-10
CTSS,EPHB3,2.1179412611452118e-10
SCRN3,EPN2-AS1,2.1176720978112583e-10
FOS,ZFHX2,2.1068353980674578e-10
STXBP2,HCAR1,2.0948903207287614e-10
PTPN18,CTD-2619J13.3,2.0483107179126995e-10
SNORD3D,RP11-29H23.4,2.0469647584732307e-10
EIF3B,VNN3,2.0316469962585742e-10
NGFRAP1,CTC-498J12.3,2.027605126710525e-10
MAX,PAPL,2.0218731745712342e-10
FTL,C1orf177,1.9996449636659723e-10
TMSB4X,RP11-362K14.7,1.9781039052887643e-10
WASF2,AC015971.2,1.9691891418260406e-10
OAZ1,RP11-769O8.2,1.959520348189728e-10
KLRC1,RP11-686D22.4,1.9550692414513198e-10
FERMT3,RP11-325I22.2,1.9387889534679e-10
GRN,SEZ6,1.9372782506174918e-10
CTSW,AC016738.4,1.9358223567367003e-10
MT-ATP6,RFX8,1.9279990818516784e-10
CD8A,RP11-168O16.1,1.9131411041945783e-10
LINC00221,RP11-168O16.1,1.9016471478190919e-10
EFHD2,ZFHX2,1.9013196424348386e-10
PGPEP1,AC079354.5,1.8885751238292607e-10
SPDYC,SLC35D3,1.8746268435540367e-10
ZDHHC19,RIPK4,1.8707053275727628e-10
PGRMC1,ACTG2,1.8610959920542488e-10
HLA-DPA1,AFAP1L1,1.85868093029896e-10
KIAA0930,JAG2,1.853367670864279e-10
NPC2,AC007036.6,1.8396000388358199e-10
RPLP1,AC079354.5,1.8017987277288284e-10
ZYX,DNAH12,1.7739227872695623e-10
C1orf21,ACKR2,1.6933806200751802e-10
CD63,RP11-314A20.5,1.6359843757787908e-10
PYCARD,SNRK-AS1,1.5851797818773704e-10
COTL1,MTBP,1.57795146835718e-10
FUT11,CYB5R2,1.5263182489672622e-10
RP11-291B21.2,WWC2-AS2,1.5086758358767615e-10
ABHD2,RP11-505P4.7,1.5036279843083967e-10
ZC3H13,VNN3,1.4897451321441247e-10
MOSPD2,FAM47E,1.4829328902830978e-10
TCFL5,ACTG2,1.4798959750731702e-10
TMEM205,CYP46A1,1.4715246777537156e-10
HSCB,RP11-787I22.3,1.4674195678784455e-10
IL2RB,AFAP1L1,1.433500585266653e-10
LILRB4,CYP46A1,1.4332591282199414e-10
BID,RP3-323N1.2,1.4331856615970884e-10
GAPT,NLGN3,1.3885910089247336e-10
TTBK2,RP4-655J12.4,1.3821534101146026e-10
FUOM,RP4-655J12.4,1.3817982613018318e-10
LMNA,GRIN2C,1.376741394830421e-10
AKNA,AC068282.3,1.3743824257511916e-10
AIF1,CYP46A1,1.3715664829217022e-10
C1orf35,RP4-635E18.7,1.3546937160057948e-10
CTSZ,RP4-655J12.4,1.3533270005097694e-10
EPHB6,AC068282.3,1.3469727052554168e-10
CD74,RHOV,1.3409700093509654e-10
CENPBD1,RP11-118K6.3,1.3336053519717514e-10
GLIPR2,RP11-505P4.7,1.3334446888889668e-10
HLA-DPB1,CGN,1.32525747050579e-10
LGALS1,PTH2,1.319289870034296e-10
TBC1D20,LHX1,1.3189388326374868e-10
SNORD3D,CTD-2620I22.7,1.314246014720185e-10
OAZ1,ARHGEF28,1.29954366890596e-10
MCUR1,DNAH12,1.2795298843764283e-10
PPP1R14A,RP4-655J12.4,1.2682528237480248e-10
TYMP,LAMB3,1.26790615206971e-10
ZNF683,PTPRR,1.2575398537933078e-10
SYMPK,CTD-2619J13.3,1.25751490191389e-10
MKI67,CTC-503J8.4,1.2495205947548565e-10
BAIAP2-AS1,LONRF2,1.2485624724623694e-10
PTTG1,LONRF2,1.231382728819342e-10
LYAR,CTC-503J8.4,1.2307729664276038e-10
TKTL1,CTC-503J8.4,1.2281776173518866e-10
PPAPDC1B,RP11-118K6.3,1.2216866322063012e-10
IFITM3,LINC00951,1.212958422594182e-10
FOLR2,RP11-325I22.2,1.210430522306863e-10
UTF1,C1orf111,1.2081559554796838e-10
GRN,RP11-787I22.3,1.2035920183145368e-10
EIF4EBP1,GYPE,1.1859872304916676e-10
COTL1,RP11-167N5.5,1.1810969230178027e-10
FGFBP2,UNC13A,1.1748031062349034e-10
KIF22,HM13-AS1,1.1692506045873474e-10
HLA-DMB,AC079354.5,1.1667557535417955e-10
OAZ1,RP11-420L9.5,1.1599127014110798e-10
TMEM159,CXXC4,1.1552126507469686e-10
CCL5,IQSEC3,1.1469007813772472e-10
CD63,VSTM2B,1.1413235735298279e-10
OAZ1,SPTB,1.1374341026272249e-10
ARHGEF9,KCNK5,1.1360956470838675e-10
LGALS1,TMEM105,1.1315514082786216e-10
SLC15A4,GYPE,1.1276803413433468e-10
WASF2,CGN,1.120476786521578e-10
C9orf89,SPTB,1.1147991639855883e-10
KPNA6,HM13-AS1,1.1123155678198028e-10
PASK,LIF,1.1049144992724158e-10
KIF21B,AL049829.1,1.102448265061652e-10
TPM4,RP11-420L9.5,1.0937993241910692e-10
TMEM241,HM13-AS1,1.0877844647408344e-10
CTSW,LINC00951,1.0773101057606276e-10
PTGDS,FZD8,1.0560284329158172e-10
MCUR1,PTH2,1.0439774444437387e-10
RBP7,FAM47E,1.0383041222457925e-10
MT-ND1,FKBP9,1.0370048240186026e-10
MT-ND1,MTBP,1.0355553017520419e-10
SUGP2,RP11-769O8.2,1.0318961798069779e-10
ANO6,LIF,1.0254377150831792e-10
TMEM141,RP11-769O8.2,1.0078150891999668e-10
RHOC,RP11-769O8.2,1.0068317389099103e-10
DENND5A,LAMB3,9.990875743100131e-11
VPREB3,LIF,9.9321303878693e-11
SNN,RP1-86C11.7,9.891349629861272e-11
PTGER2,RP11-328C8.4,9.83177804622226e-11
BACH1,ADAM20,9.793959266320652e-11
CD79A,PTPRR,9.793354213654004e-11
RUFY1,TNS4,9.781329654810295e-11
CCL5,RP11-275I4.1,9.708477473581707e-11
GZMK,AP3B2,9.65808313395022e-11
IFI27L2,PTPRR,9.598466467743416e-11
LINC00936,AL049829.1,9.596700963957599e-11
HLA-A,RP11-275I4.1,9.585937766570922e-11
DTX2,VSTM2B,9.471201074500879e-11
LYAR,RP11-686D22.4,9.396679186498283e-11
DTX2,RP11-769O8.2,9.263500251318426e-11
MLXIP,CTD-2620I22.7,9.230001968677527e-11
TESC,RP11-769O8.2,9.185863458743486e-11
LTB,EPN2-AS1,9.056513671913052e-11
FAM110A,CTD-2620I22.7,9.037621522268464e-11
IER2,RP11-362K14.7,9.002644467916963e-11
IFI27L2,RP11-81H3.2,8.919724010780559e-11
AKNA,FAM225A,8.751150031586204e-11
ITM2C,CLDN22,8.745353491791994e-11
PLAC8,AGAP9,8.654453339716477e-11
SPI1,CGN,8.649607153133126e-11
CD151,RP11-686D22.4,8.638401293668731e-11
LINC00936,CGN,8.526497253248589e-11
CTSZ,ESPL1,8.441743691398811e-11
SELPLG,RP11-196O16.1,8.367343081365079e-11
HLA-DPB1,RP11-686D22.4,8.266438442592113e-11
SAMHD1,ACTG2,8.082434041510651e-11
SYNM,WWC2-AS2,8.054637702685044e-11
NR4A1,DNAH12,8.018022191605581e-11
H1FX,RP11-15A1.7,7.927114051672015e-11
PRKAR2A,DNAH12,7.884990617915795e-11
CFP,RP11-713D19.1,7.757744667322182e-11
SCAPER,CAPN9,7.696480835038347e-11
CFD,RP11-29H23.4,7.692234825503232e-11
ODF3B,RIPK4,7.662222512204545e-11
RP5-1028K7.2,CTD-2081C10.7,7.638414747853207e-11
C11orf74,CTD-2081C10.7,7.573838010853554e-11
MCOLN1,CAPN9,7.506498390976039e-11
CD8B,AFAP1L1,7.489397015689029e-11
PKIG,CTD-3224K15.3,7.484457095444912e-11
PFN1,CAPN9,7.476735160231916e-11
FTH1,DNAH12,7.470726009315973e-11
RPL34,PDE1A,7.457754904419758e-11
STAT3,SIAH3,7.269383471740329e-11
FERMT3,CLDN22,7.268735558947403e-11
HNMT,FAM225A,7.229593560194436e-11
CTA-384D8.34,RP4-655J12.4,7.205103910828889e-11
LGALS3,RP11-29H23.4,7.129714393348653e-11
CD97,CTC-523E23.1,7.090171442895377e-11
PGRMC1,HSPA12B,6.898073411339309e-11
MFSD1,TMEM105,6.8614275356447e-11
PTRH1,HCG20,6.850299703939493e-11
KIAA0319L,HCG20,6.775093001142006e-11
S100A9,SEZ6,6.619587982617845e-11
DYNLT1,IL10,6.555153993473047e-11
CPM,GRIN2C,6.543529294946363e-11
CD8B,FZD8,6.509048165157789e-11
ADRBK1,RP1-86C11.7,6.379909285851729e-11
NIPAL2,EPN2-AS1,6.316344521502085e-11
IER2,RP11-665G4.1,6.103466589759843e-11
LYL1,DNAH12,6.09828252338935e-11
RPL3,RP11-29H23.4,6.097260212231053e-11
KIR3DL1,CLDN22,5.964327974682307e-11
STAC3,AMZ1,5.947609616209654e-11
CTD-3074O7.12,CLDN22,5.943041608824569e-11
SUPT6H,EPN2-AS1,5.942115590729193e-11
SYTL2,IQSEC3,5.865438211204222e-11
BIRC3,SIAH3,5.848857767248503e-11
GYLTL1B,RP11-362K14.6,5.835043934168559e-11
MYCBP2,AMZ1,5.804974952518929e-11
RPP25L,RP11-325I22.2,5.7649673483630456e-11
CTSW,DNAH12,5.7649611980538545e-11
PVR,IQSEC3,5.7573511045646765e-11
S100B,CLDN22,5.730467698377631e-11
HBEGF,RP4-635E18.7,5.6929995690922066e-11
POU2F2,RP11-358L4.1,5.6928238865184096e-11
ADRBK1,RP11-787I22.3,5.690505330243447e-11
PLEKHG2,AMZ1,5.6586277781041316e-11
TMSB10,HCG20,5.526946917293639e-11
PASK,RP11-713D19.1,5.4610354407181734e-11
CBLN3,FAM47E,5.4547470768759226e-11
HLA-DMB,AMZ1,5.344262659481776e-11
GPR63,IQSEC3,5.303684783675896e-11
COTL1,RP11-713D19.1,5.2684656915121904e-11
PVR,ESPL1,5.2115600003336746e-11
CST3,IQSEC3,5.181721925258665e-11
NUDT16,IL10,5.154199242090613e-11
HIST1H2BF,RP11-314C16.1,5.066852335218733e-11
SAMHD1,IL10,5.0490115120221177e-11
STAG3,RP4-635E18.7,4.926763956766619e-11
CCDC88B,RP11-275I4.1,4.8701166357488615e-11
BCL3,RIPK4,4.8345393644882326e-11
RP11-291B21.2,RP4-635E18.7,4.6918162375117596e-11
KDM5A,RP11-505P4.7,4.5924991486025395e-11
FHL3,RP4-655J12.4,4.585124350561649e-11
KIAA0368,RBL1-1,4.528558434634989e-11
RCC2,RFX8,4.510562659472546e-11
AIF1,RP11-505P4.7,4.4774624226357217e-11
ASGR1,RP11-362K14.7,4.424035670432926e-11
CD160,RP11-118K6.3,4.413552679022842e-11
AKR1C3,RP11-511B23.2,4.3654228244083845e-11
AIF1,VNN3,4.3224109171882717e-11
C9orf89,SLC35D3,4.316313167051242e-11
BRD2,RP11-665G4.1,4.272292385921463e-11
COMT,PTH2,4.2526312071277925e-11
GSTO1,KRBOX1-1,4.2447815210145575e-11
ZNF562,RP11-686D22.4,4.2094850207178055e-11
RPPH1,PAPL,4.193264129937165e-11
TLK1,AP3B2,4.132910148590784e-11
CLU,BMP6,4.1231712794963436e-11
QSOX1,AC016738.4,4.1180501490560256e-11
MT-CO1,RP11-29H23.4,4.114911223334175e-11
TREM1,GPR153,4.021063843982915e-11
S100A11,AMZ1,4.008196993965961e-11
FHL3,AP3B2,3.986096169296895e-11
PHC2,AP3B2,3.9704160327594135e-11
SFSWAP,HCG20,3.849963144040675e-11
AKAP9,CTC-498J12.3,3.836744349458267e-11
PPM1F,CTC-498J12.3,3.820081955751915e-11
DTX2,HCAR1,3.801328888729868e-11
TTL,FAM47E,3.773114924643494e-11
CD300A,IQSEC3,3.7118017032774656e-11
IRF8,RP11-328M4.2,3.711726110252639e-11
RP11-624L4.2,ESPL1,3.7005847898279555e-11
ZNF230,RP11-456K23.1,3.700536861211844e-11
IRF4,HCAR1,3.638327181685349e-11
MYO1F,VSTM2B,3.631125894337216e-11
SORT1,HCAR1,3.616736036239974e-11
GOLM1,CLDN22,3.6033731011760575e-11
PRSS23,RP1-86C11.7,3.5558631505182874e-11
MAPK8IP3,RP11-665G4.1,3.551172717313526e-11
ITGAM,GPR153,3.537118661725159e-11
CACNA2D4,VNN3,3.5079691950000674e-11
MALAT1,MTTP,3.4624465814669943e-11
CPVL,XX-FW83128A1.2,3.4041599827884516e-11
PYHIN1,RP11-722E23.2,3.348595119384214e-11
MT-ATP6,RP11-722E23.2,3.334751541884e-11
CTSW,HBA2,3.2394609663685517e-11
SLC10A3,PNMT,3.2136046795766384e-11
HLA-C,NLGN3,3.20700297197069e-11
RP11-274B18.2,SNRK-AS1,3.146636816555419e-11
FCRLA,CLDN23,3.1103754130149105e-11
P2RX5,CLDN23,3.0739626387862966e-11
IL3RA,SCML2,3.022343819748005e-11
HLA-C,LINC00638,3.016920119269935e-11
HLA-DPB1,AMZ1,3.0061477045699703e-11
RP11-392P7.6,IQSEC3,2.980192178315192e-11
HIST1H1C,RP11-505P4.7,2.9395642620036235e-11
SNN,RP11-505P4.7,2.928949521336112e-11
AKAP9,ADAM20,2.914057114908389e-11
LIN54,AMZ1,2.8685863130007217e-11
FAM81B,RP1-86C11.7,2.7478517752793823e-11
HLA-DQB1,AC108025.2,2.7369307396143205e-11
CD7,ARHGEF28,2.7357819906363395e-11
ADRBK1,GRIN2C,2.7000607151153856e-11
RNF130,AC016738.4,2.6749869745670035e-11
HLA-DPB1,HCAR1,2.648876523659341e-11
UBE2F,ADAM20,2.628917607337104e-11
TBC1D20,RP11-362K14.6,2.6068748799672942e-11
MMP23B,HCAR1,2.594928621118999e-11
ODC1,RGS9BP,2.5904652784330498e-11
WBP2,CTD-3224K15.3,2.4655690242167453e-11
ICK,C1orf177,2.417871789455691e-11
HLA-DRA,CTD-3224K15.3,2.3629363978068568e-11
CTD-2015H6.3,RP11-505P4.7,2.3628357016670845e-11
PLEKHF1,RP11-54O7.1,2.3472613145368957e-11
PMAIP1,ARHGEF28,2.335156960399148e-11
CTD-2035E11.3,CTD-3224K15.3,2.315913962656201e-11
ARRDC4,LIF,2.290407566469434e-11
WBP2,LIF,2.2878689318572982e-11
DNASE1,PNMT,2.275461393431845e-11
PDZK1IP1,DCLRE1A,2.2277409147772007e-11
HLA-C,AC016738.4,2.1799424985705423e-11
GZMA,VSTM2B,2.1655727171546927e-11
SPIB,RP11-167N5.5,2.155689982229969e-11
RASSF4,LIF,2.149512402045162e-11
LGALS1,RP11-167N5.5,2.144451861508679e-11
FCER1A,SEZ6,2.1256605035797224e-11
RP11-81H14.2,ARHGEF28,2.1084897844281773e-11
IQCE,VSTM2B,2.0685301521306583e-11
PTPN18,AP3B2,2.0206732961840228e-11
SYTL2,AP3B2,1.9689470857078034e-11
PFN1,HSPA12B,1.9487051631488423e-11
AKAP1,HSPA12B,1.9099259291283674e-11
DYNLT1,AMZ1,1.908191036895421e-11
APMAP,MTTP,1.8750543733857627e-11
HLA-DQA1,RP11-816J6.3,1.8533713627211245e-11
ACTB,ARHGEF28,1.8002338090950943e-11
MALAT1,EPN2-AS1,1.7629834730771096e-11
ZYX,AGAP9,1.7507197273870153e-11
SAT1,EPN2-AS1,1.727900098143434e-11
GPX1,ARHGEF28,1.6745863736840654e-11
C19orf38,ARHGEF28,1.6736548608133738e-11
ACTB,NODAL,1.591848807263057e-11
NCF1,PLCD4,1.5829897145017512e-11
TMSB4X,RP11-423C15.3,1.5703467726188522e-11
CFP,FOXE1,1.5479131693159608e-11
WBP2,RP11-54O7.1,1.5318446680705618e-11
COTL1,HM13-AS1,1.506620246833515e-11
PACSIN2,LONRF2,1.4974259256737673e-11
CD300E,FBXO30,1.459443991834641e-11
SDPR,AC015969.3,1.4500373672943052e-11
B2M,MTBP,1.4471225050935802e-11
MAPKAPK2,RP11-456K23.1,1.4301308109395008e-11
UBE2V2,TMEM105,1.4208147025606366e-11
IFI6,SCML2,1.4182436740218676e-11
STAT3,HSPA12B,1.4151404964406988e-11
NR4A1,AC000068.5,1.3752652822142435e-11
RP11-222K16.2,SEZ6,1.3689479242221699e-11
NFKBIA,RP11-55K13.1,1.3561482795085176e-11
HLA-DRB1,ARHGAP44,1.3289575878417636e-11
SYK,AC016738.4,1.3193758691427e-11
BATF,C1orf111,1.2641756237576836e-11
CST7,AC140481.2,1.2623110745831155e-11
TMEM91,FBXO30,1.2467985400095116e-11
SERPINF1,AC000068.5,1.2357641101324783e-11
SLC12A9,VNN3,1.2208177084473599e-11
PGRMC2,NODAL,1.193886590040911e-11
HLA-C,NODAL,1.1701282959571623e-11
BATF,CTD-3224K15.3,1.1700791007725734e-11
MZB1,STRIP2,1.1591963869961831e-11
ID1,SCML2,1.1572050512985331e-11
CST3,STRIP2,1.141503673804337e-11
DNAJC1,ARHGEF28,1.110231006835065e-11
RYK,AC000068.5,1.0995429605263944e-11
SELPLG,AP3B2,1.0750380113182171e-11
HLA-DRB5,FBXO30,1.061831589468157e-11
MT-ND1,PTH2,1.0522943700253147e-11
CST7,STRIP2,1.046412534751163e-11
PLAC8,RP11-328C8.4,1.0439037751332504e-11
ZNF624,STRIP2,1.0253500003484858e-11
FTL,AC016738.4,9.874720008397568e-12
MEFV,RP11-358L4.1,9.801208551237754e-12
STK11,AC016738.4,9.132309917282384e-12
ODF3B,RP11-81H3.2,9.100364069764245e-12
GAPT,FAM47E,8.9640222653216e-12
HLA-A,AC016738.4,8.821959902116979e-12
ECE1,RBL1-1,8.649137942099561e-12
BST1,RP11-168O16.1,8.318283224700616e-12
LINC00152,DNAH12,8.063500243575856e-12
PPM1L,CTD-2192J16.26,8.041268936556192e-12
TMSB10,MTTP,7.756258628604067e-12
HEBP2,FBXO30,7.505712310049889e-12
NEURL4,LHX1,7.410025304138605e-12
AP003068.23,RP11-269M20.3,7.398561772850491e-12
FHL3,RP11-168O16.1,7.0005881506734e-12
CTSS,RFX8,6.926134607331725e-12
NXF1,RP11-665G4.1,6.712578450315151e-12
PSAP,LIF,6.558324765199824e-12
TNFSF13B,ADAM20,6.555700668445096e-12
TMEM141,SCML2,6.409092888072333e-12
MALAT1,RFX8,6.270702321828127e-12
MT-CO1,EPN2-AS1,6.223499738230001e-12
ABI3,MPP4,5.812696902156306e-12
ISG15,VNN3,5.777969992951341e-12
NAGK,VNN3,5.660060141843973e-12
DGKZ,HCG20,5.545096056705076e-12
RPLP1,AGAP9,5.534265958553294e-12
S100A6,GRIN2C,5.4102960307801776e-12
SERPINF1,FKBP9,5.2825286298315815e-12
PRR5L,EPN2-AS1,5.186913045849269e-12
HPSE,RP11-328M4.2,5.099098668978345e-12
ZBTB34,RP11-505P4.7,5.035812680474101e-12
MYO1F,MTTP,4.823310911196656e-12
ARID5B,RP11-328M4.2,4.553556758304015e-12
OS9,CLDN22,4.448012049131589e-12
ODC1,CLDN22,4.359496607181351e-12
LTB,DNAH12,4.291348147340216e-12
HLA-DRB5,GRIN2C,4.0686545310242706e-12
ILK,TRIM54,3.887904667772817e-12
ADRBK1,RP11-816J6.3,3.674652515446847e-12
LTB,FZD8,3.5974554899621787e-12
KIAA0930,CASC2,3.493532591895932e-12
CLDN5,CASC2,3.432589595067629e-12
NLRP3,RP11-81H3.2,3.3782779952640053e-12
PPM1A,CASC2,3.364283049798102e-12
AP001189.4,CASC2,3.2956151757922763e-12
STAT3,AF131215.5,3.179288883722353e-12
CCDC82,HCG20,3.1720791804198165e-12
APOBEC3A,JAG2,3.1468534278930707e-12
TLN1,CTC-523E23.1,3.0801346552323624e-12
GSTO1,DNAH12,3.0353642192081824e-12
TMSB10,DNAH12,3.026841388647243e-12
GPD2,C19orf44,2.6579303898107214e-12
DOCK2,GPR153,2.6499587630330826e-12
CDKN2D,RBL1-1,2.635119533065308e-12
ZNF185,PAPL,2.592786782728556e-12
TTLL3,CCDC110,2.556214668154672e-12
FHL3,PTH2,2.538710721987462e-12
PDXK,PTH2,2.495976205313262e-12
C1orf21,PTH2,2.479344845261118e-12
TMSB10,CXXC4,2.4753046281498408e-12
SLC19A1,CTD-2619J13.3,2.44859461801043e-12
UBA6-AS1,RP11-358L4.1,2.4432641658314976e-12
TAF4,PTH2,2.4386753840650946e-12
DOCK2,PTH2,2.410824537616892e-12
NPEPPS,ARHGAP44,2.4051613508685374e-12
MPST,RP11-55K13.1,2.3982858833126933e-12
RP11-339B21.13,PTH2,2.3945689029183733e-12
MS4A1,AL049829.1,2.376509904217708e-12
FMO5,AL049829.1,2.328328890217229e-12
SOGA1,RP11-722E23.2,2.321975997897248e-12
KLRG1,PTH2,2.2509938654188123e-12
IRS2,CCDC110,2.191359797380408e-12
SYMPK,DNAJC28,2.173082114728947e-12
PDLIM1,DNAH12,2.162029571915801e-12
SSC5D,CCDC110,2.158795467133966e-12
NGFRAP1,DNAH12,2.089445616501252e-12
LST1,DIRC3,1.9557638803805845e-12
PFN1,CTD-2527I21.7,1.890413772044062e-12
SLC16A3,DNAH12,1.8742379590185183e-12
EDEM3,RP3-323N1.2,1.866575840624438e-12
BCL6,GSG2,1.849903061577224e-12
SERPINF2,RP11-665G4.1,1.8139508636445105e-12
ARHGEF40,GSG2,1.8119650394412977e-12
ITGA2B,RBL1-1,1.8104314277744377e-12
RSU1,LONRF2,1.7708238733944137e-12
S100B,DIRC3,1.722963846299336e-12
CCDC50,MTTP,1.7029022498413197e-12
CFD,DIRC3,1.6884064969446053e-12
GLIPR2,PTH2,1.6774275648443248e-12
MYL6,DNAH12,1.6481151351994474e-12
MS4A1,CTD-3194G12.2,1.580169742169468e-12
TMSB10,RP11-816J6.3,1.5705788355880133e-12
CD101,RP11-816J6.3,1.527579185922912e-12
IRF7,KRBOX1-1,1.5106342156355933e-12
AIF1,USP27X-AS1,1.4903872488625993e-12
KLF6,GRIN2C,1.4664805036623873e-12
RALGPS2,AL049829.1,1.403907843818416e-12
PFN1,CTC-498J12.3,1.391261660417493e-12
EHBP1L1,RP11-167N5.5,1.3725467539741585e-12
KHNYN,PTH2,1.3441577465654374e-12
IL4R,PTH2,1.3400837652636702e-12
SAMHD1,RFX8,1.2877999368663629e-12
TUBB4B,GRIN2C,1.2814451060164697e-12
EFHD2,ARNTL2,1.2698096901769944e-12
TYMP,UNC13A,1.2657205043429501e-12
DUSP1,AF131215.5,1.265186065139173e-12
HSCB,AC009312.1,1.2591739518169717e-12
DNAJC1,CYP46A1,1.2510940541113609e-12
PTGDR,CCDC110,1.2008692792601937e-12
PDLIM1,PTH2,1.155448435406071e-12
LRCH3,CTD-2527I21.7,1.0572001351743085e-12
CPVL,LINC00638,1.0068567815702802e-12
FHL3,RP11-81H3.2,9.490711790175362e-13
S1PR3,RP11-423C15.3,8.875012154945332e-13
PVALB,RP11-269M20.3,8.739327572857628e-13
AOAH,CTD-2192J16.26,8.36212770178495e-13
NBAS,WFDC3,8.111467282428742e-13
HLA-DQA1,C15orf65,8.065787523360077e-13
MT-ATP6,RP11-55K13.1,8.002764701587525e-13
KIF2A,RGS9BP,7.82611860540261e-13
SH3BP5L,GJC2,7.525769420557866e-13
PLAC8,GABRD,7.296986019644389e-13
PLAC8,RP11-713D19.1,7.076284085450935e-13
FGFBP2,AC068282.3,6.942569430816469e-13
APMAP,FAM47E,6.940340435869763e-13
CST7,RP4-677H15.4,6.933798318776817e-13
LINC00936,ELMOD1,6.606772485665515e-13
RPL34,TMEM105,6.543125991009575e-13
MT-ND1,TNS4,6.514971084632823e-13
HLA-DRB5,FAM47E-STBD1-1,6.268342022545283e-13
CTSS,KCNK5,6.126833728103316e-13
GNG11,RP11-269M20.3,6.0574134769112e-13
PFN1,PTH2,5.866592552720118e-13
MT-ND2,RP1-86C11.7,5.581067470336809e-13
CSF2RA,EPHB3,5.472940084996747e-13
CD63,RP11-54O7.1,4.558834735824879e-13
FGR,AC000068.5,4.482599673649901e-13
SAT1,RBL1-1,4.4471577032572285e-13
BRD3,SNRK-AS1,4.27967440026476e-13
SHD,RP11-276E15.4,4.0991235052623254e-13
COPRS,CENPI,4.083894493112511e-13
IGSF6,ELMOD1,3.9392636240644124e-13
CDKN2D,LINC00638,3.841164969691582e-13
PMAIP1,LAMB3,3.7272172147934653e-13
TMSB4X,C15orf65,3.6076845419463364e-13
LYZ,RP11-348N5.7,3.583350018356626e-13
FTH1,S100A3,3.537809053596813e-13
RPLP1,RP1-86C11.7,3.5050189745498544e-13
MAFG,CCR8,3.500685774356019e-13
YBX3,AC000068.5,3.465565895789822e-13
CENPJ,RP11-414H17.5,3.4255930544068895e-13
RGS2,CXXC4,3.4224688688633574e-13
WBP2,AC000068.5,3.406786162804845e-13
NBPF11,AC000068.5,3.3850318754878e-13
PSAP,RP11-769O8.2,3.342325925031861e-13
CD63,RP11-325I22.2,3.3311855610020824e-13
CTDNEP1,C11orf45,3.3021145492104e-13
CD14,AC007036.6,3.221516404566416e-13
RNF19A,UNC13A,3.11775325295056e-13
PRSS57,KCNK5,3.086255442088011e-13
GNPTAB,CTD-3194G12.2,3.070765636575799e-13
TCL1A,CCR8,2.9191893823409813e-13
DUSP1,CCR8,2.871032730006973e-13
DGAT1,KCNK5,2.8099251807592897e-13
RALGPS2,RP11-106M3.3,2.7924339911021097e-13
DGKZ,CTC-498J12.3,2.759527253615549e-13
C9orf89,RP11-167N5.5,2.6103869921799885e-13
IL4R,LINC00951,2.53934711684717e-13
CD74,BBS5,2.538329874208182e-13
NFKBIA,EPAS1,2.494283020576778e-13
OGFRL1,RIPK4,2.474682268397829e-13
DLG3,RP11-362K14.6,2.380125128996656e-13
MT-CO1,CTD-2619J13.3,2.30186258363698e-13
CST7,COL1A1,2.2767143570613737e-13
MALAT1,C11orf45,2.2395006494945815e-13
PPAPDC1B,COL1A1,2.2314078370362527e-13
SH2D2A,RP11-167N5.5,2.1972041449471203e-13
LAIR2,CTD-3194G12.2,2.1116385713835594e-13
DPP3,CTD-2192J16.26,2.0863517516483462e-13
ACTN1,CTC-498J12.3,2.0847088918488065e-13
CD8B,JAG2,2.018671436392993e-13
TMEM176B,AC007036.6,1.967178300460916e-13
PATL2,RP11-686D22.4,1.963850487135678e-13
MT-ND2,C11orf45,1.9475549508605918e-13
CAPNS1,AC000068.5,1.900408910593506e-13
RUNX3,DDR2,1.8626927622928418e-13
MYO1F,RP11-505P4.7,1.826497997433321e-13
S100A4,RP4-677H15.4,1.7331523546755396e-13
HLA-C,ASB9,1.7205277316503986e-13
RP11-539L10.2,RP11-456K23.1,1.6418863336010086e-13
ACSL3,RP11-362K14.7,1.5332263472293865e-13
LGALS12,C11orf45,1.527159380417078e-13
RP11-291B21.2,SEZ6,1.480985732937624e-13
GZMK,STRIP2,1.4647982658231838e-13
EP400NL,CSN1S1,1.4577126455182322e-13
PIFO,GJC2,1.4266396075618989e-13
CCDC50,RP11-314C16.1,1.4176938557688582e-13
HCK,RP11-314C16.1,1.404699224214405e-13
TBX19,CENPI,1.3309114586999913e-13
CCL3,RP3-323N1.2,1.315950466306651e-13
MT-ATP6,CENPI,1.2876509066020385e-13
GAA,C11orf45,1.21032122295796e-13
RP11-164H13.1,WWC2-AS2,1.1863992713399236e-13
RALBP1,ELMOD1,1.1244047657014856e-13
FOS,RP11-423C15.3,1.0077090045746117e-13
HLA-A,AL049829.1,9.4177131847426e-14
SRPK2,RP11-106M3.3,9.174498594829097e-14
SLC7A7,ELMOD1,9.118725582222728e-14
FES,RP11-106M3.3,8.976033001516302e-14
S100A11,ELMOD1,8.730511183193022e-14
RHOQ,ELMOD1,8.725689865047149e-14
ISG15,RP11-314A20.5,8.525325930268779e-14
TESC,CENPI,8.15714947628797e-14
CTTNBP2NL,SEZ6,7.741575831505767e-14
PPBP,GRIN2D,7.621885116238659e-14
HLA-C,ELMOD1,7.467527711503479e-14
MT2A,AFAP1L1,6.906266682888807e-14
TCHP,CSN1S1,6.787064323740043e-14
NCF1,CYB5R2,6.613716292536584e-14
ANKRD11,RP11-225B17.2,6.534517894266122e-14
TYROBP,CCR8,6.473036539139171e-14
FHL3,RFX8,6.463972436193764e-14
SH3BP2,RP11-225B17.2,6.402300917196787e-14
FAM217B,CENPI,6.192670668979682e-14
TMSB4X,RP11-686D22.4,6.162503477276097e-14
TSPO,AC016738.4,6.109914431668657e-14
HLA-DQB1,RP11-167N5.5,6.06632338451465e-14
DUSP18,CYB5R2,5.970505070581449e-14
MFSD12,RP11-54O7.1,5.851872894798026e-14
MT-ATP6,RP11-167N5.5,5.808820490592003e-14
CBX4,RP11-167N5.5,5.801850948910687e-14
NEAT1,CYB5R2,5.524747902804342e-14
PARVB,AC009312.1,5.499488175097594e-14
NBEAL2,RP11-54O7.1,5.2772723025461616e-14
GRN,IQSEC3,5.078261243391556e-14
C9orf89,RP11-414H17.5,4.9861167963877365e-14
CTSD,JAG2,4.5299071373765386e-14
CHRNA2,ARNTL2,4.5091514209476175e-14
GZMK,RP11-275I4.1,4.2381850666354486e-14
HLA-A,IQSEC3,4.038573733374421e-14
C1orf35,AC016738.4,4.013886022688353e-14
DGKZ,GRIN2D,3.9296723713040086e-14
FERMT3,GRIN2D,3.851475992859244e-14
RP9,ZFHX2,3.7983334816384854e-14
SAT1,RP1-261D10.2,3.605067212136252e-14
LILRA4,RP11-420L9.5,3.3984211228029096e-14
MYL6,CTC-503J8.4,3.3470762434894994e-14
KLF6,CCR8,3.1776393447322615e-14
LTB,RP11-348N5.7,3.1582122155776634e-14
SMPD3,C2orf48,2.8861160013815323e-14
CD79B,HM13-AS1,2.797951966347348e-14
MIR24-2,AFAP1L1,2.7730387883310523e-14
ETV6,HM13-AS1,2.6184073136596265e-14
GNA15,GCSAML,2.5498571358949932e-14
PANK3,PAPL,2.5313414818508916e-14
BID,RP11-196O16.1,2.488546636437099e-14
C7orf50,NLGN3,2.2133651592504592e-14
NRG1,AC015971.2,2.153165596783385e-14
VIM,BBS5,2.119643329246506e-14
RPLP1,C2orf48,2.1006034653914504e-14
WASF2,VASN,1.912135820587444e-14
TRPC4AP,GSG2,1.8948892723971165e-14
CCL5,VASN,1.8740652020183672e-14
EAF2,RP11-414H17.5,1.7317090635619934e-14
RP11-488L18.10,GCSAML,1.726292942685339e-14
MYBL1,RP11-54O7.1,1.6949051384689116e-14
TP53,MAEL,1.6711595960968288e-14
VASH1,WFDC3,1.3224424527713988e-14
GZMK,RP11-167N5.5,1.317304639928921e-14
GNAI2,AGAP9,1.2674729803364687e-14
IFITM2,CENPI,1.2422541464026388e-14
MT-ND2,MPP4,1.2314027102416843e-14
CCL5,RP1-261D10.2,1.1718413978914524e-14
TESC,AC079354.5,1.0692654178270086e-14
ARID5A,CTC-503J8.4,1.0474254707607444e-14
HLA-DRB1,FAM225A,9.9680727222805e-15
MT-CO1,C17orf96,9.27681521428246e-15
TNFSF10,ACTG2,8.923423480969173e-15
SH3BP5L,ACTG2,8.753106308812307e-15
CD8A,RP11-769O8.2,8.498132815473534e-15
PODNL1,RP11-505P4.7,8.462492365558799e-15
S100A4,CXXC4,7.769550650108262e-15
SLK,CTD-2619J13.3,7.501974199917388e-15
RP11-572O17.1,CTD-2619J13.3,7.501149956032548e-15
COMT,APCDD1,7.260899747570743e-15
KDM5A,ACKR2,7.168094776457464e-15
GPX1,GJC2,6.990036654198751e-15
GFI1B,MPP4,6.7548667023919255e-15
IRF5,ESPL1,6.41435736473033e-15
NEAT1,C11orf45,6.4033120208116155e-15
OAZ1,SNRK-AS1,6.374340201810573e-15
YBX3,PLCD4,6.280090131798074e-15
RPL3,CSN1S1,6.260361860556346e-15
GRHL1,AC015969.3,6.114050580445121e-15
MMP23B,ACTG2,5.7615154541458836e-15
IRF8,CTD-2081C10.7,5.75678369838045e-15
MTPN,RP11-423C15.3,5.4159984424291906e-15
MYCBP2,RP11-196O16.1,5.382292790272242e-15
ATF3,FKBP9,5.347767118562939e-15
STK11,CAPN9,5.054879364473621e-15
RGS2,RP11-420L9.5,4.2415824188823554e-15
SLC12A9,ACTG2,4.215064590398424e-15
ZC3H13,RHOV,3.826769224405629e-15
TSPO,FKBP9,3.799793008064832e-15
KLRG1,RP11-314A20.5,3.2679697968538627e-15
SELPLG,AGAP9,3.215153695963832e-15
CA2,AC015969.3,2.9699682909811287e-15
C14orf80,RP4-655J12.4,2.966871994291127e-15
RP11-879F14.2,AC015969.3,1.8384874629276333e-15
CSRNP1,CTD-3224K15.3,1.5731875386456302e-15
MALAT1,RP11-54O7.1,1.5672978691174625e-15
GSTP1,DNAH12,1.2815030020494765e-15
CTSA,MPP4,1.126111178754404e-15
SAT1,LINC00951,9.433643812297898e-16
TNS1,RP11-546M21.6,6.677150971115004e-16
GNAI2,SLC35D3,5.779863345134893e-16
RP1-90J20.8,SLC35D3,5.527939432651463e-16
FOS,RHOV,5.134480971519132e-16
DENND6B,RP11-225B17.2,4.350777298554535e-16
ARID5A,RP11-225B17.2,4.100729113527794e-16
HLA-DRB5,AC007036.6,3.522906289160342e-16
EAF2,RP11-54O7.1,3.050596952627392e-16
NKG7,CTRC,2.9161778526663784e-16
VIM,PNMT,2.759469653177059e-16
LDLR,RP11-118K6.3,2.3975307738338865e-16
S100A4,EPN2-AS1,2.340542704870146e-16
CATSPER1,VNN3,2.09837403112044e-16
MAPKAPK2,RP11-328C8.4,2.0343709025764332e-16
JUN,BBS5,1.737176346914391e-16
SETD5-AS1,RP11-414H17.5,1.5690938177573084e-16
CELF1,RP11-328C8.4,1.5484175206775604e-16
IGSF6,TTC39A,1.5419785419760802e-16
FLNA,WFDC3,1.5065759838953307e-16
OAZ1,CTD-3194G12.2,1.253296372711961e-16
IER2,DNAH12,1.1772473632206319e-16
FTH1,USP27X-AS1,1.1568097426800252e-16
DNAJC5,BMP6,1.1332471301680223e-16
MARCO,SPTB,1.1293841591705875e-16
EAF2,PLCD4,1.0188546141639e-16
DDX51,ARNTL2,1.00338607752271e-16
NKG7,RP11-276E15.4,9.66724425143485e-17
DOPEY2,USP27X-AS1,9.550343776949464e-17
BLK,ARNTL2,9.548788939570464e-17
ARRB1,TTC39A,8.392671359661151e-17
ANXA2,FAM47E-STBD1-1,7.897129632867415e-17
CST3,MMP1,7.741841617654021e-17
S100A9,RP11-167N5.5,7.597193368204518e-17
SYNE2,RP11-769O8.2,6.703690816063676e-17
MT-CO1,RP11-55K13.1,6.640522268786147e-17
TLN1,DCLRE1A,5.0958685361068806e-17
SPON2,RP4-655J12.4,4.8120261672556304e-17
OAZ1,WWC2-AS2,4.6163283422835176e-17
MYL6,BMP6,4.230479880749372e-17
MT-ND2,RP11-348N5.7,4.10218467548952e-17
HLA-DRB1,AFAP1L1,3.974562309200755e-17
RPL34,GRIN2C,3.577915826598655e-17
MYO9B,AMZ1,3.3078004595433666e-17
TSPO,GPR153,2.832696250122061e-17
KDM4B,SNRK-AS1,2.5626009598234904e-17
APP,CSN1S1,2.4092701590214496e-17
IFT81,HCAR1,2.198284760846987e-17
XPNPEP1,RIPK4,2.1560711772478254e-17
MDM1,CSN1S1,2.1371727542186253e-17
S100A4,RP11-511B23.2,1.9623647591375618e-17
SLC15A3,DNAJB5,1.9481031414367746e-17
TSPO,DNAJC28,1.7377060790743174e-17
TMSB4X,RP11-167N5.5,1.673749376385585e-17
FAM109A,PDE7B,1.6541972441847916e-17
AP1S2,ARNTL2,1.576716398874009e-17
CCDC82,ARNTL2,1.5324975857590556e-17
TSPO,RP11-29H23.4,1.4617244936454722e-17
CLDN5,STRIP2,1.3923153327930994e-17
NFE2,CTD-2527I21.7,1.3609628025289488e-17
S100A6,GJC2,1.2266384131664473e-17
WDR11,DIRC3,1.168703507088613e-17
IRF7,RP11-456K23.1,1.0647231305645509e-17
DUSP1,CTC-498J12.3,1.0578020316540001e-17
TSPO,FAM47E-STBD1-1,8.87511911569787e-18
RPP25L,RP11-54O7.1,8.513309406788944e-18
S100A4,AC000068.5,8.308678316354024e-18
SAMD3,STRIP2,8.306400572311414e-18
MT-ND1,CSN1S1,6.8893869999076115e-18
S100A11,LINC00951,6.704973343215505e-18
SNCA,BMP6,5.7882986851694815e-18
VIM,FKBP9,4.7917391651378384e-18
APOBEC3G,RP4-655J12.4,4.474112804977662e-18
TMSB4X,SNRK-AS1,3.9518538347687176e-18
OAZ1,SNX24,3.9042716343409885e-18
HLA-DRB1,FBXO30,3.2774279989827906e-18
ICAM1,RP11-29H23.4,3.1834045786426777e-18
BIRC6,SNX24,3.158365965959421e-18
FTL,RP1-86C11.7,3.1163364973510563e-18
S100A4,ESPL1,2.6391150075382563e-18
TSPO,RP11-713D19.1,2.239477417925084e-18
MARVELD1,CTD-3224K15.3,2.140945996587404e-18
COMT,STRIP2,1.960431258678817e-18
NAP1L5,FBXO30,1.9330131122652185e-18
CA2,GABRD,1.8613257749453584e-18
TSPO,AMZ1,1.730793977354343e-18
DDX42,VNN3,1.65994729852756e-18
BLVRB,STRIP2,1.6311652212645463e-18
HLA-DRB1,RP11-665G4.1,1.4461338974097506e-18
PPM1F,MAEL,1.3961169603476878e-18
FCER1G,RP11-29H23.4,1.356387186386694e-18
MDN1,MAEL,1.134745717329576e-18
LST1,TRIM54,9.556549462598726e-19
NFKBIA,FAM47E-STBD1-1,8.245809580857983e-19
HLA-DRB5,RP11-423C15.3,7.492067187925805e-19
ATF5,CTRC,7.462783018009466e-19
IL32,RP11-225B17.2,7.437926695135751e-19
B2M,CTC-523E23.1,7.2231172591903445e-19
PGRMC2,CTD-2527I21.7,6.303406664344605e-19
SDPR,C1orf177,6.292368917731087e-19
VIM,RFX8,6.168226213705699e-19
ACTB,GPR153,6.031722039834345e-19
PFN1,NODAL,5.3596765692196825e-19
CLEC4C,CLDN22,5.100177788545506e-19
CD7,NODAL,5.065419345399818e-19
SETD5-AS1,DNAJB5,4.673332241696754e-19
AKR1C3,RP11-55K13.1,4.641222759381716e-19
MIDN,SNX24,4.525144220234257e-19
RGS2,RP11-524F11.2,4.124180408591888e-19
MYL6,SCML2,4.0006270253196257e-19
CCL5,EPHB3,3.3848100757934423e-19
GZMB,RBL1-1,3.3410850853615043e-19
LRBA,RP11-348N5.7,3.2449075114135537e-19
RPL34,PDE7B,3.2347086850874173e-19
FTH1,RP11-816J6.3,3.187524701078472e-19
HLA-C,C19orf44,3.1508741069143456e-19
RPL34,FAM47E-STBD1-1,3.0454738119926653e-19
S100A6,BBS5,3.043705345983053e-19
XYLT2,GABRD,3.032421577178185e-19
S100A4,XX-FW83128A1.2,2.8924138325566125e-19
FTL,RGS9BP,2.758611877541518e-19
VIM,FAM47E-STBD1-1,2.636634425129255e-19
PFN1,PDE7B,2.5296076831994153e-19
PSAP,PTPRR,2.35528628449181e-19
TMSB10,TRIM54,2.3341646413090407e-19
PFN1,DNAJC28,2.291196072772178e-19
CD79B,CCDC81,2.2429757570732413e-19
RPL34,RIPK4,1.9995375724111282e-19
PFN1,AF131215.5,1.9576252187628308e-19
MYO1F,IL10,1.9243984569285693e-19
S100A4,ASB9,1.8712784785593626e-19
FAM129A,ARHGAP44,1.705609588303057e-19
RPL3,CCDC81,1.6670080004492302e-19
CD8B,DIRC3,1.611239470268297e-19
TMSB4X,MTBP,1.5908943474728582e-19
C9orf89,MPP4,1.5884061138397853e-19
S100A6,LINC00638,1.567241330948845e-19
HLA-DRB1,RIPK4,1.5014794469374145e-19
SOD2,IL10,1.4967543553888877e-19
S100A6,CYP46A1,1.440726990899093e-19
PFN1,C17orf96,1.4007829174201398e-19
DUSP2,ASB9,1.396809011331396e-19
MTHFR,SNX24,1.289290931370953e-19
RRP12,EPAS1,1.2348858711220193e-19
IL32,EPAS1,1.232365695874832e-19
RSU1,SCML2,1.1178427789339254e-19
S100A8,TRIM54,1.0170511988446202e-19
DYNLT1,C17orf96,9.117311324673253e-20
MALAT1,DNAJC28,7.970557518867364e-20
TPM4,CYP46A1,7.711208149121164e-20
S100A4,DCLRE1A,7.632250975599837e-20
CA2,PLCD4,7.351361209327879e-20
GPX1,FBXO30,7.185554103067253e-20
GPX1,EPAS1,6.779271414935168e-20
CTSW,LRP12,6.595024094351728e-20
TSPO,C19orf44,6.369246613847762e-20
MT-ND2,LRP12,5.79828557858001e-20
DOCK2,PNMT,5.547701177886318e-20
BTBD6,FBXO30,5.52441858401247e-20
DGKZ,KRBOX1-1,5.473318666012536e-20
GRN,RGS9BP,5.09399161585526e-20
AKAP9,DCLRE1A,4.950231187619859e-20
RSF1,FAM47E-STBD1-1,4.568383272597972e-20
BLVRB,SNX24,3.6795656127542593e-20
NAGK,ACTG2,3.609816844703978e-20
IL32,DNAJB5,3.528058386412516e-20
CD97,KRBOX1-1,3.436734976333453e-20
NUP214,DNAJB5,3.2692828620641773e-20
STMN1,CTD-2527I21.7,3.0330667720834304e-20
TLN1,ASB9,2.1870609845390678e-20
NFKBIA,LINC00951,2.103629955264673e-20
HLA-DRB1,C17orf96,2.086159455838611e-20
IER2,ASB9,1.3095084481231836e-20
AKAP9,FANCE,1.2087316358591737e-20
TYMP,SEZ6,1.0847875334389314e-20
ALOX5AP,LINC00638,1.0483402217227105e-20
LGALS2,SEZ6,4.9829221189672885e-21
CTDNEP1,C17orf96,1.4356112394062839e-21
