TF,target,importance
PRKACA,CTD-2620I22.7,6.745051816500649
RP11-488C13.5,RHOV,6.50796825782236
RP4-635E18.8,RP11-196O16.1,6.439167520039393
RGS2,AL049829.1,5.63655077211499
ZMYND8,GRIN2C,5.625948327237381
DLG4,FOXE1,5.525767062169519
RCE1,FOXE1,5.216699548753056
RUNX3,RP11-524F11.2,4.768150546277492
RFNG,GYPE,4.6844496809918486
ADAP2,CTD-2192J16.26,4.627546831119966
SLC25A35,CTRC,4.514890091224416
TSPAN4,FAM47E,4.5112947470357465
IER3,ESPL1,4.380983673715702
TPTEP1,RP11-118K6.3,4.209277447704098
WBP2,AL049829.1,4.169931176075929
AHNAK,AC108025.2,4.143617599593966
ANXA2,SNRK-AS1,4.117835988894917
CTSD,AC108025.2,4.083987512122688
KLRG1,CTD-3194G12.2,4.015780038550524
IFITM10,RP11-787I22.3,3.992810992033837
DMTN,CTD-2620I22.7,3.8362771208266575
NPLOC4,FAM47E,3.770247337920495
B2M,CAPN9,3.731709394460076
KIF19,ARNTL2,3.692308574529549
KIR3DL2,RP11-769O8.2,3.6475684596640474
PHRF1,BBS5,3.6417792454380384
APOBEC3G,TNS4,3.621935801256298
GIGYF1,CTC-503J8.4,3.5973081494663024
LRP3,RET,3.575668280135416
PRF1,RP11-358L4.1,3.5751998609430764
CD74,AC000068.5,3.5651487094649483
TOX2,DDR2,3.5513163399628187
MIDN,HSPA12B,3.5268356147022097
CYB561A3,AC108025.2,3.448575906534304
TTC7A,RP11-54O7.1,3.4457162176019698
DMXL2,RFX8,3.433184549572508
LGALS3,RP11-358L4.1,3.421748224510653
SETD5-AS1,NLGN3,3.3870557306811486
FSIP2,HSPA12B,3.377573483985448
DUSP2,WWC2-AS2,3.343750906899002
IRF5,C1orf111,3.3427528089077825
CCL3,KRBOX1-1,3.3423828139992096
KDM5A,GRIN2C,3.3089828628803177
C12orf75,RP11-168O16.1,3.28067516130254
IQSEC1,IQSEC3,3.277845750298256
CTNNA1,RP11-665G4.1,3.2735743440637632
GGA1,PTH2,3.2708230903889315
AC022007.5,DNAJB5,3.220592872245325
TIMP1,CTC-498J12.3,3.1951083545888417
TNK2,IQSEC3,3.1889396374347507
LAG3,HCG20,3.152449924566783
CTSH,C11orf45,3.122094125626995
MAX,AC000068.5,3.0468375079152974
RP11-611L7.1,RP11-168O16.1,3.043578010994108
RAMP1,C2orf48,3.0307712670589746
KIAA1109,RP11-665G4.1,3.029760930323894
TPP1,MST1R,3.025731337010474
NCOA4,RP11-168O16.1,3.020205949636926
TTC38,RP11-362K14.6,3.004063302130184
DDX42,RP3-323N1.2,2.9978353272174605
CXCR3,AL049829.1,2.9865690850150117
CD97,RP11-787I22.3,2.9622848326198574
HBD,RP1-86C11.7,2.951306270307244
ACTB,CCR8,2.949841973417492
STAG3,EPN2-AS1,2.93547005549764
RP11-490O6.2,RP11-276E15.4,2.924837930718275
PGRMC2,RP11-276E15.4,2.907189989119033
MIR155HG,RP11-787I22.3,2.902866626924654
MIDN,RIPK4,2.8928645368941592
DYNLT1,RP11-665G4.1,2.8914019279812804
CD68,RP11-29H23.4,2.8875761824722948
GNLY,KRBOX1-1,2.8802618022564825
SNORD3D,CTD-2619J13.3,2.835689811898332
SPIB,JAG2,2.822606506053672
IGF2R,FOXE1,2.817464198834837
SNX29,RP11-713D19.1,2.791344567078823
AC115618.1,ADAM20,2.7719991325052464
AKAP13,RFX8,2.765051511604681
HSPG2,AC068282.3,2.764811575434844
FGFBP2,RP11-118K6.3,2.748763494773832
FAM26F,HCG20,2.723294212650084
SLC22A4,TMEM105,2.7135116275560747
ZNF562,EPAS1,2.7106563993317847
CD300A,CTD-2619J13.3,2.704744658126882
APMAP,RP11-54O7.1,2.7024950206848417
PPIF,AC000068.5,2.693526895490801
QSER1,CTD-3194G12.2,2.677009872566865
MMD,SCML2,2.6749856994330936
EPHB6,RP11-54O7.1,2.67295872394178
SOX4,RFX8,2.668155444842893
ERBB2,VNN3,2.6490476270049266
HSPA2,PTH2,2.6488662673086223
RPF2,RP11-524F11.2,2.635738154818002
MT-ATP6,COL1A1,2.615333612834827
HLA-DPB1,CXXC4,2.6145000492812285
C7orf50,CTC-498J12.3,2.6000220728528096
CRIP2,CCR8,2.576933683109816
ASCL2,RP11-118K6.3,2.57472642439912
IRF7,TTC39A,2.573607326420463
CHD6,HCG20,2.563359877843191
MT-ND2,RP11-196O16.1,2.559178119243523
PPM1F,AP3B2,2.5346427595505485
NPEPPS,CTC-498J12.3,2.534041724431764
FAM110A,IL10,2.5039101934813086
DENND4B,FAM47E,2.498620028668534
NAGK,AC000068.5,2.49860244480924
CCNK,CYP46A1,2.4979277506190254
MT-CO1,CYP46A1,2.483749742437037
GPX1,IL10,2.4808775767096587
UBXN6,C11orf45,2.4782511356384798
HIST1H1C,AC009312.1,2.457079035512627
SLAMF7,AF131215.5,2.44269115406378
PDCD7,RP11-168O16.1,2.4331255854788054
TMSB4X,AF131215.5,2.4310872755655253
RBM12B,TMEM105,2.4308702487506544
MRPS24,PAPL,2.4221785581631314
PPP1R12C,CYP46A1,2.4187782666888604
RGL2,CCR8,2.397069851902327
FERMT3,AC009312.1,2.393867600535088
LILRB3,FBXO30,2.3892878615420976
JOSD2,PTH2,2.388326990002786
FRMD4B,ARNTL2,2.3843225486150024
ZEB2,PTH2,2.379035108145229
AP001055.6,CAPN9,2.378859828875871
NAP1L5,RP11-665G4.1,2.365562180097061
MTURN,RP3-323N1.2,2.3600892467698475
OAZ1,FOXE1,2.3592239274989004
S100A4,EPAS1,2.3591541239731018
COTL1,HCG20,2.359094065483045
GZMA,C1orf111,2.347219253154809
PDZD4,PTPRR,2.327729049514345
OASL,AC000068.5,2.315610297160079
CCR10,PAPL,2.3064055182279906
MAX,RP11-713D19.1,2.3030128719938747
LAT2,LHX1,2.3029421876343656
CTSA,MST1R,2.2937220253557795
ST8SIA6,RP11-362K14.6,2.2903386893882383
FGFBP2,GRIN2C,2.2741474570686493
ID3,RP11-196O16.1,2.2681132179796197
RPLP1,CAPN9,2.2639325744942003
MT-ND1,AC068282.3,2.257428176080401
IER2,RHD,2.2506237110322447
IGFBP7,RP4-655J12.4,2.2496247466165564
F13A1,RHD,2.2410980308425548
HSCB,LAMB3,2.235934423037298
LYZ,CLDN23,2.234667187142497
PARVB,CTD-2619J13.3,2.2289986615492023
S100A12,CLDN23,2.2273367111822333
NGFRAP1,CYP46A1,2.223563065385793
GZMK,RP11-54O7.1,2.211661920646049
KAT2B,CCR8,2.208600949067584
PDCD1,HCG20,2.206807447112321
PDLIM1,COL1A1,2.2022821516552997
IGFBP7,RP3-323N1.2,2.201765071631294
RP11-336K24.12,ARNTL2,2.195939143921481
NCR3,RP11-769O8.2,2.188593299433021
PASK,AC068282.3,2.1828759644895603
C19orf83,CXXC4,2.175313173875588
RP11-154D17.1,IL10,2.165825119622219
FBXL19,CTD-2619J13.3,2.1636418298731708
UBE2V2,FAM47E,2.161737065741716
MIR181A2HG,CTRC,2.161053666035915
SERPINF2,TTC39A,2.1540889659558715
RGS18,PAPL,2.153687266679831
CD1C,CLDN23,2.137534099368005
CD4,RIPK4,2.136178961195188
EPB41L2,RP11-362K14.6,2.132845119321353
FAM214B,CTC-503J8.4,2.131449898891825
CST7,CCDC81,2.1282266724868766
MT-CO1,HM13-AS1,2.1156728349311718
LINC00884,AC000068.5,2.1094081127889384
LINC00926,GYPE,2.10500459588142
UNC93B1,RHOV,2.0941857701541235
GNPTAB,AC140481.2,2.090763656242484
ATG10,GRIN2C,2.085468896928244
EIF4EBP1,SNRK-AS1,2.081345772506977
TUBA4A,CTD-3194G12.2,2.080350013790353
SNORD3B-2,FBXO30,2.074818417863173
CDKN2D,AC009312.1,2.0678750108115462
HVCN1,MST1R,2.0621510901123883
PTGDR,KRBOX1-1,2.0594729498620383
ZMYND8,RP11-362K14.7,2.058768331055908
ARID5A,RP11-713D19.1,2.042505304436256
HLA-DRA,RP11-276E15.4,2.039067453993149
PROCR,CTD-2619J13.3,2.033968121327059
VAC14,RP4-655J12.4,2.031574771566843
KIAA1109,VSTM2B,2.0238043855492776
CCL4,ESPL1,2.023013237195761
TRIP10,BBS5,2.022648204673274
MFSD1,ZNF572,2.0210331655224016
WBP2,BBS5,2.018512560074133
NPEPPS,RIPK4,2.0184815235214755
BIRC3,HM13-AS1,2.010114846425907
MT2A,AF131215.5,2.0025467190528663
LYN,HM13-AS1,2.000104107279177
GIGYF2,AC000068.5,1.9987482956397595
ZCCHC17,PTH2,1.997058444491634
ANXA2,AF131215.5,1.9959803614959928
GZMB,XX-FW83128A1.2,1.990504663174196
YWHAH,CAPN9,1.97658357482044
ALOX5,CASC2,1.9713919030432208
TIMP2,CTD-3194G12.2,1.970501675102776
S100A11,EPAS1,1.960206210412187
TBX21,RP11-362K14.7,1.9559105454808836
TSPAN2,GCSAML,1.9495230440481013
CD74,LHX1,1.9455843476178944
BATF,DDR2,1.941538279378579
C14orf80,BBS5,1.937120611262487
TNK2,RFX8,1.9300265482752463
IER5L,RP11-358L4.1,1.9246825249488009
CDC42EP3,ARNTL2,1.9229146895889813
CLEC4E,CYB5R2,1.9192386427530357
BATF,RP11-362K14.6,1.9102020335225336
FGFBP2,FBXO30,1.909859672056952
TUG1,CTC-498J12.3,1.909411359425492
AP5B1,RP11-196O16.1,1.9068134298518795
CAST,KRBOX1-1,1.898371635322117
RP11-367G6.3,TNS4,1.897749386064831
PRSS23,KRBOX1-1,1.8946981854376208
LGALS3,PAPL,1.893985401922572
FYN,AC140481.2,1.8915054763701955
TMSB4X,HSPA12B,1.8887885191587643
KIF13B,RP1-261D10.2,1.8884164296174888
RPLP1,C1orf101,1.8795769141463428
B2M,HSPA12B,1.8780629990829072
CD8B,C1orf101,1.877992735567353
R3HDM2,RP11-196O16.1,1.8739166292811065
ACTN1,RP11-713D19.1,1.8727140436658076
KLRG1,CCDC81,1.8712599531645728
IER5,FKBP9,1.865734285068732
GPR68,XX-FW83128A1.2,1.8611863432840727
RP1-202O8.3,EPN2-AS1,1.8577273091528916
PROCR,RP11-362K14.6,1.8561585569266068
SRF,C2orf48,1.855428928691556
NGFRAP1,AC108025.2,1.8530722592452509
MAPKAPK2,PTH2,1.8479621273521016
HLA-DPB1,RP11-665G4.1,1.846541534931738
KIAA0513,HCG20,1.8454022375567567
LIMS1,RP11-713D19.1,1.8393930828681444
TSPO,EPHB3,1.8375881580117843
MIDN,EPAS1,1.836814655296028
TIMP1,C2orf48,1.835807821832152
CD8A,AC015971.2,1.8356467445223168
SMPD3,CYP46A1,1.8351503405814924
CHN2,RIPK4,1.833339769048186
ENDOD1,ARNTL2,1.828309534643065
RNASEK,CTD-2620I22.7,1.8273823769243087
CSF2RA,ZNF572,1.8260097857175568
GNG11,PDE1A,1.8245320812089512
JOSD2,RP11-196O16.1,1.823633286242479
PATL2,AC000068.5,1.821943111269504
IGJ,LHX1,1.8209278263274529
APP,RP11-524F11.2,1.8178207247473857
DOPEY2,XX-FW83128A1.2,1.81065297565351
GZMB,RP1-261D10.2,1.8057145316083043
TUBGCP4,AP3B2,1.8035144898546411
DERL3,EPN2-AS1,1.8015568730662737
TLE3,ESPL1,1.7897123825963537
CTBP2,XX-FW83128A1.2,1.7896408567063709
ITPR2,STRIP2,1.7855629915260969
LINC01137,CLDN23,1.770134442249065
C7orf50,RP11-511B23.2,1.769660135314253
LYAR,DDR2,1.767091397342587
RRBP1,CXXC4,1.7667727658875771
ARRB1,RP11-358L4.1,1.7636532494104629
PKN2,STRIP2,1.7622912924390293
MT-CO1,KRBOX1-1,1.758165057869897
APMAP,AC009312.1,1.755088851155734
GP9,RHD,1.748099815105448
ARID5B,IL10,1.7450374038650376
ARHGAP4,SCML2,1.733180282654362
APOM,CLDN23,1.7300308793554942
BCL6,IQSEC3,1.7285726677035866
IFI27L2,CCR8,1.727711682040161
PRF1,CTRC,1.7269654692761591
GNLY,CCDC81,1.72497899063621
NMB,PTH2,1.7219129935641553
DUSP1,CCDC81,1.7200406220145996
BLK,ZNF572,1.7151734113287953
CD81,RP11-54O7.1,1.71412001462369
MS4A1,HM13-AS1,1.7139596779599604
PASK,RIPK4,1.7072894551296367
TCHP,ZNF572,1.7046276247950736
PPIF,AF131215.5,1.704068168370653
ARMC7,C1orf111,1.7033239106075575
FTH1,AL049829.1,1.703301316919474
TMCO3,NLGN3,1.7032510471250757
ACTB,CAPN9,1.701540834557254
SLA,CASC2,1.6987336216906888
TMSB4X,GYPE,1.6955784589677965
PNPLA6,SNRK-AS1,1.6939981267787387
RBPMS2,MMP1,1.693406381758273
IER2,CCR8,1.6845882723798842
FAM26F,RP11-358L4.1,1.6763637575435957
APMAP,EPN2-AS1,1.6761523476094171
DENND1B,JAG2,1.674661451349429
RP4-728D4.2,RP11-769O8.2,1.6731507155132463
C1orf35,CTD-2620I22.7,1.669608382722764
CCDC82,LHX1,1.6676481774545358
SELPLG,RP11-787I22.3,1.66483704249421
FAM110A,CXXC4,1.6632515052160115
GRN,VSTM2B,1.66207131058799
B2M,RP1-86C11.7,1.6592934570509956
RSU1,CTD-3194G12.2,1.6590061361039798
TMEM205,RP11-713D19.1,1.6551638558732618
EMR2,RET,1.6540749478023515
MS4A1,RP11-665G4.1,1.6477892961283571
NR4A1,SNRK-AS1,1.6424314750316005
PHRF1,PAPL,1.6289981639230129
CTSA,RP11-816J6.3,1.6283464124966476
HLA-DQB1,AF131215.5,1.628297854671161
RP11-354E11.2,RHD,1.628188602968728
ADAR,AC015971.2,1.6216007230871317
AP001816.1,RET,1.6182575197022453
ACTB,TNS4,1.6157783652289104
MALAT1,CYB5R2,1.613065030590728
CD9,C1orf101,1.6125671570067737
KLRG1,CTC-503J8.4,1.607281266592285
ADRBK1,ZNF572,1.6032607297834636
RXRA,AC140481.2,1.6019732576813082
JUN,SNRK-AS1,1.599674448089966
TSEN54,DNAJB5,1.59911591475106
JUN,EPN2-AS1,1.5971001692937612
PFN1,DDR2,1.596549752390431
RPL34,EPHB3,1.594097415554304
HLA-DPB1,EPN2-AS1,1.593295845890586
CTSS,IQSEC3,1.5924496222525526
FCER1G,C1orf111,1.586980404008901
FCGR3A,KRBOX1-1,1.5864095326286525
DUSP1,AC009312.1,1.5813486434990618
INTS1,RET,1.5804428849834349
PRKACA,RET,1.5788832674327815
SLC31A2,RP11-511B23.2,1.572192381165792
BTBD2,CTC-498J12.3,1.5687432449489875
MXD1,RP11-358L4.1,1.5668508535235672
BCL2L1,CCR8,1.5665319821473975
VIM,CTC-503J8.4,1.5654895378723457
MLC1,PAPL,1.564481278747603
MOGS,RFX8,1.5644469593407322
ARHGAP10,RHOV,1.5622200284052408
IFITM2,GPR153,1.5619214867442612
PFN1,AC068282.3,1.561579858968425
PTX3,DNAJB5,1.559450375282465
MT2A,STRIP2,1.5573028307641463
MT-CO1,RP11-769O8.2,1.556611224750336
HCG25,RIPK4,1.5562046520943702
SOD2,RHOV,1.5559326684187091
FAM65A,RFX8,1.5556944076056938
LGALS2,RP11-29H23.4,1.555114233045637
HLA-DRA,CLDN23,1.5550699018687837
MICAL2,TMEM105,1.5548062127195463
HLA-DRB5,CCR8,1.550868326692338
MFI2,DNAJB5,1.549658076536362
MEGF9,CTD-2192J16.26,1.5480848935897735
ENTPD1,DNAJB5,1.547773860212676
CD72,SCML2,1.542925591688546
GSTO1,STRIP2,1.5429087048837151
RPF2,HSPA12B,1.5422990755803625
HLA-DRB1,IQSEC3,1.53637182361313
TPST2,RP11-769O8.2,1.5353645425593905
VCL,CTC-503J8.4,1.5345247552526444
TMCO3,ADAM20,1.5312029330472805
RP11-505K9.1,RP11-118K6.3,1.520422834108586
HLA-DRB5,RP11-276E15.4,1.5187014438327204
GZMH,ESPL1,1.5185665366465255
PGRMC1,RP11-816J6.3,1.5178395546622
PGRMC1,RP4-655J12.4,1.5148032006557142
KIF2A,AP3B2,1.5125011067361442
FOS,RP11-713D19.1,1.5122574784208334
ZNF322,PTPRR,1.5115703611026252
RETSAT,EPN2-AS1,1.5109838506086115
LYL1,HM13-AS1,1.5103555382869676
KLRB1,XX-FW83128A1.2,1.5103517019479875
CD160,ESPL1,1.5029015686205431
PASK,CCR8,1.4975329414793224
KLRD1,RP11-118K6.3,1.494559794560582
POMC,AC015971.2,1.4940500458876866
DOCK2,C1orf111,1.4911277263322982
MT-CO1,MST1R,1.4904163166151465
TCHP,C11orf45,1.48970478808992
SNN,GRIN2C,1.48824669318673
GNAI2,RFX8,1.487537010316969
GNG11,MMP1,1.486475036256025
HLA-DQA2,ACKR2,1.4851009817437872
TYMP,RP1-261D10.2,1.483119276694281
TMSB4X,AC108025.2,1.4829316369887575
FCER2,HM13-AS1,1.480440460066065
C19orf40,PDE1A,1.4801323097258516
MCUR1,CCR8,1.4782638195761442
IGFBP7,JAG2,1.4777536125305786
RP11-443B7.1,LAMB3,1.4776912896956629
BOD1L1,BBS5,1.4773981258609898
MT-ATP6,RP11-713D19.1,1.475533142422997
FERMT3,RP11-358L4.1,1.4720273136989082
CD7,RP11-713D19.1,1.4708182369966494
TNFRSF13C,RP11-276E15.4,1.4707850840894203
RALBP1,PTH2,1.4682696470507386
LYZ,EPHB3,1.468040265979814
ZEB2,C1orf101,1.4653296707917782
KLRC1,EPAS1,1.4643438024801716
CYFIP1,TMEM105,1.4624077791461942
TLK1,RET,1.4622915731595356
ZNF267,CTD-2619J13.3,1.4614311981252184
S100A8,CYP46A1,1.459812088387846
C1orf21,RP11-511B23.2,1.4456167325998392
PMAIP1,CASC2,1.4451314326234264
CD7,HSPA12B,1.4445396117216032
MT-CO1,C2orf48,1.4435135216380073
STAT3,CTD-2192J16.26,1.441459375592496
MMP23B,ESPL1,1.4385860098541492
ASCL2,CXXC4,1.436203098295974
TMSB10,AC108025.2,1.4348708218841175
STRN4,RP11-29H23.4,1.4337281622707456
NELFB,ESPL1,1.4326698468806425
FOS,C1orf101,1.4324336196792182
APOL2,RP1-261D10.2,1.4302046143118703
ECE1,AC140481.2,1.4301043579131634
IL32,MST1R,1.428191201072015
PRDM15,AC009312.1,1.4273070179646
FCGR3A,C1orf111,1.4232753278155126
NPC2,AC140481.2,1.418179665282822
LYL1,GYPE,1.417931862130834
CD9,NLGN3,1.4172886759864696
FTL,RHOV,1.4142958790229228
CD7,C2orf48,1.4121278288226062
DENND1B,RP3-323N1.2,1.4107310131289836
ZNF554,GYPE,1.4092377896895223
SPTBN1,CASC2,1.4092210264729523
SNCA,RP1-86C11.7,1.4022077368132644
MSRB1,COL1A1,1.4016616712435506
CTSS,CTC-503J8.4,1.4001171185719077
FYN,CTD-3194G12.2,1.3987312726143355
CD74,HM13-AS1,1.3983560019638792
FAM135A,RP1-261D10.2,1.397014817236183
HLA-A,C1orf111,1.3956338858920754
PLD4,GYPE,1.3952365028355858
PATL2,TNS4,1.395061629444528
CSNK1G2,GCSAML,1.3945766963798354
CTB-55O6.12,RFX8,1.3917418372607484
CD8B,RP11-524F11.2,1.3916519742256976
MAP3K7CL,RP1-86C11.7,1.3911290322005048
KIAA1715,FBXO30,1.3900834554491148
TMSB10,CCR8,1.3881961793337845
TSPO,RP11-665G4.1,1.3872907006674495
ARHGAP24,GYPE,1.386229336951361
CD160,GPR153,1.3859207849564856
ACTB,IQSEC3,1.3836572554293012
EAF2,HM13-AS1,1.3816833281187917
CD74,MST1R,1.3809085286685585
CTD-2035E11.3,CTD-3194G12.2,1.3794577207529763
XCL1,EPAS1,1.3791278138406209
SLC16A3,STRIP2,1.376433407579122
MB21D1,SNRK-AS1,1.374634797674116
POLR1A,RP4-655J12.4,1.365748031974273
DGCR2,ESPL1,1.3611120726320602
ZNF683,TNS4,1.3522338662812503
FTH1,AC108025.2,1.349323666276134
CST7,RP11-511B23.2,1.346636911275091
MT-ND1,HSPA12B,1.343394177970864
CD74,RP11-511B23.2,1.3404236951994508
SASS6,ADAM20,1.335722556694836
FTL,HM13-AS1,1.332052591737782
TMSB10,RP11-524F11.2,1.3313852894784275
CD74,TNS4,1.3309847889256323
CD7,PTH2,1.3306516635222103
FCER1G,JAG2,1.3272828868211315
B2M,AC108025.2,1.3231322439856168
METRN,RP11-511B23.2,1.3228788064667285
CPEB2,WWC2-AS2,1.3176255763440146
CPVL,AC015971.2,1.316870681100445
KIAA0195,RP11-168O16.1,1.3160958045790303
KRT1,COL1A1,1.3156357415391562
VCL,RP11-362K14.7,1.3153554823211673
HLA-DPA1,CLDN23,1.3123166539555249
PTPRE,C2orf48,1.3120331653860444
TMEM140,NLGN3,1.3110195967520353
AC078883.3,EPN2-AS1,1.3074779323594048
SAMD14,XX-FW83128A1.2,1.3072488468813352
CAHM,FKBP9,1.3043337284321044
RPL34,RP11-524F11.2,1.3034981971390198
HOPX,EPAS1,1.3015050592927668
C19orf38,RET,1.2995740438131589
FTL,WWC2-AS2,1.2990580013290929
PGRMC2,FAM47E,1.2985936478411493
APMAP,C1orf101,1.2984339711096975
MXD4,C11orf45,1.2982993528797957
HLA-DPA1,C1orf101,1.2966110192414668
C15orf39,LAMB3,1.2963304317559496
UBXN6,RP11-524F11.2,1.2959429370950526
PQLC1,RP11-362K14.7,1.2951023595243214
CEP44,STRIP2,1.2950317582194355
MYOM2,VNN3,1.2941108623824913
RP11-290F20.3,RET,1.2940138273261002
GSTO1,AC140481.2,1.292839159697491
TBX21,ESPL1,1.292607295347728
ARHGAP10,RIPK4,1.291814306306937
ATP6V0A1,CYB5R2,1.2907421952180302
RETSAT,VNN3,1.2904030713682215
GZMB,GRIN2C,1.288756637230307
HEBP2,HM13-AS1,1.287977204970368
PMAIP1,AP3B2,1.287556923095997
KDM6B,VSTM2B,1.2856176578033955
FTL,IL10,1.280266722246321
HIST1H2BK,COL1A1,1.2799779329648355
B2M,RP11-769O8.2,1.2798583984626846
GLIPR2,STRIP2,1.276285748190734
APOL2,PTPRR,1.2760954740998554
CLIC3,RP11-168O16.1,1.271326553835253
LILRA3,GPR153,1.269445353686819
TMSB4X,RP11-511B23.2,1.2686236848354746
ZFAT,ACKR2,1.268030861910801
MT-CO1,WWC2-AS2,1.26777714286062
LRP1,VNN3,1.2677363292060693
GCHFR,AC108025.2,1.2660276845300589
TMEM205,C1orf101,1.2650542540861276
RP11-222K16.2,AP3B2,1.2623187336245856
SLC31A1,RET,1.261147884990132
ITGAM,TMEM105,1.258737003895231
JAM3,RP1-86C11.7,1.2583316302359364
PNOC,TTC39A,1.2578450420411464
IL2RB,RP11-54O7.1,1.2519137154806652
EIF4EBP1,COL1A1,1.2513979581032295
EFHD2,C1orf111,1.2511683021905269
EPB41L2,PDE1A,1.2510503274336322
UBE2F,HSPA12B,1.2508176658811048
SLC9A1,TMEM105,1.2506752851231804
MAFK,FKBP9,1.2497680204838837
HTT,RP11-29H23.4,1.249338612669112
BID,C2orf48,1.2470523135403315
SFSWAP,AC015971.2,1.2470430594090558
IL32,IL10,1.2463759290199603
RPL3,AC009312.1,1.2463180943688177
LAG3,RP11-358L4.1,1.2438615028996465
COTL1,AC068282.3,1.240342395905781
OS9,CXXC4,1.2402674887037584
DUSP1,AP3B2,1.2371695988212583
VIM,GRIN2C,1.2347743905689883
GNLY,RP11-769O8.2,1.2332511136909394
GSTP1,KRBOX1-1,1.2315921440520248
MYL9,RP1-86C11.7,1.230568538811159
SH3BP5L,SCML2,1.230452951401797
APLP2,RP11-787I22.3,1.22914888249905
AP001053.11,RET,1.2251501663962348
ID3,ACKR2,1.2244687397521714
RPL34,C1orf101,1.2238720896921909
RSU1,RFX8,1.2207968737839343
SAMD3,C1orf101,1.2206350770635104
TMSB4X,RP11-713D19.1,1.220335675955215
MS4A1,CXXC4,1.217422852192983
ITPKC,AC140481.2,1.2088109101120208
DUSP2,RP11-713D19.1,1.2080794200825218
PHF21A,GCSAML,1.2075677661827413
RP4-728D4.2,RP11-118K6.3,1.2067456047828864
FAM26F,RP11-276E15.4,1.2057116421754326
DUSP1,RP11-713D19.1,1.2044832776581105
HDGF,SCML2,1.204150338254816
LTB,CTC-503J8.4,1.203932370064574
STXBP2,TNS4,1.2030882737869095
NFKBIA,ACKR2,1.2003599336764854
GGA1,RHOV,1.1995242744354626
RP11-291B21.2,IQSEC3,1.1947707909334702
GAB2,EPHB3,1.1940644937514
C1orf35,BBS5,1.1937336345323195
TMEM205,MST1R,1.193600440614485
ABI3,PTPRR,1.1934928609218856
PLAC8,TNS4,1.1934282209203104
CCNY,RP11-29H23.4,1.192003869642408
NT5C3A,EPHB3,1.1884332717844888
B2M,HCG20,1.186996041178254
BLVRB,RP11-787I22.3,1.1867154275320335
STMN1,IL10,1.1865682532817163
ARHGAP26,VSTM2B,1.185459308872648
NT5C3A,GRIN2C,1.1849898355140502
VPREB3,LHX1,1.1838816014682645
S100A6,AC108025.2,1.1814167402452942
HEBP2,ACKR2,1.179445596996756
VPREB3,PDE1A,1.178372817211631
MAPK8IP3,EPHB3,1.1772026979629262
MT-ND1,RP3-323N1.2,1.1764769400563884
APP,C2orf48,1.174848335827689
S100A6,CTD-2620I22.7,1.1743858548230564
DAB2,RP11-511B23.2,1.173776391861841
GPM6B,COL1A1,1.173280268354054
AP000783.1,FBXO30,1.1725131967623856
TIMP1,NLGN3,1.1674564778327536
NBEAL2,C11orf45,1.1674083734349183
SH2D2A,GCSAML,1.1669942653660348
TSPO,CTD-2620I22.7,1.166319638935522
KIF22,FKBP9,1.1646032766023309
PTPLAD1,RP11-54O7.1,1.162555594583889
FCRLA,LHX1,1.160060580481601
RPLP1,RP11-276E15.4,1.1599967849282815
GSTO1,CTD-2620I22.7,1.1511863199661392
OAZ1,C11orf45,1.1505546281517245
MESDC2,HSPA12B,1.149933777591869
NCR3,RHOV,1.1460592042717468
KIF22,ADAM20,1.1457574518573228
IL18RAP,RP11-769O8.2,1.1452110817551746
SNORD3B-2,SCML2,1.145169705067981
KIF2A,RP4-655J12.4,1.1450808395868248
PRAM1,GPR153,1.1424098724526148
RPL3,BBS5,1.140330182152685
CCL4,RP3-323N1.2,1.13942385474394
CAHM,CTD-2192J16.26,1.1386634050221107
EXD3,RP4-655J12.4,1.1381680240986325
ZYX,PAPL,1.1380955042693266
FTH1,IQSEC3,1.1369144956012744
STK11,CXXC4,1.1364890730498722
MALAT1,RP11-362K14.6,1.1361097301730425
CD63,PTPRR,1.135533962006295
VTI1B,RP11-362K14.7,1.133299449702617
IGFBP7,RP11-769O8.2,1.132633827424798
STMN1,SNRK-AS1,1.1312048468721116
CNTROB,GPR153,1.131109957828578
GLIPR2,RP11-276E15.4,1.1286085594540554
KDM4B,ZNF572,1.1273116062692818
DENND6B,BBS5,1.1271208982968486
CDKN2D,RP11-118K6.3,1.1221928402434604
KLF6,RP11-358L4.1,1.1194259350974602
KLRD1,SCML2,1.1177931962137797
TUBB1,BMP6,1.1169518028080885
FUOM,RHD,1.116561329026565
IER2,AF131215.5,1.1158361470441611
ACSL3,SCML2,1.115817197360895
RPL3,ESPL1,1.1157824829247285
MALAT1,CTC-498J12.3,1.1134740685915083
SPARC,RP1-86C11.7,1.1134073019696105
AKR1C3,RP3-323N1.2,1.112724517970349
TUG1,PDE1A,1.112414030081038
PLAC8,RP11-769O8.2,1.1120218202308594
GZMH,CTRC,1.110056037653938
CLUH,RP1-261D10.2,1.1099532132483592
HLA-A,RP11-196O16.1,1.108723611315012
MAX,HSPA12B,1.1074363834121912
NEURL4,JAG2,1.1052743420699138
TMEM91,CCDC81,1.1015231696870194
QSOX1,CYB5R2,1.1012279181771996
HCK,COL1A1,1.1000578960548406
HLA-A,C1orf101,1.0996280409895716
RP11-542M13.3,RP11-362K14.7,1.0971702955176796
LGALS3,EPAS1,1.0932134420480406
SH3BP5L,RP11-787I22.3,1.092699141468444
MT-ND2,FAM47E,1.0912081969915517
S100B,CTRC,1.0908457885866936
MEF2D,AC015971.2,1.0903278922686908
CST7,MST1R,1.0903178080499576
CXCL3,RHD,1.0902506553865894
TIMP1,JAG2,1.0898828752842675
DNASE1L3,GYPE,1.0884936624814885
GZMA,RP1-261D10.2,1.0845762783049082
ZNF264,ARNTL2,1.0825168727497176
SPON2,XX-FW83128A1.2,1.0784314158945056
KPNA6,RP11-168O16.1,1.0753566462601685
TMSB4X,HM13-AS1,1.0751139229416748
LTB,C1orf101,1.0736674695907615
SNX22,RP11-276E15.4,1.0734504416099635
DUSP1,RFX8,1.0734371156678717
GZMA,PDE1A,1.0727509039047731
STAC3,ADAM20,1.0717744981567725
HLA-A,FBXO30,1.0717353201570476
CCL5,SCML2,1.0711565599308397
ABI3,RP11-362K14.6,1.0694810968700108
PRSS23,PTPRR,1.0694706426010865
B2M,AP3B2,1.069032732523386
CD79A,CYB5R2,1.0681090268035944
CD8B,ADAM20,1.0662533938513616
CTSD,CAPN9,1.0660748506613176
CST7,EPAS1,1.060016733917705
APP,CLDN23,1.058460897834382
CD79B,JAG2,1.0582735274029362
IFNG,BBS5,1.0581346030970171
XXbac-B135H6.15,GPR153,1.055629660335098
CARS2,AC009312.1,1.0554908006724806
KDM5C,CCR8,1.0552027180857546
RPLP1,RP4-655J12.4,1.054833093830497
TUBB4B,C11orf45,1.0543158664663232
STON2,BMP6,1.0535867837087534
EFHD2,SCML2,1.053090824707159
RP11-66N24.4,DNAJB5,1.051306269907342
TCL1A,MST1R,1.0507090578665996
YWHAH,AL049829.1,1.050548203381008
YBX3,CLDN23,1.0500800724879793
PFN1,JAG2,1.0495616794114608
PDZD8,CCDC81,1.0486351810179642
SCRN3,CTRC,1.0480863663220903
ARID5B,PDE1A,1.0478413698093476
DENND1B,RP1-261D10.2,1.0473157547507694
PTPN18,CCDC81,1.0461306199843188
UBE2V2,HSPA12B,1.0429130818813728
RALBP1,VNN3,1.0412312885837272
HLA-DRA,DNAJB5,1.0408311423770895
PFN1,FBXO30,1.040199391381625
ARID5B,AC140481.2,1.0386588755219277
FTH1,C11orf45,1.038433526818952
KLRB1,SCML2,1.037494853740278
LAIR2,CTRC,1.0362461972030452
CAPN12,PAPL,1.0359187271010408
CTSS,RP11-196O16.1,1.0358865088217812
HAVCR2,RP11-362K14.7,1.0351367125797464
SORT1,ZNF572,1.034655796238395
UBXN6,PAPL,1.0326733666511858
PLAC8,AC000068.5,1.0322926850846277
TNFAIP2,WWC2-AS2,1.0282647821629705
RPL3,GRIN2C,1.0267274634990131
GNGT2,LAMB3,1.0267088829124291
CD72,DNAJB5,1.0263441779319686
HLA-DMB,CYB5R2,1.025722884371986
CXXC5,RP3-323N1.2,1.0247864473454806
GRK4,CYB5R2,1.023092047160404
TMSB10,CTC-498J12.3,1.02264156067195
TKTL1,CTD-2619J13.3,1.0223139446231144
FERMT3,PTH2,1.021066347706019
TIGIT,EPN2-AS1,1.020006104843881
CMKLR1,C2orf48,1.0198537136648846
PRKAR2A,JAG2,1.0195077827346253
GSN,CTRC,1.0162095699298996
FAM212B,FBXO30,1.016012938436633
TMSB4X,RFX8,1.015762003246906
HLA-DPA1,RET,1.0130760518301334
STMN1,CAPN9,1.0124419704704242
ANKRD13D,HCG20,1.0121242634571217
TTYH3,XX-FW83128A1.2,1.0118948742406615
SPTBN1,JAG2,1.010496477976257
EIF4EBP1,LHX1,1.0079129375203189
CCL4,RP11-54O7.1,1.0073732870269765
S100A9,RP3-323N1.2,1.006663116029466
EMR3,FBXO30,1.006492956019815
TPM4,GCSAML,1.0063001090318988
CLIC3,XX-FW83128A1.2,1.0061972273068072
PRF1,FAM47E,1.004928565758052
MT-CO1,RHOV,1.0039791918137226
NKG7,STRIP2,1.0030773081699005
HLA-DRB5,CCDC81,1.0015766510743205
HLA-DQB1,AC015971.2,0.998817956140722
RP11-212P7.2,FBXO30,0.9977381491963804
RP11-480D4.6,RP11-362K14.7,0.9972709778261664
TCL1A,SCML2,0.9971623270825202
CSRNP1,IL10,0.9970057345521044
FERMT3,AP3B2,0.9965051371054968
NCF1,CTD-3194G12.2,0.9964791404263208
CD7,RHOV,0.9949475374195652
IGFBP7,CTRC,0.9947406559792678
LINC00936,RP11-118K6.3,0.9940400893048764
FGFBP2,RP4-655J12.4,0.9937563789836584
TLK1,KRBOX1-1,0.9934560987527068
SLK,IQSEC3,0.9926146718559162
FTH1,RP11-362K14.6,0.9925161964378544
SNORD3B-2,ADAM20,0.9923109233697094
RPF2,RIPK4,0.9919134620547088
UBE2V2,CAPN9,0.9915363623912158
GSTO1,C1orf111,0.9913111936544328
CAMKK2,VNN3,0.9880853616996498
UBE2Z,CXXC4,0.9877020921872736
HLA-C,RP11-362K14.6,0.9868832654807836
ATG10,XX-FW83128A1.2,0.9861739024714136
MFSD1,ADAM20,0.984584413466698
KLF6,DDR2,0.9841335894237684
TPST2,BMP6,0.9840488876196452
FAM109A,VSTM2B,0.9835451635202266
GNLY,VSTM2B,0.9830200386331922
MT-CO1,FBXO30,0.981926681875584
GNLY,CTD-2619J13.3,0.9793196245097356
IGLL5,AC015971.2,0.9792719316853984
PACSIN2,BMP6,0.9778506083150816
RALGPS2,MST1R,0.9771841784464363
PRR3,CTC-498J12.3,0.9759252189023268
PLEK,RP11-358L4.1,0.975887078845018
MYL6,DDR2,0.9757725750818376
MYO1F,NLGN3,0.9752761780842104
FOSB,BBS5,0.9745852927619432
LAT2,GCSAML,0.9739024942719314
DGKQ,STRIP2,0.9737791308088812
GPX1,CTD-3194G12.2,0.9728669742695338
KIAA0368,AC015971.2,0.9726401367919822
RASSF4,GCSAML,0.9725877376780472
CD81,MST1R,0.972094134353524
TMSB4X,BMP6,0.9712108344354256
NKG7,GPR153,0.9702732636529476
GZMH,AC015971.2,0.9696920320485852
TNS3,CTD-2620I22.7,0.9694483127260286
KIAA1257,RIPK4,0.9693742808617906
COTL1,JAG2,0.967414425608327
RAP1GAP2,CAPN9,0.9640770037302212
HLA-A,STRIP2,0.9633129349426066
IQCK,ZNF572,0.9620062085616868
IER2,CYB5R2,0.9613189863519724
HLA-DQB1,RP11-665G4.1,0.9611043531527218
MYCBP2,RP11-362K14.7,0.9598894497045802
ACTB,CTC-503J8.4,0.9596510660402142
ACTB,CTC-498J12.3,0.958938938262814
PRR24,AC015971.2,0.9587980432840114
CD160,CCDC81,0.957553330879861
CCL5,RIPK4,0.9552880333405388
ACTB,RP4-655J12.4,0.9542284996348548
PTMS,RP11-29H23.4,0.9540410222643873
BIRC3,CCR8,0.9538527752956408
MALAT1,LAMB3,0.9538289387785231
GSTO1,ADAM20,0.9534870437744304
ARNT,LHX1,0.9506675309283074
KRIT1,BMP6,0.950195177669564
MT-ND2,C1orf111,0.9496949346942112
CD7,TNS4,0.9467104237107818
CD151,RP11-511B23.2,0.9462803211664484
PMAIP1,RP11-511B23.2,0.9460246556779472
HIST1H2AC,RHD,0.943845404731406
S100A6,RP4-655J12.4,0.9409923016360116
MS4A7,ZNF572,0.9409612693579974
CAPG,RP11-713D19.1,0.9397899553443696
PLOD1,RP11-816J6.3,0.9396589186126092
FTH1,DDR2,0.9395986124437196
RP11-412D9.4,AF131215.5,0.9387047092866774
GAS7,RP1-261D10.2,0.9373902763682926
CLCN7,RET,0.9372994842678256
HLA-A,GRIN2C,0.9370063543595184
FCGR2B,CASC2,0.9366286350803172
RPL3,RP11-769O8.2,0.9362201938741008
B2M,GRIN2C,0.9301088023438474
GP9,RP1-86C11.7,0.9288440837671434
ACTB,RP11-769O8.2,0.928613612103974
TKTL1,IQSEC3,0.9274627923775348
HLA-DRB5,HM13-AS1,0.927243573158295
PSAP,CASC2,0.92685093122582
MIEF2,RP11-276E15.4,0.9268493369635012
FGR,GCSAML,0.9255362708206584
LYN,AC015971.2,0.9249638658604196
RUFY1,GCSAML,0.9241498298275688
CD74,C1orf111,0.9220638545798304
CIITA,RHOV,0.9208167280415762
CCL4,RP11-168O16.1,0.92002587564147
SCGB1C1,RP1-86C11.7,0.9187845858920156
HIST1H1C,ACKR2,0.91849344092909
TMEM205,RP3-323N1.2,0.9179544271994676
TNFRSF18,LAMB3,0.9164797118826666
RPL3,FAM47E,0.9143744614674032
TSPO,IQSEC3,0.9139394184420676
TLK1,EPN2-AS1,0.9134371986994648
COTL1,RP11-54O7.1,0.9125633149759788
IGF2R,CYB5R2,0.9124207769051677
DUSP6,SNRK-AS1,0.9122974108534792
FTH1,HSPA12B,0.9116858989916838
C16orf54,RP11-816J6.3,0.9115867826533692
PYGL,RP11-29H23.4,0.9102521404986806
TBXAS1,VNN3,0.908614728518924
ITGAL,AL049829.1,0.9076130667781572
B2M,ACKR2,0.9075478201832752
TPRG1-AS1,DNAJB5,0.9073952298576148
IL32,RP11-118K6.3,0.9068693014647966
BIRC3,JAG2,0.9067331083353892
TBC1D10B,CCDC81,0.9058801565533816
MAX,AC009312.1,0.9057788329664138
ZNF593,RP11-29H23.4,0.9054172587284202
OAZ1,EPHB3,0.9032409906035652
MYBL1,AF131215.5,0.903121510303047
HLA-A,FAM47E,0.9027203567746092
LYAR,CCDC81,0.9022702133465158
RAD54L2,CCDC81,0.8998165708728859
B2M,LAMB3,0.8983705622841534
SNORD3D,ARNTL2,0.897788781665819
LAT2,AC015971.2,0.8975232535608507
BRD3,GYPE,0.8973283123703703
C9orf89,RP11-787I22.3,0.8968177343227487
FTH1,ESPL1,0.8966743308957261
F2R,GCSAML,0.8961123086061217
CTSH,RP11-276E15.4,0.8955329796053995
SYNE2,NLGN3,0.8945767424775602
IQSEC1,AL049829.1,0.8945463486103348
KLRG1,AF131215.5,0.8927247206542942
HLA-A,EPN2-AS1,0.8919091930978698
GLIPR2,GYPE,0.8914501122129764
NEAT1,ACKR2,0.8903229442991186
KPNA6,MMP1,0.8903065813761265
IFITM3,PTPRR,0.8899089908185225
FCGRT,RIPK4,0.8894159362385363
SNAP23,RP11-524F11.2,0.8886190560157615
S100A6,ADAM20,0.8885864985828775
BRD2,C1orf101,0.8884499634442519
TTC38,RP11-362K14.7,0.8867735576225719
IFI27L2,VNN3,0.8863540042437347
CD79A,EPN2-AS1,0.8860557739020244
HLA-C,RP11-196O16.1,0.8845686933296543
CHD6,PAPL,0.8838436901056845
CD8A,GCSAML,0.8826637649442526
MYL6,FKBP9,0.8818261449934028
DDX42,CTRC,0.8815182352940489
MALAT1,RP11-29H23.4,0.8814559095010875
PHACTR1,FKBP9,0.8810970926963362
IRS2,CLDN23,0.8807029395370153
KIAA0040,FOXE1,0.8802579710182553
SOCS4,VSTM2B,0.8802473825984626
SUZ12,VNN3,0.8783680114114085
CX3CR1,RP11-816J6.3,0.8774715470856078
HLA-DRB5,ADAM20,0.8773652695130665
ARID5A,RP11-358L4.1,0.8761168077788736
ALOX5,PDE1A,0.8759170144295145
MEX3D,WWC2-AS2,0.8757384616728595
GSTP1,AF131215.5,0.874928426276759
S100A6,STRIP2,0.8742610093541309
GAPT,RP11-276E15.4,0.8724886655099865
HLA-C,AP3B2,0.8719499890655701
ANXA2,LAMB3,0.8718197773236278
KIF2A,IL10,0.8707219889441056
LRBA,CASC2,0.8699318248879734
KIAA1715,DDR2,0.8698231399782476
CLIC3,CCDC81,0.8686250394406163
GGA1,GPR153,0.8683383618722381
BATF,CASC2,0.8680047645774973
TNFSF10,KRBOX1-1,0.867522042207121
MT-CO1,CTD-2192J16.26,0.8673218227026873
AP4S1,CTD-2192J16.26,0.8670461292131756
STXBP2,RET,0.8669733099607205
MYO9A,GCSAML,0.8667577740949065
DOCK2,PDE1A,0.8665895806820123
SYTL2,RP3-323N1.2,0.8640020405422038
RP11-367G6.3,BMP6,0.8639030339948721
OAZ1,FKBP9,0.8627919066304832
MYL6,RP11-29H23.4,0.8622807100758295
OAZ1,CCR8,0.8615012905033591
KLRB1,AF131215.5,0.8611549557783821
CD7,RP11-362K14.7,0.8607994684213778
ITM2C,AC000068.5,0.8599618503250259
C11orf68,GPR153,0.8585902269961678
B2M,RP11-54O7.1,0.8572521537885313
C11orf83,CASC2,0.8572167464872845
MDN1,RP11-29H23.4,0.8566528611326323
CTSH,PAPL,0.8560817863058616
NGFRAP1,CASC2,0.8538597012881053
MAX,LAMB3,0.8536610546202561
HLA-DPA1,DNAJB5,0.853583704460401
HLA-DQB1,CYB5R2,0.852729501738988
IGF2BP2,BMP6,0.852424537292451
ANKRD11,RP1-86C11.7,0.8516138924528637
MBP,CTD-2619J13.3,0.8512984620335319
SPI1,RP1-261D10.2,0.8511969166508034
RPL34,CAPN9,0.8508026405248439
SIGLEC7,VNN3,0.850504078094843
FLNA,RP11-524F11.2,0.8502823659526217
HLA-DRB5,RET,0.8498421319291749
CD63,BMP6,0.8495036214874017
GPR35,RP4-655J12.4,0.8488687925623921
MFSD1,STRIP2,0.8485168948605673
GRN,CTRC,0.847889438084558
GNG11,BMP6,0.8478231581407304
GNPTAB,RP11-362K14.7,0.8477819446261978
HLA-A,CAPN9,0.845319824350818
PLCL2,RP1-86C11.7,0.8451372670090879
ACTB,FOXE1,0.8446661722881749
MT-ND1,RP1-86C11.7,0.8443046661068727
HOPX,PAPL,0.8433670201485005
DYM,CTD-3194G12.2,0.8424379893102899
CHAC2,RP11-362K14.7,0.842420634873101
TP53,DNAJB5,0.8421152792389186
TPM1,KRBOX1-1,0.8419968390387089
CD40,MST1R,0.84101262514668
KDM6B,WWC2-AS2,0.8398127456063291
BOD1L1,RP11-511B23.2,0.8397357471944511
PTPN18,GPR153,0.8371328811864155
COLGALT1,CTD-2192J16.26,0.836614482114955
FCRLA,PDE1A,0.8354218796710497
CTSW,C1orf111,0.8346150567506653
PRF1,C1orf111,0.833398435811489
PPIF,RP1-261D10.2,0.8329550673566227
GBA2,NLGN3,0.8324600351035721
IGFBP7,CLDN23,0.831638598052575
FASN,LAMB3,0.8308249106262995
IL4R,HSPA12B,0.8279413270493874
ZNF593,RET,0.8275054779786639
HSCB,AC108025.2,0.8267573192353019
CD74,CASC2,0.8262391779999865
OAZ1,CTC-498J12.3,0.8260117630359007
COTL1,FBXO30,0.8252758383724746
HLA-DMA,CASC2,0.8235732412971847
MT-ND1,RFX8,0.8221387599642217
SH2B3,WWC2-AS2,0.8207722873244349
TP53,CYP46A1,0.8200283333061245
PFN1,RP11-787I22.3,0.8198389899591381
PFN1,AC000068.5,0.8187481590932206
FUT11,PDE1A,0.8177561165862743
MIR142,RP11-769O8.2,0.8165765147790893
MT-ND2,HCG20,0.8163764388260589
SLC16A3,CTD-2619J13.3,0.8163618705038872
MT2A,FKBP9,0.816292411589683
TBX21,RP11-816J6.3,0.8158458128635979
CTSS,CTD-3194G12.2,0.8156067191948949
MBD3,PAPL,0.8155956055004622
SLC31A1,RP11-816J6.3,0.8147467933285418
C12orf75,GCSAML,0.8144890741340758
CRIP2,C11orf45,0.8142595959288492
ANXA2,STRIP2,0.8129966370071533
GMPR,GCSAML,0.8109297232892196
DOPEY2,TMEM105,0.8107402082500107
RALGPS2,RP11-511B23.2,0.8106247231771255
KLF6,NLGN3,0.8092498228435007
RSF1,RP11-358L4.1,0.8087721584057781
VPREB3,DNAJB5,0.8074209166251879
RPL3,AL049829.1,0.8068444330004598
CD74,CTC-503J8.4,0.8065649950693423
HTT,LAMB3,0.8060289819967388
PPAPDC1B,GCSAML,0.8059047050919208
MALAT1,STRIP2,0.8037386154382841
SRPK2,AC015971.2,0.8036515108171821
SLC12A9,ESPL1,0.8032858355369522
CD7,NLGN3,0.802750484959351
EP400NL,AC068282.3,0.8026231894098926
PRF1,RP1-261D10.2,0.8022022430179788
TSPAN2,CTD-2619J13.3,0.8019563789605813
CELF1,ADAM20,0.8016642778054299
NFKBIA,CLDN23,0.801581254980839
PYCARD,FKBP9,0.8014598465327342
LRIF1,WWC2-AS2,0.8012760829682605
APLP2,RP11-358L4.1,0.7999331184179059
CD8B,STRIP2,0.7995067884919457
PYCARD,STRIP2,0.7992258934729499
TIMP1,CXXC4,0.798249725633556
RPL3,RP11-362K14.7,0.797429229569839
NGFRAP1,KRBOX1-1,0.7968971453663348
HOPX,TNS4,0.7967108033011062
UPK3A,EPHB3,0.7966356271682086
NBEAL2,AC015971.2,0.7947243929380612
ESAM,BMP6,0.7946826199745413
LTB,AL049829.1,0.794236387655647
IER2,XX-FW83128A1.2,0.7934038170501361
SAT1,RP11-358L4.1,0.7926775924534959
HLA-DRB1,TMEM105,0.7924590830375935
HLA-A,RP11-713D19.1,0.7922304390007352
FANK1,RP11-787I22.3,0.7918896554262191
FCER1G,CCDC81,0.7909156988719773
MBP,CTC-503J8.4,0.7905155621896711
C11orf83,ZNF572,0.790254543219459
LAG3,CXXC4,0.7897352026590141
HLA-DQB1,CCDC81,0.7895442221004169
B2M,AC068282.3,0.788650819119889
CD79B,GCSAML,0.7883024136025433
GGA1,CYB5R2,0.7882384360909146
RP11-96B2.1,EPAS1,0.7876243080741204
RP9,AF131215.5,0.7871492255234669
PLAC8,CTD-2192J16.26,0.7865023353641427
DTX1,PDE1A,0.7860980179153475
GALNT2,AC068282.3,0.7855360628491324
RNF130,RP11-816J6.3,0.7854248783057809
CCNK,HSPA12B,0.7851929500701273
MRM1,RP11-168O16.1,0.785076271074068
YWHAH,RP1-86C11.7,0.784952690815439
SLAMF7,CTRC,0.7849320463452856
CBX4,TNS4,0.7847184633056435
SNX22,CYB5R2,0.7830370683272068
TLE3,CTC-503J8.4,0.7827893169048636
HLA-DPA1,CASC2,0.7825761650771689
FTH1,RP11-511B23.2,0.782095667886336
SYNE2,CASC2,0.7819248985133053
PYCARD,CTD-2192J16.26,0.7817757547665208
MALAT1,PTH2,0.7801672860770315
GRN,CYB5R2,0.7800313081100942
ARHGEF9,RP4-655J12.4,0.7794416675880887
TMSB4X,GPR153,0.7789361062456868
ZNF598,RP1-261D10.2,0.7762278090007114
FYN,ACKR2,0.7754676256161749
TMSB4X,TNS4,0.7752721514956373
HLA-A,HSPA12B,0.7750783642199832
B2M,HM13-AS1,0.7748300042554377
FTH1,DNAJB5,0.7736358675596519
KANK3,AL049829.1,0.7733859744995272
LST1,RFX8,0.7733555490813661
CDC42EP2,CXXC4,0.7730115232110853
FTH1,LHX1,0.7728565039735784
NELFB,WWC2-AS2,0.7725132776343464
R3HDM2,FKBP9,0.77210285038462
ACSL3,RP11-816J6.3,0.7709463896152448
TNFRSF18,RP4-655J12.4,0.7709058868179244
CA2,MMP1,0.7705576261506567
HLA-C,CXXC4,0.7704099325650703
APLP2,FKBP9,0.7703709178318999
ARHGAP24,CYB5R2,0.7687740568329483
HLA-DQB1,ACKR2,0.7682570979034299
RP11-290F20.3,VNN3,0.7682549353391914
RPLP1,FAM47E,0.7676029291186011
CSNK1G2,PTPRR,0.7670697158465932
ARHGAP17,CTD-2619J13.3,0.7669454932138755
ALOX5AP,NLGN3,0.7663044577271637
TUG1,RP11-196O16.1,0.7662186965413638
IPP,PTPRR,0.7660933079178962
GNLY,C2orf48,0.7658374066262783
TYROBP,VNN3,0.7658358871300854
KLRC1,RP11-362K14.7,0.7658234547472036
GTF3C1,FKBP9,0.7656516318066764
B2M,RP11-665G4.1,0.7656418139384829
HLA-A,GPR153,0.7634578725087647
MDM1,CTD-2192J16.26,0.7633794909998196
KHNYN,MMP1,0.7626713838044068
LINC00926,GCSAML,0.7626191984518461
HLA-A,ESPL1,0.7624000117592702
HLA-A,BMP6,0.7617038529645046
C16orf54,CYB5R2,0.7605322207429184
MYL6,RP11-362K14.7,0.7597748330025522
ANG,TMEM105,0.7589922353758568
RSF1,RP4-655J12.4,0.7557052457642869
GPR56,C1orf111,0.755318595761481
GADD45A,BMP6,0.7551225625296368
RPL34,C11orf45,0.7548018642090752
GZMA,JAG2,0.7547357512954351
LACE1,RP11-816J6.3,0.7542855131250156
JUN,AP3B2,0.7532675623607218
RRP12,COL1A1,0.7531064403371076
TYMP,RP11-511B23.2,0.7529552929314387
PROC,TTC39A,0.7527526833896425
MALAT1,RP11-665G4.1,0.7510045071697218
GZMK,RP11-168O16.1,0.7505632907374111
ODF3B,RP1-261D10.2,0.7502010210064698
IL32,RP4-655J12.4,0.7479824628134812
HLA-DRA,TTC39A,0.7479612395736721
MBOAT2,BMP6,0.747855621124737
CAPNS1,EPHB3,0.7477411591475127
SCARB1,CASC2,0.7474459648910071
S100B,XX-FW83128A1.2,0.7469256691929519
CAPNS1,RP11-816J6.3,0.7452885952348774
TBL1X,XX-FW83128A1.2,0.7451027182459995
WIPF2,RP11-665G4.1,0.7427538803328573
ENKUR,RP1-86C11.7,0.742314262318817
PTPLAD1,CAPN9,0.7422969656247662
ACTB,AC068282.3,0.7411810042544694
HLA-DPA1,RP11-29H23.4,0.7409247489246248
DPP3,RP11-769O8.2,0.7408916562869059
JUND,PDE1A,0.7404792823490574
TPST2,AC068282.3,0.740408183595048
CTSW,RP11-511B23.2,0.7394582476002082
PHLDA2,RFX8,0.7393049333746353
ZNF577,C11orf45,0.7386090221904725
SPTBN1,ZNF572,0.7384314827717146
YBX3,BMP6,0.7376200702877188
RPAP3,RP11-816J6.3,0.7365201947471595
HIST1H1C,MST1R,0.7361524791624454
MYCBP2,RP11-665G4.1,0.7360587893938025
ARHGEF9,FAM47E,0.7358916447856092
GAPT,PDE1A,0.7357025278223247
MFSD1,RP11-168O16.1,0.7343649984801507
ZNF516,RET,0.7337649914722016
PTMS,PTH2,0.7335962449008304
B2M,GPR153,0.7330170275578534
PTGIR,BMP6,0.7329699581227441
TAF4,RP11-362K14.6,0.7327902442198957
PSAP,STRIP2,0.7322412628922594
JUND,MMP1,0.731781569171181
TLK1,COL1A1,0.7311374552118398
CD97,IL10,0.7307332180851166
MALAT1,CTD-2192J16.26,0.7300019285550168
C5orf56,LHX1,0.7296830707613919
WBP2,RP11-787I22.3,0.7295994294285865
AKR1C3,RP4-655J12.4,0.7295296081684572
IFFO1,TMEM105,0.7294106563245392
PTGER2,C11orf45,0.7293756066401891
TTC27,COL1A1,0.7290573658017256
GUCY1B3,RP1-261D10.2,0.7283979564097739
RPL3,TTC39A,0.7281475801033375
HLA-DRB5,NLGN3,0.7277267353478073
FGFBP2,LAMB3,0.7271037442016948
POMC,CLDN23,0.7264565460013991
JOSD2,RET,0.7262434408062992
TREML1,RP1-86C11.7,0.7258949880315614
AQP10,MMP1,0.7258699718371475
APMAP,RP11-118K6.3,0.7258526301047881
STXBP2,CTD-2620I22.7,0.7244995113835877
IFIT3,RP11-29H23.4,0.7239390490831509
GZMH,RP3-323N1.2,0.7225751936668384
FOXN2,TNS4,0.7217262594815117
TMSB4X,RP11-816J6.3,0.7206071798632684
LTB,JAG2,0.720073497850268
COMT,PTPRR,0.7195975242763902
SH3BP2,ADAM20,0.7190808895008106
LINC00936,AP3B2,0.7171498978347927
C19orf83,RP11-29H23.4,0.7170009411841558
GZMH,VSTM2B,0.7165655547135423
CST3,AC009312.1,0.7156444528522306
STRN4,BMP6,0.7154178813990141
RGS12,IQSEC3,0.7139913038564043
TYMP,GYPE,0.71322785168974
ILK,EPN2-AS1,0.7131566637945871
CD8A,CYP46A1,0.7129321610474204
CARS2,RP11-168O16.1,0.7123736500816586
ASGR1,RP1-261D10.2,0.7119984081173768
IL15,RET,0.711816273999806
ZC3H13,CTD-3194G12.2,0.7117209938458511
MFSD12,RP11-511B23.2,0.7115794546516487
RP11-539L10.2,IL10,0.7113773369205897
S1PR5,ESPL1,0.7109117769902256
MFSD12,SNRK-AS1,0.7100917892542612
MALAT1,RP11-276E15.4,0.7095211942160491
DGKZ,RP11-816J6.3,0.7089272877143883
hsa-mir-1199,MMP1,0.7083339065173286
PINLYP,ARNTL2,0.7082834590662731
NKG7,RP3-323N1.2,0.7081961380960783
CAST,FOXE1,0.7071244460493437
C4orf48,CYP46A1,0.7056161105467618
SRPK2,AC068282.3,0.705537873420812
SLAMF7,EPAS1,0.705273853340475
NUSAP1,CYP46A1,0.703875004405571
CCL3,FKBP9,0.7034746832443425
KIAA0226L,ACKR2,0.7034312883630232
OS9,AC009312.1,0.7030079065873127
LYG1,EPAS1,0.7009365440548985
NEAT1,LHX1,0.7009310545386735
VIM,ARNTL2,0.7003290882175147
TCL1A,ACKR2,0.6985086070356686
TTLL3,ACKR2,0.6983363718289023
PFN1,RET,0.697596673172829
ZC3H13,IL10,0.6972302528201255
GCHFR,ESPL1,0.6969325313648425
FTL,CASC2,0.6966531694228485
OAZ1,ZNF572,0.6957567234894141
HLA-DRA,RP11-511B23.2,0.6953121077390333
PSAP,HCG20,0.6950682861780678
PHF21A,MMP1,0.6946668524628146
STAT3,RP1-86C11.7,0.6940331445919621
KLRB1,JAG2,0.6937488552256685
TMSB4X,CTD-3194G12.2,0.6937482899310102
PSAP,RP11-54O7.1,0.6936062816872719
IFNG,CTRC,0.6935850367239254
PDCD7,RIPK4,0.6930866461439373
SAMHD1,GCSAML,0.6923992630579027
RRP12,AC140481.2,0.6923392263382796
STMN1,DDR2,0.6920247005719873
PLEC,PTH2,0.6906644458949394
AKAP1,STRIP2,0.6902979526288374
PSAP,EPHB3,0.6898873446917847
CCL5,LAMB3,0.6895619544925656
PGRMC2,AC140481.2,0.6875588990319281
YWHAH,BMP6,0.6874715891569518
SCO2,TMEM105,0.686423947548158
TBX21,RP1-261D10.2,0.6861506750285684
HLA-C,AC009312.1,0.6855524704340547
TPM4,RP4-655J12.4,0.6853094412927664
CARS2,RP1-261D10.2,0.6851224982088233
MAPKAPK2,RP11-816J6.3,0.6851222092829233
ADPRH,RP11-769O8.2,0.6848311783717457
KPNA6,CTC-503J8.4,0.684285899489715
TLN1,CTD-2619J13.3,0.6832151410825609
HIST1H2AC,JAG2,0.6820750324194088
CWC25,FKBP9,0.6811876818292213
IFITM2,VSTM2B,0.6810612325951835
TTC7A,ACKR2,0.6795422044656196
ISG15,ARNTL2,0.6794774952543613
TCHP,GRIN2C,0.6781340745373313
HLA-DRB1,C1orf111,0.6777860879052612
SPON2,VSTM2B,0.6772170359705297
ZNF133,RP1-261D10.2,0.6764570656139439
SAMD3,HCG20,0.675777918479614
GRN,EPHB3,0.6755316737923037
SLC43A2,RHOV,0.6742129234094628
HLA-DRB5,AP3B2,0.6737874061218867
TIMP1,HSPA12B,0.6737594379999644
ZYX,ZNF572,0.6725484010040351
GRASP,FKBP9,0.6721599050069191
CD7,AC009312.1,0.6719084423578996
CCL4,CXXC4,0.6711837599713547
ASCL2,RP4-655J12.4,0.6707553912959424
ITM2C,CTC-503J8.4,0.6706701439369038
VIM,NLGN3,0.6706260007914695
RCE1,STRIP2,0.670086421248335
DUSP1,RP11-816J6.3,0.6700160765120065
PATL2,LHX1,0.668161875869922
TMSB10,CCDC81,0.6673851096752257
ANKRD13D,ARNTL2,0.6673252243649338
MT-ATP6,RP11-769O8.2,0.6670063666915597
SOAT1,ACKR2,0.6666190356769655
GZMK,AF131215.5,0.6664975544979959
NUDT16,GRIN2C,0.66620993737211
GZMH,C2orf48,0.6654118576003393
ZNF143,RP11-665G4.1,0.6653853862042003
PRF1,JAG2,0.6651302354287801
RP11-73M7.9,EPHB3,0.664764835358597
FOS,EPAS1,0.6646042278267963
ARHGEF9,VSTM2B,0.6645003308950215
MLXIP,CTC-498J12.3,0.6638075783438324
ARID5B,RP11-54O7.1,0.6627064327046408
PLEKHM2,CASC2,0.6624691073578919
MAX,RFX8,0.6621487907709032
CYB561A3,RP11-665G4.1,0.6620349085614206
JUP,AL049829.1,0.6620179710380226
TMSB10,SCML2,0.661646914545538
BID,RP11-511B23.2,0.6615793251092781
FCER2,ACKR2,0.6608675654377225
MT2A,AC140481.2,0.6606651562335889
ILK,RHD,0.6596028636500186
RGS2,CLDN23,0.6593243998851578
PDCD1,CAPN9,0.6592590124555473
PLAC8,RP11-362K14.6,0.6586862715323107
TSPAN2,BBS5,0.6576071441706948
CD79B,PDE1A,0.6575069975780364
UNC93B1,CTC-503J8.4,0.6572646166868171
ADAM15,TTC39A,0.6568417179420938
EAF2,CASC2,0.6566399484047761
NKG7,IL10,0.6560730507346325
FCRL1,ACKR2,0.6554026032335094
CD22,CASC2,0.6553914756080601
FTL,RP11-29H23.4,0.655364559063367
STXBP2,HCG20,0.655319889357622
FAM110A,AC140481.2,0.6546168875547802
FOXN2,RP11-816J6.3,0.6529170692561008
HSCB,TMEM105,0.652085705530693
ENDOD1,RP4-655J12.4,0.6515867615438626
DGAT1,RP11-362K14.6,0.6513409308716039
RGS18,MMP1,0.6506182832838102
CTSW,RP3-323N1.2,0.6504570828801586
COTL1,FKBP9,0.6498123828316525
SETD5-AS1,RIPK4,0.649789535675097
IRAK1,MMP1,0.6497701953857186
S100A6,LAMB3,0.6496506532426425
EED,AC140481.2,0.6488628214537131
MT-ND2,AP3B2,0.648658779035951
DPP3,HCG20,0.64825697043311
EIF3B,ADAM20,0.6480300236425932
MYOM1,RP11-276E15.4,0.6478423247091699
VPREB3,CYB5R2,0.6477792661300638
IL18BP,COL1A1,0.6476339886799655
IL32,LHX1,0.6467803971356734
RPL34,FOXE1,0.6441944625712108
TYMP,AP3B2,0.6441465002361616
SH2D2A,RP4-655J12.4,0.6440550302615174
APP,SNRK-AS1,0.6436660064924858
SAMHD1,AC009312.1,0.6430922995840348
DENND6B,RFX8,0.6424194400082419
CTSZ,RP11-168O16.1,0.6423528887870272
GNLY,RP11-511B23.2,0.6420585918168078
RP5-1028K7.2,COL1A1,0.6419543989574108
RP11-305L7.1,PTPRR,0.6419517313598412
C12orf75,SNRK-AS1,0.6416420405262371
HLA-A,XX-FW83128A1.2,0.6414733948222017
CD101,RET,0.6413413231275962
NFE2,BMP6,0.6407993758744486
ARID5B,RP11-769O8.2,0.6405145462928572
NFKBID,VSTM2B,0.6401876619528518
SETD5-AS1,C2orf48,0.6399615127260242
PTPN18,RP1-86C11.7,0.639510363978526
WBP2,GPR153,0.6390229337359881
CD160,PTPRR,0.6386579435649328
RGL2,CAPN9,0.6377921583613173
ITM2C,FBXO30,0.6376202743307069
C12orf75,PDE1A,0.6367190643731805
GSTP1,EPHB3,0.6366158909250234
B2M,EPAS1,0.6365652614035694
ARHGAP17,EPAS1,0.63623497718081
VIM,LAMB3,0.6359460575199187
SAMD3,RHD,0.6356227449201035
NCOA4,SNRK-AS1,0.6353150068104455
ACTB,RP11-787I22.3,0.635041032151696
PFN1,CTD-2192J16.26,0.6349992601275356
CD74,GYPE,0.6349028026424073
WDR91,AC140481.2,0.6347970471716049
MATK,RP4-655J12.4,0.634768495983862
LGALS3,CXXC4,0.6343334935868754
DYNLT1,GYPE,0.6331394483584125
HLA-C,ESPL1,0.6324964681236211
FCN1,EPHB3,0.6320396102545585
TNFRSF1A,RP11-168O16.1,0.6317432994048061
RP11-7F18.2,WWC2-AS2,0.6312650907910582
HLA-DRB1,GYPE,0.631186268756528
TLK1,RP1-261D10.2,0.6310772552340136
LRBA,C1orf101,0.6309510288328746
SAMD3,RP11-276E15.4,0.6309228639122972
TLN1,FKBP9,0.6303094515077644
IER2,PAPL,0.6302105389647619
DNAJC1,ZNF572,0.6295725030583077
TMEM40,BMP6,0.6291722483308679
DENND1B,RP11-168O16.1,0.6288586987591708
LYL1,RP1-261D10.2,0.6286094862625106
C12orf39,RP1-86C11.7,0.6285547694181477
CST3,EPHB3,0.628085292257118
S100A9,TMEM105,0.6277186302830895
BRD3,PDE1A,0.627500197543759
TNFRSF18,CYP46A1,0.6274830985071895
CEBPD,GPR153,0.6266218544294139
RELT,TMEM105,0.6265067436435519
CD63,RP11-118K6.3,0.6261770835738178
RPLP1,EPAS1,0.6257952779876874
FTH1,RHD,0.6254069037890819
TMEM176B,WWC2-AS2,0.6245593510574929
SPECC1,BMP6,0.6242226639601012
JUN,RP11-665G4.1,0.622773518819146
SOD2,GPR153,0.6227628683872108
PLD2,DNAJB5,0.6223409914388738
GNA15,MMP1,0.6213529629513709
FTL,EPHB3,0.6212361269237396
MDM1,RP4-655J12.4,0.6206512992719859
LCOR,AC015971.2,0.6202687750962212
UHRF1BP1,BMP6,0.619985524125493
PLAC8,C1orf111,0.6191850149848863
KLF6,XX-FW83128A1.2,0.6190518248087437
RUNX3,RP3-323N1.2,0.6188889917558201
CCR2,STRIP2,0.6185741616455638
IER3,TTC39A,0.6181315002013145
APLP2,AC140481.2,0.6180283318942228
C12orf75,AC068282.3,0.6177356388941669
POU2F2,C1orf101,0.6176480261045975
EFHD2,CLDN23,0.6172754919115571
ERBB2,VSTM2B,0.6166811224855019
SYTL2,EPAS1,0.6162234410757514
ST14,WWC2-AS2,0.61595489430269
ACTB,TTC39A,0.6152894157820125
IL2RB,RP3-323N1.2,0.6151404924192493
FOS,SNRK-AS1,0.6145838499647021
HLA-A,RP11-816J6.3,0.614298253579196
TTC27,C1orf101,0.614001128690989
JUN,ZNF572,0.613266255856895
NRROS,MMP1,0.6126485843262366
VIM,RP11-196O16.1,0.6124989340456216
BLVRB,FKBP9,0.6123889761240957
PARVB,ADAM20,0.6123293071631741
MS4A7,ADAM20,0.6122793727930693
HLA-C,ACKR2,0.6122409881243939
PLEKHO1,PDE1A,0.6121817284995837
PRR5L,GCSAML,0.6113009315605721
MBP,CTD-3194G12.2,0.6097867578614163
COL19A1,CYB5R2,0.6097255684327262
ENDOD1,VSTM2B,0.6096597732540643
FTL,PTPRR,0.6092301467247021
HLA-DMB,ACKR2,0.609195328481337
TSPAN33,RP11-511B23.2,0.6090749769752566
WBP2,CTD-2192J16.26,0.6088705624795452
FOS,STRIP2,0.6082235797367036
TMSB10,BBS5,0.6081990205185638
HLA-DRB1,ADAM20,0.6081338683347585
PDLIM1,RP11-665G4.1,0.6077416380960082
STMN1,C11orf45,0.6074429424211931
S100A4,LAMB3,0.6072800353206206
HLA-C,C1orf111,0.6068632973578493
TSPO,RP11-54O7.1,0.6066880062038222
AKAP9,AP3B2,0.6058316607651438
TSPO,LHX1,0.6052452065970698
TAF4,RP11-362K14.7,0.6050195168037283
CMKLR1,TTC39A,0.6048936843239386
HVCN1,RP11-816J6.3,0.6047521956865322
PFN1,RP11-362K14.7,0.6033887674051465
RP11-443B7.3,VNN3,0.6029953775302132
HCK,CTD-2620I22.7,0.6024705218390385
ARHGAP24,PDE1A,0.6018361725777783
IFI27L2,VSTM2B,0.6016850328426765
HLX,RP11-118K6.3,0.6011706194662163
C11orf83,RP11-816J6.3,0.6011104003826172
FTL,RP1-261D10.2,0.6003690924215521
MT-ND2,CTRC,0.5998594136471165
NKG7,C1orf111,0.5990832151600651
PLEKHF1,GCSAML,0.5989227514455391
UBR4,VNN3,0.5976989647563716
MLH3,XX-FW83128A1.2,0.5975072043932135
IFITM2,FKBP9,0.5970699130095214
FTL,AC009312.1,0.5959989912073074
HLA-DPB1,AC015971.2,0.5958280566097424
MBP,DDR2,0.5943559843343018
PSAP,ACKR2,0.5937659258105477
CCDC82,ZNF572,0.593680989704151
LRBA,NLGN3,0.5924293340511013
BATF,COL1A1,0.5922416999345959
AC078883.3,RP1-86C11.7,0.5917718354269617
PASK,COL1A1,0.5910098371921261
RSF1,KRBOX1-1,0.5904146572900378
YBX3,GPR153,0.5890202504643125
PFKFB4,NLGN3,0.5883631808471635
UBXN6,MMP1,0.5880613377959438
GAA,FKBP9,0.5878184163195836
MS4A1,ADAM20,0.5877519033055175
ANKRD11,C11orf45,0.587737262848232
IRF7,DDR2,0.5873882496501958
C17orf96,RHOV,0.5872438013951135
IL2RB,JAG2,0.5871769784313063
LILRB2,AP3B2,0.5862599798323366
PTRH1,CTD-2619J13.3,0.5856058862061897
AKAP13,DDR2,0.5855057046828931
MARCH2,BMP6,0.5853530335872571
LIMS3-1,RP11-362K14.7,0.5840673543984121
RPL3,COL1A1,0.5828770868589419
RAB34,GPR153,0.5825468120259595
ZNF576,FBXO30,0.5822583833213478
NCF1,FBXO30,0.58212556397337
PLCH2,RP1-86C11.7,0.5820450283165148
GRAP2,BMP6,0.5816927931866742
FTH1,HM13-AS1,0.5810828782893842
ACTN1,STRIP2,0.580332316744617
PLAUR,AC068282.3,0.580323956191922
SENP3,SNRK-AS1,0.5801401800794721
MT-ND1,HM13-AS1,0.5800514395700214
GAA,C2orf48,0.5797285725843409
WBP2,DNAJB5,0.579575233165548
ACTB,COL1A1,0.5792487414328122
ABCA7,PDE1A,0.5775498071613205
ADAMTSL4,CYB5R2,0.5770350236806316
LRRC25,RP11-29H23.4,0.5765168721488217
ACTB,C2orf48,0.575643934579722
MSRB1,VSTM2B,0.5754393554937539
AF001548.5,PTPRR,0.574871599309078
IQSEC1,ARNTL2,0.574541555551536
TPM4,ACKR2,0.5744701422618532
TLN1,FBXO30,0.5737784638615334
PRAM1,VNN3,0.5734261566078847
PFN1,CTD-2619J13.3,0.5723321870901081
EHBP1L1,FKBP9,0.5721836260938223
TPP1,EPHB3,0.5718156026158114
TMSB4X,COL1A1,0.5716691612273941
TTLL11,VNN3,0.5707818100291578
MDN1,C1orf101,0.5706206269633963
CD8B,VSTM2B,0.5700074605867037
C4orf48,EPHB3,0.5699564022947815
CTB-41I6.2,CTRC,0.5695297082679646
CYB561A3,RP11-29H23.4,0.5685661253248835
WDR11,HM13-AS1,0.5685084107510255
HIST1H2BK,CAPN9,0.5684770483376683
NAGK,CYP46A1,0.5674609545202692
PTPN18,CTD-2192J16.26,0.5656976260423104
LEMD3,BBS5,0.5656618472631245
EIF3B,SCML2,0.5654782756783343
FTH1,CASC2,0.5653510475808776
AHNAK,ARNTL2,0.5642759090432092
ADPRH,ADAM20,0.5642074295213154
ARMC7,TMEM105,0.563658790654976
APMAP,FBXO30,0.5629173918238474
AGTRAP,MMP1,0.5626653530748348
RNASE6,AC068282.3,0.56264047874174
CES1,TMEM105,0.5624261994082392
LINC01137,LHX1,0.5623423288542365
GPX1,EPHB3,0.5622868713329829
MPST,CCR8,0.5604174538719686
GPR56,C2orf48,0.5601755152252337
SLC12A2,CCDC81,0.560033420148701
PQLC1,TMEM105,0.560014404250817
AP001816.1,ARNTL2,0.5596221848913707
SASS6,RP11-54O7.1,0.5592784560100462
MT-ND2,PDE1A,0.5590436307597709
CLU,RP1-86C11.7,0.5586147702448631
APMAP,PTPRR,0.5578108708217505
TNFSF10,EPHB3,0.55757131991142
MYCBP2,CTD-2620I22.7,0.5571911856399042
NCAM1,PDE1A,0.5570871026795453
RPL3,FKBP9,0.5564181799333059
SH2D2A,STRIP2,0.5557946873480718
TNNC1,RP11-787I22.3,0.5556816799427244
NRROS,RIPK4,0.5553064030231353
ZNF577,ACKR2,0.5550842196761585
TTLL3,CLDN23,0.5547343373972597
PARVB,RHOV,0.5538667898949374
AKNA,GPR153,0.553760278644525
ALPK2,DNAJB5,0.5535095769740768
DENND4C,PTPRR,0.5535012786906102
SLC45A4,CTD-2620I22.7,0.5523585043966199
TYROBP,RP11-511B23.2,0.5519167429219198
COMT,RP11-196O16.1,0.5518950008964422
RGS6,MMP1,0.551071502973169
HLA-DPA1,HM13-AS1,0.550460887974973
CBX4,WWC2-AS2,0.5501272594493575
IER2,AL049829.1,0.5496104483028186
EP400NL,RP11-362K14.6,0.5493231913378711
DUSP1,RP11-362K14.7,0.5489229730505125
CHM,CTC-498J12.3,0.5483830316033209
SLC17A9,CASC2,0.548135289980373
CHN2,FBXO30,0.5478702847023335
TSC22D1,BMP6,0.547702161453388
RTN2,BMP6,0.5476522178343362
B2M,CTD-2192J16.26,0.5463425598140822
RP9,LAMB3,0.5450201769988939
PPAPDC1B,AC009312.1,0.5447962603224553
ACTB,C11orf45,0.5441982676177125
PYCARD,VNN3,0.5439626584476195
FGFBP2,RP11-511B23.2,0.5439260310569678
APMAP,RHOV,0.543363179050576
BOD1L1,RP11-168O16.1,0.5430803716318028
RPF2,RP11-362K14.7,0.5421662529110955
PSAP,RP11-29H23.4,0.5412500535438645
CMKLR1,DDR2,0.5406248022216862
HLA-DMA,VNN3,0.5397293164601358
CCL5,WWC2-AS2,0.5391690442459024
ACTB,RP11-196O16.1,0.5389956227479058
CTSH,FBXO30,0.5389606090895147
AIF1,WWC2-AS2,0.5383822375926162
M1AP,RHD,0.5380417590736274
RP11-386G11.5,SNRK-AS1,0.5378743637013672
TBXAS1,MMP1,0.5374161605335257
DUSP23,CAPN9,0.5371187898120958
JUND,IQSEC3,0.5366391646388476
JUN,LHX1,0.5363720706033472
HLA-DRB5,RP11-524F11.2,0.5363481151932086
EED,CYB5R2,0.5361975255502917
HLA-C,DDR2,0.5358913008901173
CCL4,EPAS1,0.5358671084101441
SUZ12,TNS4,0.5355165579234047
DNAJC5,AP3B2,0.5353009971019739
BIRC3,LHX1,0.5343829478177379
ANO6,GYPE,0.5330179882488274
AKAP9,CTD-2620I22.7,0.5328255543497801
TYMP,PAPL,0.5327972921969034
YWHAH,MST1R,0.5324106794145812
HEBP2,CTC-498J12.3,0.5324000749598822
FTL,RP11-816J6.3,0.5320422712359253
BLNK,ACKR2,0.5315380006364032
CAPNS1,VNN3,0.5314884928519445
PREX1,RP11-524F11.2,0.5312588880720525
FERMT3,PTPRR,0.5307051338664915
FAM26F,JAG2,0.530012089081281
TYROBP,TMEM105,0.52969252844832
PTTG1,SCML2,0.5296177280008245
IFITM2,RP3-323N1.2,0.5290784426240546
PYCARD,GPR153,0.5290179611465817
RPL3,CTC-498J12.3,0.5287807043640015
B2M,BBS5,0.5287236727518828
NKAP,WWC2-AS2,0.5284326056368532
IGSF6,AP3B2,0.5280774919967979
SDPR,MMP1,0.5277867288416211
LMNA,EPN2-AS1,0.5277599119106279
ASGR1,C2orf48,0.5273944268813696
ITGB3,MMP1,0.5272189801234087
TMSB4X,RP11-524F11.2,0.5261152442773317
SPON2,CTD-2619J13.3,0.5261148307315762
PRSS23,CTD-2619J13.3,0.5255135132510096
RGS18,FBXO30,0.5243246902510565
RPL34,RP11-196O16.1,0.5236076562171054
SLC10A3,RP11-362K14.6,0.5228513211986322
LYZ,AP3B2,0.5227282139098681
HLA-C,FKBP9,0.5222446435131787
SIGLEC7,CTD-2619J13.3,0.5211930486568985
MT-ND1,AC015971.2,0.5204588774695672
FTL,STRIP2,0.5201881606276925
RP11-1055B8.7,CYP46A1,0.519916812059856
TNFSF10,ACKR2,0.5195613141796878
GZMB,VSTM2B,0.5191387961583346
CEBPD,RP11-769O8.2,0.5186564147084318
S100A12,AC015971.2,0.5184769093079643
RETSAT,RP11-787I22.3,0.5182223090397939
TPCN1,CYB5R2,0.5180109025074944
ABI3,WWC2-AS2,0.517916796782352
DENND4B,C2orf48,0.5176093042647592
IGF2R,GPR153,0.5175118286280217
PDCD1,ACKR2,0.5172956433048116
VMO1,AC140481.2,0.516804961935992
RPL34,PAPL,0.5164813200612676
RELT,GRIN2C,0.5160037234103751
TMSB10,CYP46A1,0.5159817294911451
HLA-DQB1,PAPL,0.5155634412979452
ODC1,LAMB3,0.5150945954610262
POMC,FBXO30,0.5150445382753754
PTPRS,CYP46A1,0.5149304341972141
S100A8,RP11-118K6.3,0.5146076309915543
UBE2Z,CTRC,0.5145734322942341
MYCBP2,RP11-29H23.4,0.5142350319222406
NBPF10,AP3B2,0.5139740489922647
RPL3,RIPK4,0.5135719419399224
HOPX,PTPRR,0.5134312022534584
RPL34,RP3-323N1.2,0.5133690352617564
MATK,C1orf111,0.511583243763609
USP28,PDE1A,0.511366339513794
CD151,RHD,0.5113584201898481
ARID5B,CCR8,0.5108910433616316
BLVRB,MMP1,0.5108877973023705
RPL3,CTC-503J8.4,0.5106783472211249
STAG3,ADAM20,0.5105693830174599
HLA-DQA1,TTC39A,0.5104315162628362
FUOM,XX-FW83128A1.2,0.5103574915703865
GP9,MMP1,0.5101142713806935
OAZ1,FBXO30,0.5100848823685254
BID,DDR2,0.5097413016479189
CHD6,CTD-2619J13.3,0.5097227480328141
UBE2F,RP11-362K14.6,0.5095118835223083
GALNT12,IQSEC3,0.5094622665512168
MLXIP,EPN2-AS1,0.5093437656416991
XCL2,C2orf48,0.5091610204947263
MAX,DNAJB5,0.5089970326239684
SCFD2,FAM47E,0.5085249210531341
JOSD2,WWC2-AS2,0.507610252524062
COQ7,FBXO30,0.5075506866821338
CTD-2270L9.4,ARNTL2,0.5074830838553932
HTT,VSTM2B,0.5067074798025961
ZNF185,TTC39A,0.5059845701594019
SOD2,TMEM105,0.5054906069141788
PTGDS,TTC39A,0.5054043693199196
BLVRB,AC015971.2,0.5051341899406119
PLEK,TNS4,0.5046756588270581
PLEKHM2,TTC39A,0.504245623581994
CTSS,WWC2-AS2,0.5041116841961886
MATK,GPR153,0.5038500841589634
RPP25L,RP11-713D19.1,0.5022383469121146
TMSB4X,STRIP2,0.5020987342861498
NKG7,CLDN23,0.5016993306760724
FAM110A,C1orf111,0.5007577456402115
DYNLT1,BBS5,0.5002824592513537
CD8B,IQSEC3,0.5002183718919634
CD300A,STRIP2,0.5001579627303336
SLA,SCML2,0.5001261325663724
PTGDR,JAG2,0.5001066381028827
CD68,GPR153,0.5001031481306596
RPL3,AC108025.2,0.5000574043681996
CXXC5,JAG2,0.4998165610937999
PFN1,AL049829.1,0.4996418669458314
S100A6,DDR2,0.4995974497430641
MT-CO1,RP4-655J12.4,0.4990306145665242
ODC1,RP11-787I22.3,0.4988790709498295
SAT1,XX-FW83128A1.2,0.4982614559091462
CTSW,RP11-769O8.2,0.4982205469467328
PMAIP1,IL10,0.4978586086049155
FOS,RP11-362K14.7,0.4977476988909665
LMO2,TMEM105,0.4974783306536878
TMSB10,PDE1A,0.4971870386414895
HSCB,VSTM2B,0.4967238141086352
GSTP1,RP11-362K14.6,0.4960217773093072
LAT2,VNN3,0.4956002908628698
RGS6,RHD,0.495473495997502
GPX1,DNAJB5,0.4954525904730776
CD8A,FBXO30,0.4951728647887854
FAM150B,PTPRR,0.4950425388124726
ARHGAP24,LHX1,0.4949344455721285
KLRG1,VSTM2B,0.4943240272090464
TMEM41B,LHX1,0.4942163747274317
PLCB2,C2orf48,0.4941444374564175
KLF6,JAG2,0.493633652088962
GALNT7,AC068282.3,0.4936336276941494
IFITM3,GRIN2C,0.4928559481858409
AHCTF1,FKBP9,0.4924729495301073
TCHP,IL10,0.4918608185265943
IFITM2,CLDN23,0.4917153438231495
MALAT1,RP3-323N1.2,0.4914949387522369
RPLP1,VNN3,0.4912312810796966
IER5,DNAJB5,0.4911116953975485
PNOC,SCML2,0.4909823416480374
ZC3H13,C2orf48,0.4908256292787257
NCR3,TNS4,0.490486019836554
RPLP1,IL10,0.4902332378885362
RP11-291B21.2,DDR2,0.4896554604942923
S100A11,RP11-713D19.1,0.4895357280477338
CST7,RP11-54O7.1,0.4890327851194164
RP11-325F22.2,ADAM20,0.4888596576871737
S100A3,TTC39A,0.4887160182446047
IFITM2,JAG2,0.4878825131534858
CRIP2,EPN2-AS1,0.4870801420352825
MS4A1,GYPE,0.4867635855387501
ADAM15,CTRC,0.4859713501127718
S100A9,EPHB3,0.4845657290546424
HSCB,NLGN3,0.4843333514764695
GPX1,CYB5R2,0.4841105333636763
TMSB10,STRIP2,0.4837459578787854
LINC00936,WWC2-AS2,0.483693466405449
ACRBP,RHD,0.4835716757306608
DYNLT1,RP11-713D19.1,0.4835514345829166
GSTO1,CAPN9,0.4831749323808316
HLA-DRA,JAG2,0.4831607510159227
HLA-DPB1,RP11-276E15.4,0.4826179998139181
RP11-305L7.1,CTRC,0.4820689427945059
TYMP,CLDN23,0.4819235608750989
RP5-1028K7.2,RP11-29H23.4,0.4816458979855659
ACTN1,MMP1,0.4812077192684197
ADAR,PAPL,0.4809845107401417
TIMP1,CCR8,0.4806305101923164
MESDC2,CTRC,0.4806217039281263
NPC1,C1orf111,0.4805563357196777
PYCARD,MST1R,0.4801856096816045
RPP25L,SCML2,0.4801206800333955
DENND4B,DNAJB5,0.4799639680597012
RNASE6,JAG2,0.4799422725845755
VPREB3,SCML2,0.4796362029672619
UBE2Z,C2orf48,0.4793377122563783
TSPO,HM13-AS1,0.4792336672140453
WWC2,CTD-3194G12.2,0.4790347405582518
ZGLP1,GPR153,0.4790336108456262
HLA-DRB1,EPN2-AS1,0.4786771249795449
SPON2,RP11-816J6.3,0.4784970027886256
APLP2,CTC-498J12.3,0.4781529183110238
RP11-543C4.1,EPAS1,0.4781003746400754
IFI6,PDE1A,0.4774282672677416
ODC1,GYPE,0.477123701823081
C7orf50,DDR2,0.4764750718733125
CD300A,XX-FW83128A1.2,0.4761265415380658
ZGLP1,MMP1,0.4759209761650212
ID3,RP11-816J6.3,0.4750127469933136
IFITM3,HSPA12B,0.4749424400842617
GZMK,EPAS1,0.4746605955286448
MS4A1,AC015971.2,0.4746470178583356
S100A6,RP11-276E15.4,0.4745264867880182
NKG7,RP11-54O7.1,0.4743917618515998
TMSB10,PAPL,0.4741042479041887
IRF5,SNRK-AS1,0.473676640086237
NCR3,RP11-168O16.1,0.4734336073413116
DTX2,CYP46A1,0.4728800054192901
RPL34,EPAS1,0.4719889629711532
ZNF593,IQSEC3,0.4718981909099055
SMCO4,RP11-29H23.4,0.4715370281860679
COTL1,ARNTL2,0.4714154793476133
PRSS23,CXXC4,0.4700920149126256
CST7,TNS4,0.4699908637181442
RSF1,RP11-787I22.3,0.4699302662515295
KLF6,CYB5R2,0.4694288701094383
HIST1H1C,CAPN9,0.4694196517553834
TUBA4A,CASC2,0.4685401081907144
AKAP1,RP11-168O16.1,0.4683409035157284
STXBP2,DDR2,0.4680830092213879
QSOX1,GPR153,0.4678782760523052
RP3-525N10.2,CYP46A1,0.4676527838947781
TUBA4A,RP11-713D19.1,0.4674745328539946
MALAT1,PAPL,0.466824578525301
TUBA4A,CCR8,0.466567441954791
PASK,IQSEC3,0.4664983845648224
JUND,FKBP9,0.4662856236122633
HIVEP3,CCDC81,0.4660498720847341
HLA-DPB1,LHX1,0.4659709559696676
TYMP,ARNTL2,0.4655330260739076
TPST2,CASC2,0.4651672882203947
HOPX,RP11-54O7.1,0.4649513113898135
FTL,MST1R,0.4643854796805337
PGRMC2,ADAM20,0.4628838877647607
DPP3,IQSEC3,0.462780031463292
P2RX1,AC068282.3,0.4622022157798912
CD79B,RHOV,0.4617244951072188
MALAT1,VNN3,0.4611877885557195
PFN1,ACKR2,0.4611284121001172
C19orf59,MMP1,0.4610030384561432
FCER1A,FKBP9,0.4608917646128286
ETV6,CCR8,0.4604002280291457
LYAR,C1orf111,0.4601181810840379
PHF21A,VNN3,0.4590011619428262
ILK,MMP1,0.4583319849612152
TNS1,RHD,0.4583119605570199
LRRC26,TTC39A,0.4581492518902823
SLC31A2,RP11-118K6.3,0.4581450158205049
IER2,CASC2,0.4580318932913688
S100B,RP11-358L4.1,0.4576601352905677
NXF1,C1orf111,0.4574623432522544
H1FX,LHX1,0.4566980810524386
RP11-291B21.2,HCG20,0.4563150553931772
BANK1,CYB5R2,0.4560316545714307
TP53INP2,CTC-498J12.3,0.4558206069390638
DDX42,ZNF572,0.4555649734378041
ARID5A,PTPRR,0.4553343172386745
CD68,RP1-86C11.7,0.4544060449805673
MESDC2,CTD-2619J13.3,0.4541952063582585
MATK,RP11-362K14.7,0.4534813945239277
STAT3,GRIN2C,0.4530546985062995
ZNF593,DNAJB5,0.4530150946294128
RP11-442N24__B.1,PAPL,0.4528373627293278
AKAP13,VSTM2B,0.4528352449140783
ARID5B,IQSEC3,0.4523730246422014
HIST1H2AC,LHX1,0.4518055777726977
AGTRAP,CTD-2192J16.26,0.4515362750890442
BIRC6,KRBOX1-1,0.4512417219875113
ITGAX,CYB5R2,0.4510969614352825
NUDT16,CCR8,0.450087940286079
B2M,PDE1A,0.4496342804668249
RPL3,HM13-AS1,0.4495824807485051
AP1S2,PTPRR,0.4495590404860618
C7orf50,AC140481.2,0.4494160577850641
OAZ1,PDE1A,0.449411482895201
ACTB,FBXO30,0.4489873317171924
APMAP,NLGN3,0.4487039679855257
CD68,MMP1,0.4484401408290629
TYROBP,CTD-2619J13.3,0.4479611216744335
SLC25A35,IL10,0.447742675020679
SCAPER,LHX1,0.4476115970760339
DNAJC1,CTD-2192J16.26,0.4474353860861551
PYHIN1,AC140481.2,0.4474035670382558
TNFRSF1B,VNN3,0.4473834246809068
CTSA,PAPL,0.4473809811650175
TMEM205,EPN2-AS1,0.4472492656591945
RP11-156E8.1,FBXO30,0.4469327775332801
LGALS1,TTC39A,0.4466165375231087
HLA-A,CTRC,0.4462642297900051
YWHAH,CTD-3194G12.2,0.4458467626028934
RUFY1,HSPA12B,0.4455734189666577
CD79B,LHX1,0.4455695260316472
TSEN54,ZNF572,0.444507341277484
CAPG,COL1A1,0.4441651348847272
TMCO3,ARNTL2,0.4430437227716376
RP11-134P9.3,VNN3,0.4428869893817558
R3HDM2,FAM47E,0.442744909317267
HLA-DQA2,ZNF572,0.4424112688802252
MPP1,RIPK4,0.4421690564050586
ISG15,RP11-713D19.1,0.4397133614254712
HLA-DQA1,AP3B2,0.4395111281588132
SLC16A3,HSPA12B,0.4394525098693979
OASL,CTD-2192J16.26,0.4390291419963739
DNAJC1,RIPK4,0.4389791741159261
CTB-41I6.2,LHX1,0.4387018906381739
POU2F2,TMEM105,0.4383668914978934
MALAT1,DDR2,0.4381698243370089
LST1,AC009312.1,0.4381035094496539
KIAA0040,RP11-524F11.2,0.437875511540112
DHX34,AC140481.2,0.4372267044863172
ITGAL,NLGN3,0.4370803829232496
FAM127C,RHD,0.4367161804125545
RPLP1,GYPE,0.4359317463264781
GPR56,CTD-2192J16.26,0.4359054424681629
CRIP2,DDR2,0.4356119938027399
PGRMC1,RP1-86C11.7,0.434996679912434
SMPD3,TTC39A,0.4348027586187684
NLRP7,CYP46A1,0.434308407185588
DUSP5,ARNTL2,0.4339181410302331
TBC1D20,RP11-665G4.1,0.4336924992229607
PRCD,RP11-511B23.2,0.43226219751772
TIMP1,DNAJB5,0.4321944824438105
MALAT1,RP11-713D19.1,0.4321722871871825
PREX1,VNN3,0.4321172754582891
ZG16B,EPN2-AS1,0.432045257862503
DTX2,CYB5R2,0.4317524865234257
POMC,GCSAML,0.4315644157207582
SCAPER,AL049829.1,0.4309940505294873
ADAP1,BBS5,0.4304834241610379
F2RL3,MMP1,0.4302232752987164
CWC25,MST1R,0.4300646119771921
FGR,CTD-2192J16.26,0.4297948658975001
NKG7,CTD-2619J13.3,0.4296655691014653
BLVRB,FBXO30,0.4295729250127384
MBD3,FBXO30,0.4295519636663588
IFITM2,PTPRR,0.429451834780028
FSTL3,PTPRR,0.4294452764277311
TBX19,GPR153,0.4293989757122137
LMNA,NLGN3,0.428569896290373
GATA1,BMP6,0.4277023519991076
FGR,RP11-511B23.2,0.4276020415746267
CD79B,AC015971.2,0.4275274105132423
EFHD2,C2orf48,0.427512219849588
NELFB,CTD-2192J16.26,0.4274395434415264
TYROBP,EPHB3,0.4273209344965618
COMT,GPR153,0.4269515513386561
PNPLA6,ADAM20,0.4268705716242834
TESC,CCR8,0.4268082093821149
GSTP1,DDR2,0.426571159313392
HLA-DRB1,LAMB3,0.4263277654955707
CEBPD,AC068282.3,0.4258459688687295
RHOBTB3,SCML2,0.425796065121613
BID,SNRK-AS1,0.4239846989460996
RP11-134P9.3,AC015971.2,0.4237791305059809
CD7,KRBOX1-1,0.4233689224465179
RCE1,SNRK-AS1,0.4229982995863147
FOS,IQSEC3,0.4228197480909613
TMSB4X,C11orf45,0.4226997647671584
FCN1,CAPN9,0.4223533114737448
MT-ND2,RP11-362K14.7,0.4219258258097135
MSRB1,BMP6,0.4217158304925604
DNAH12,BMP6,0.4217025905040681
INTS1,RP11-118K6.3,0.4214249957012145
TMSB10,RP11-713D19.1,0.4213074244344982
GSTO1,AP3B2,0.4205418864488296
MSRB1,RP3-323N1.2,0.4203650949375788
ARID5B,NLGN3,0.4202134215360493
HLA-DRA,RP11-29H23.4,0.4199771764539879
MT2A,PTPRR,0.4199638582013837
TMSB10,C2orf48,0.4198802841965582
TSPO,KRBOX1-1,0.4197480337713249
IRF8,DNAJB5,0.4194404894996109
IQSEC1,CYB5R2,0.418828240048004
ALOX5AP,CYB5R2,0.4184707084079345
TYK2,RP4-655J12.4,0.4183582928008839
S100A11,STRIP2,0.4182847619756295
VASH1,TMEM105,0.4182769046361209
GLIPR1,RP11-524F11.2,0.4180528564674375
NFAM1,TMEM105,0.4180418666306743
EAF2,RIPK4,0.4180197644120548
GALNT2,RHOV,0.4180073562154737
CDKN2D,RP11-362K14.7,0.4175692013247613
PLAC8,NLGN3,0.4172773452349619
LGALS1,AC068282.3,0.4172300907621762
XYLT2,CTC-503J8.4,0.41648712930685
LRIF1,CTD-2619J13.3,0.416359489515637
SELPLG,CCR8,0.4158143260430193
LCN8,CTD-2620I22.7,0.4152842625164508
TLN1,RP11-524F11.2,0.4150337520307361
JUN,TNS4,0.4148694258720735
SLAMF7,TNS4,0.4146187604959886
TSPO,RP4-655J12.4,0.4143616691386577
MT-CO1,AL049829.1,0.4141611091449131
HLA-A,SCML2,0.4141055220511559
HHEX,ZNF572,0.4136056405414137
CTSH,ARNTL2,0.4135305913897801
VIM,RP11-168O16.1,0.4134976820632535
KIF2A,IQSEC3,0.4132496499707119
SMARCD2,CTC-503J8.4,0.4131757290248105
ZYX,LAMB3,0.4128547279948409
CD8B,RP11-362K14.7,0.412512166650855
GOLIM4,SCML2,0.4124078399646922
TMSB4X,TMEM105,0.4123208324497754
JUN,CYB5R2,0.4121168934314085
BLVRB,PDE1A,0.4120991102224627
OAZ1,RP11-713D19.1,0.4118893524611405
JUN,NLGN3,0.4118507899960723
IRF8,GYPE,0.4117849664754477
KDM5A,CTC-498J12.3,0.4107047110365637
S100A9,FKBP9,0.4096010408043516
S100A4,RP3-323N1.2,0.409592346957985
TLN1,AL049829.1,0.4093774840966411
RP11-367G6.3,CCR8,0.409000793079628
HLA-A,FKBP9,0.4089670430172283
SYNE2,SNRK-AS1,0.4088244265041991
LTB,TNS4,0.4086604978159741
AKAP9,NLGN3,0.4082733824739551
CTSA,RHD,0.4081855300952828
HDGF,RIPK4,0.4079262526647202
ANXA2,TNS4,0.4073606321305458
IRS2,FOXE1,0.406776709859249
IQSEC1,CCR8,0.4065425271065265
PF4,RHD,0.4063397248881411
DUSP1,AC068282.3,0.4055862859187173
RNF130,EPN2-AS1,0.4054860827901915
RP11-326F20.5,PTPRR,0.4051658872813091
NFKBIA,PDE1A,0.4050544088315828
PPBP,VNN3,0.4050467292824146
IRF4,VSTM2B,0.4046361337013236
ADAR,PTPRR,0.4045264490550923
C12orf75,NLGN3,0.4036555078904374
ENTPD1-AS1,DDR2,0.4020080612548508
RSF1,RP11-362K14.6,0.4017893483768069
GPX1,RP1-86C11.7,0.4013908561043616
TIMP1,AL049829.1,0.4004856089022687
C12orf75,VNN3,0.4001016909375896
ALOX5AP,KRBOX1-1,0.3999677275053496
PLAC8,CTRC,0.3999631883641928
RPL34,ZNF572,0.3998332705735308
ZNF683,EPAS1,0.3997575783003286
KCNG1,CASC2,0.3997484274125619
B2M,RP11-524F11.2,0.3995968245428021
COL19A1,CTD-2620I22.7,0.3989337711565964
MMP17,CASC2,0.3987783651128769
LAMP5,RHD,0.3983739697516319
RSU1,RP11-816J6.3,0.3983021220902475
GNAI2,PTPRR,0.3974787643576787
PFN1,RP11-362K14.6,0.3966078704445658
C7orf50,FKBP9,0.3966017051093872
COL19A1,RHOV,0.3964652602231391
CD14,AC068282.3,0.3957670465690635
HVCN1,COL1A1,0.3957435222096801
SPI1,AC068282.3,0.3956486768570761
GFOD1,GYPE,0.395202138798016
TRPC4AP,HCG20,0.3949960185223465
GNAI2,EPAS1,0.394245534336763
TPM4,RP11-276E15.4,0.3941842259503568
TIMP1,AC068282.3,0.3941833403309915
NACC2,FBXO30,0.3939070938978771
SAT1,ADAM20,0.3936593959621435
NOL3,CTD-3194G12.2,0.3932491781955879
ABI3,TMEM105,0.3922586813314845
PFN1,AC015971.2,0.3921541570129664
GZMK,CTD-2192J16.26,0.3917918976170808
IFITM3,WWC2-AS2,0.3914682120902152
AKAP13,STRIP2,0.3914625377281836
PPM1A,FBXO30,0.3902343435546907
C19orf83,PTPRR,0.3896186967244162
NNT,XX-FW83128A1.2,0.3894208367970329
TUBA4A,AC068282.3,0.3894108386676086
VPREB3,ZNF572,0.3890943735899975
TTC38,PDE1A,0.3886317805950482
MCUR1,VSTM2B,0.3886200254118667
PRF1,PTPRR,0.388424714874416
KRIT1,KRBOX1-1,0.3874854434168682
EED,NLGN3,0.3871561928626585
TATDN1,CCR8,0.3870394412060775
TTBK2,RHOV,0.3869118602231789
DGCR2,CYB5R2,0.386365701684644
UBE2F,CTD-3194G12.2,0.3861883231521482
ITM2C,CTD-2192J16.26,0.3859823758872957
SAMD3,JAG2,0.3859405065748416
MT-CO1,GCSAML,0.3857730497327999
HOTAIRM1,ESPL1,0.3856110937696207
HLA-DOB,PDE1A,0.3851430819010564
CA2,BMP6,0.3849958368284172
C12orf75,ZNF572,0.3848633621746653
IFI30,LAMB3,0.3848098326486386
ANKRD11,XX-FW83128A1.2,0.3846394744597901
RPL34,GPR153,0.3841320413276934
ACTB,EPHB3,0.3840808130024559
TUBA4A,SNRK-AS1,0.3838303413228393
ARID2,C11orf45,0.3833209551821664
RAMP1,WWC2-AS2,0.383220027540951
LAT2,PTPRR,0.3830615010801144
CCL5,RHOV,0.3828364792872172
PGRMC2,CAPN9,0.3822025838425328
HLA-C,RHOV,0.3819357221565426
IGLL5,HM13-AS1,0.3816379566889796
AKR1C3,ACKR2,0.3815696503678139
SRFBP1,RP11-276E15.4,0.3805949767659217
STRN,RP11-362K14.6,0.3804711739767396
GLIPR2,IL10,0.3802212543679317
NRROS,LAMB3,0.3798969468735264
PRSS23,MST1R,0.3797658599384164
PLEK,PTPRR,0.3794685917111851
OAZ1,RP11-787I22.3,0.3794400338220669
LINC00936,VSTM2B,0.3793553748773224
GLIPR1,RP11-362K14.6,0.3788204056615176
LST1,AC015971.2,0.3786524785403443
METRNL,CAPN9,0.3782576261779527
CTC-503J8.6,CTD-2192J16.26,0.3782308506204969
TMEM41B,RP11-362K14.7,0.378214103862766
HLA-DQA1,RP11-276E15.4,0.3775870479580546
CCDC135,RP1-86C11.7,0.3768785568224232
XCL2,PDE1A,0.3767502777672989
CTSA,RP11-29H23.4,0.376680631440396
BCL2L11,AF131215.5,0.3764519929834142
SFSWAP,FKBP9,0.3762207943012789
TMEM176B,LAMB3,0.3760917035834203
TNNI2,TTC39A,0.3760246371530115
IL21R,RP11-29H23.4,0.3760228034956827
SCRIB,RP11-29H23.4,0.3756349073499943
CBFA2T3,PDE1A,0.375509478263346
PAFAH1B2,RP11-54O7.1,0.3753417396504362
PFN1,VSTM2B,0.3753054232869197
TACC1,RET,0.3747590443345411
CTSD,AL049829.1,0.3737462490123015
PCP2,RHD,0.3734469128738659
B2M,CXXC4,0.3730801431562425
IER5,SNRK-AS1,0.3729148158286153
SOD2,DNAJB5,0.3724966834303554
KLF6,STRIP2,0.3724499621289654
IL4R,PDE1A,0.3724125065434268
QTRTD1,AC068282.3,0.3722242659946129
JUN,CTD-2619J13.3,0.3721579084538942
FUOM,WWC2-AS2,0.372112675721639
GRAMD4,ACKR2,0.3717567639348991
YBX3,RHD,0.3715892921017167
NFKBIA,CTD-3194G12.2,0.3709713426280934
TP53BP2,BMP6,0.3708565136082882
MYL6,CYP46A1,0.3707644083235478
RUNX3,RP11-362K14.6,0.3707181641609448
SLC16A3,EPAS1,0.3705157032999318
ANKRD13D,AC068282.3,0.3704358100402728
GAS2L1,RP1-86C11.7,0.3703812552443218
HIST1H1B,CTC-503J8.4,0.3703384297609675
SDPR,RHD,0.3702210367776335
NKG7,TNS4,0.370040525290737
HLA-DRA,RP11-665G4.1,0.3696504588232961
KCNG1,COL1A1,0.3691749149157601
C5orf56,CTC-498J12.3,0.3688405478897235
AVEN,C2orf48,0.3687330526046581
TCF4,RP11-511B23.2,0.3687000343033457
GPR56,PTPRR,0.3685615597879736
DTX2,ADAM20,0.3683391363686842
SETD5-AS1,CTC-503J8.4,0.3681182688802781
BLNK,GCSAML,0.367836166934315
MALAT1,VSTM2B,0.3674456493465208
ZNF264,C1orf101,0.3673323605923357
CCNK,AF131215.5,0.3673075306441822
TMSB10,TMEM105,0.3672029948728984
UBE2V2,KRBOX1-1,0.3671523222848136
RNF130,IQSEC3,0.3670526927542631
PURA,TMEM105,0.3669510811953948
MT-ND1,EPN2-AS1,0.3669344430406463
BATF,LHX1,0.3668597601936225
SLC15A4,WWC2-AS2,0.3667473561518967
BEND2,CTD-3194G12.2,0.3659855958088936
AIF1,CTC-498J12.3,0.3658743763542428
SYMPK,TMEM105,0.3657542140947423
RPLP1,RP11-362K14.7,0.3654417945038443
C4orf48,RP11-168O16.1,0.3652714028981356
PPAPDC1B,DDR2,0.3649899751854802
TCHP,ACKR2,0.3649413346268451
SAMD3,CTRC,0.3640457363403604
LINC01137,RP11-276E15.4,0.3638570788727027
GRAP2,CTD-3194G12.2,0.3635890128979597
COLGALT1,ZNF572,0.3635012567267385
CLIC3,DDR2,0.3627723461659048
PDLIM1,ZNF572,0.362750534433661
CBX4,PDE1A,0.3625324310420002
MT-ATP6,RP11-362K14.6,0.3622070126278764
RP5-887A10.1,PDE1A,0.3621154624976206
MT-ND1,DNAJB5,0.3619333513292485
TSPO,RP11-358L4.1,0.3615936354315109
TIGIT,RP11-29H23.4,0.3615708272156336
GZF1,DNAJB5,0.361437701848749
RP5-1028K7.2,C2orf48,0.3613482618208131
HIST1H2BK,CASC2,0.3608902626382234
MT-CO1,AP3B2,0.3599735691099044
HOTAIRM1,CAPN9,0.3597422583119001
FERMT3,TMEM105,0.3596821364512972
RP11-820I16.4,C11orf45,0.3595222112434112
S100B,IQSEC3,0.3595165630838242
FTH1,WWC2-AS2,0.3594490837634209
ALOX5AP,EPAS1,0.3591733329177314
LST1,CLDN23,0.3590575013844325
RPL3,FOXE1,0.3582924953217355
RUFY1,MMP1,0.3575008487545957
ARID5A,RP11-362K14.7,0.3573026326716558
HOPX,RP11-816J6.3,0.3571591989951287
KBTBD11,AC068282.3,0.3570069225410318
TIMP1,AP3B2,0.3563442441733954
B2M,VSTM2B,0.3561984814703728
CD8B,EPAS1,0.3560784010067785
RPL3,CCR8,0.3559811305769602
TBXAS1,JAG2,0.3559730607784324
PILRA,DNAJB5,0.3553056469548896
RRBP1,FKBP9,0.3551487423030502
S100A4,RP11-816J6.3,0.3549724004979141
FAM110A,DNAJB5,0.3542450915766632
PRF1,FBXO30,0.3540318991973689
SAMHD1,LAMB3,0.353497080503548
SPI1,GCSAML,0.3534087376800092
CLEC1B,RHD,0.3534026657519185
MYL6,AL049829.1,0.353291913302495
SNX29,COL1A1,0.3528572283134096
PLEKHO1,VNN3,0.3528284450742372
CEBPA,DNAJB5,0.3523871788587764
TP53,TMEM105,0.3522761483151096
HLA-DRB5,LHX1,0.352275341174194
TM4SF19-1,DDR2,0.3519912111920078
RPL3,CTD-2192J16.26,0.3519176202966712
ILK,RP11-524F11.2,0.3516613759670135
CD68,TTC39A,0.3516145232773562
TMSB4X,XX-FW83128A1.2,0.3511219937165797
TMEM141,XX-FW83128A1.2,0.3510697805808007
CD74,RP4-655J12.4,0.3509624635818653
SETD5-AS1,AF131215.5,0.3507289381231149
FTL,C11orf45,0.3502629253859445
ZBTB38,EPAS1,0.3500610850487584
SNN,COL1A1,0.3500494389321854
CAST,LAMB3,0.3500039452970405
CLCN7,STRIP2,0.349578649794247
MT-ND1,NLGN3,0.3494824406322683
RPL34,RET,0.3487157891035256
FAM214B,C11orf45,0.3485685411894709
MLXIP,AP3B2,0.3473724704674216
LST1,BBS5,0.3472073503124891
RP1-199J3.7,AF131215.5,0.3470650169535008
BOD1L1,RP1-261D10.2,0.3469787602750689
LDOC1L,CTC-498J12.3,0.3469347020186665
KIAA0368,TNS4,0.3468095348158337
PFN1,GYPE,0.3466082318122344
XCL1,RP11-787I22.3,0.3463543091755461
RPL3,NLGN3,0.3462665905789467
TCL1A,RHOV,0.3461462916489826
CLU,MMP1,0.3461398427804299
TUBB4B,AP3B2,0.3458961377366643
DGKZ,RP11-358L4.1,0.3454287223396782
OS9,EPN2-AS1,0.3453681704703479
FTH1,LAMB3,0.3452533620588245
VIM,AL049829.1,0.3450131011197753
VTI1B,EPN2-AS1,0.3448615538618635
ODC1,VSTM2B,0.3444588958958763
CLEC7A,RET,0.344428065248972
SLC11A1,RP11-362K14.6,0.3442010614457789
KIAA0319L,CXXC4,0.3438489714751974
HOTAIRM1,LAMB3,0.34378098869748
LAG3,VSTM2B,0.3433415315073697
MYBL2,TTC39A,0.3432008820451472
RP11-427H3.3,AC009312.1,0.3423679646668052
S100A4,RP11-118K6.3,0.3423204240797429
IER2,PDE1A,0.3416717966085674
HOPX,RP3-323N1.2,0.3407224354129247
DUSP1,RP4-655J12.4,0.3405350252318459
COPRS,CTC-503J8.4,0.3403637618474313
ARNT,AP3B2,0.3401718326661001
FOS,BBS5,0.3397086994038386
CDKN2D,RHD,0.3396232113552142
C5AR1,XX-FW83128A1.2,0.3395731862736652
RP11-427H3.3,RP11-816J6.3,0.3395105369402848
FGR,PTPRR,0.3384891725395347
C12orf75,XX-FW83128A1.2,0.3383916547635066
EXD3,TTC39A,0.3383196965206024
JOSD2,AP3B2,0.3382420269043455
PCSK6,MMP1,0.3382075361283347
EHBP1L1,RP11-118K6.3,0.3381060654373988
PTMS,TNS4,0.3375592219793124
S100A6,HSPA12B,0.3375055216127871
MYO1F,RP11-118K6.3,0.3367509984248119
FOSB,EPAS1,0.3367249513078058
C14orf164,MMP1,0.3363881436363045
MT-ND1,RP11-362K14.7,0.3363502403335924
CCL5,AP3B2,0.3362300053171179
P2RX5,GYPE,0.3361088988832517
MLH3,CCDC81,0.3359722789174591
PRR5L,RHD,0.3359076295372635
KIAA0125,RP1-261D10.2,0.335867046823034
PTPN11,EPHB3,0.3358242260450578
ULK1,GYPE,0.3352751643595954
SOD2,RP11-276E15.4,0.3352277336348879
SAT1,TTC39A,0.3348270268190596
IQGAP2,C11orf45,0.3344740972210653
AGTRAP,AC068282.3,0.3344120827672312
BTBD6,RP11-816J6.3,0.3343896883575828
DNAJC1,FKBP9,0.33430942219187
SMARCD3,FKBP9,0.3341932796683656
RUNX3,LAMB3,0.3341631362503134
GNGT2,FOXE1,0.3337211551830804
CD7,RP11-816J6.3,0.3336474697929916
CYTL1,XX-FW83128A1.2,0.3336323777857229
TCL1A,RP11-362K14.6,0.3335526042962534
GNLY,ADAM20,0.3331895624009881
PLCD4,RP1-86C11.7,0.332890130006522
MT2A,CXXC4,0.3327676893128989
TNFRSF1B,ARNTL2,0.3325290851381041
RGL2,GCSAML,0.3322833247915647
JUND,AC068282.3,0.3316861141532988
PHACTR1,RP11-362K14.6,0.3316078324113143
UBE2M,RP11-168O16.1,0.3315922858993412
HCK,LAMB3,0.3315508865365452
GZMB,EPN2-AS1,0.3314891265398226
S100A4,TTC39A,0.3312798463850516
LCAT,AC140481.2,0.3311379144267803
IER2,ZNF572,0.3310457384093444
NKAP,CXXC4,0.3309815068090215
C1orf35,RP11-276E15.4,0.3299084740634451
ABLIM3,RHD,0.3298452095524985
NKAP,CASC2,0.3297985030569211
GSTP1,CASC2,0.3297882434646155
FYN,RP11-362K14.7,0.3296755056808007
FTL,RP11-362K14.7,0.3295722842269715
ZYX,KRBOX1-1,0.3292564827721352
RPL34,VSTM2B,0.3291303762920732
RP11-367G6.3,PTPRR,0.3291269150572304
AP001055.6,RP11-665G4.1,0.3286040052853464
ITGAL,XX-FW83128A1.2,0.3283493791250887
CD8A,RIPK4,0.3281488534807793
PMAIP1,AC140481.2,0.3276108385521586
DGKZ,CYP46A1,0.327543945403409
IRAK1,HCG20,0.3274474986434837
SPIB,HM13-AS1,0.3273660489007875
MOGS,RP11-362K14.6,0.3270951690440606
LILRB1,ADAM20,0.3269139312750516
RPL34,FBXO30,0.3267332253928208
PPM1A,CCDC81,0.3265378974822969
HVCN1,RP11-665G4.1,0.3261115003707694
PVRL2,RP11-816J6.3,0.3259209181315101
FYN,RP11-787I22.3,0.3259009523827587
BLNK,CYP46A1,0.3257944596693395
MAX,RHD,0.3256346503107235
NXF1,RP11-524F11.2,0.3255449277701063
TTBK2,CTC-498J12.3,0.3251573465915859
FCN1,IL10,0.3250722700670578
CLDN5,RHD,0.3250625158167174
KLF6,MST1R,0.3249762476962128
PHF21A,AL049829.1,0.3248919721812356
ZNF358,JAG2,0.3248643146150282
BLVRB,RHOV,0.3246168255430334
CTSA,CTC-503J8.4,0.324482469543805
LAG3,RP11-816J6.3,0.324325409663457
PAFAH1B2,SNRK-AS1,0.3243227882863536
MYCBP2,LAMB3,0.3238171772631261
MATK,AC140481.2,0.323764864064458
IFITM2,TTC39A,0.3237639742912621
CELF1,RP11-118K6.3,0.3235020169254985
ACTB,AP3B2,0.3232108242191394
C7orf50,MMP1,0.3232036083348911
TPST2,ADAM20,0.3231544351200276
LYAR,AC140481.2,0.3229324667283887
DUSP1,RP11-511B23.2,0.3225767337692363
IL17RA,EPHB3,0.3225529520327223
TYROBP,RP11-29H23.4,0.3222617767036713
CCNK,ZNF572,0.3220658663598944
UBE2V2,BBS5,0.3220378509220914
HLA-DRA,ADAM20,0.3219514042699247
STAG3,RP11-362K14.6,0.3213053730295778
TSPO,AC068282.3,0.3212360189495187
TMSB4X,RP11-787I22.3,0.3211901605992678
SGK3,EPHB3,0.3210627491944744
BLVRB,CCR8,0.320993176889395
S100A11,CTC-503J8.4,0.3209451088951535
IFITM2,AF131215.5,0.3204047018525221
CD8A,RP11-276E15.4,0.32028160906598
FOS,CTD-3194G12.2,0.3202670987651657
LST1,EPN2-AS1,0.3198593322768467
NRROS,CTRC,0.3193815249508062
CD8B,ZNF572,0.3193095492129422
PTGER2,AC009312.1,0.3192597634347442
NAGA,C11orf45,0.3189515914529284
WDR11-AS1,BMP6,0.3184701950207738
TUBB4B,PTPRR,0.3183761515782488
R3HDM2,GCSAML,0.3172741693866537
PKIG,RP1-86C11.7,0.317146860530262
FUOM,DDR2,0.316868700928146
B2M,CTC-498J12.3,0.3168510009557689
PFN1,COL1A1,0.3168052929636116
RSU1,AP3B2,0.3167181209444324
AC006994.2,SCML2,0.3167125116426304
IRF8,CYP46A1,0.3161046331367625
JUN,RP11-769O8.2,0.3160197586983154
CBX4,RP11-276E15.4,0.3157644027038571
HLA-A,RP11-787I22.3,0.3157630553650289
CD9,MMP1,0.3153699134954988
IGLL5,CTD-2620I22.7,0.3153315979807975
PDCD7,CXXC4,0.3152264004892187
GZMB,TTC39A,0.3151392035052458
DNAJC1,TTC39A,0.3148184720501172
ADAP1,NLGN3,0.3144389999914035
APOBR,FAM47E,0.3143897270035434
MCUR1,XX-FW83128A1.2,0.3143512494799229
HNMT,LAMB3,0.3135107288390973
TESC,ARNTL2,0.3133939826260146
RGL2,CTC-498J12.3,0.3132101604463945
CD79A,CCDC81,0.3131839299625895
RELT,MST1R,0.3127913189009289
RGS2,ACKR2,0.3127777159451199
PGPEP1,PTPRR,0.3125672964007521
C1orf233,CTD-2619J13.3,0.3125433405801432
PPAPDC1B,CCDC81,0.3125404425019368
BRI3,RP11-665G4.1,0.3121424184459563
LYN,GYPE,0.3121349290430874
IGFBP7,AP3B2,0.3120954637409853
CD93,RP11-118K6.3,0.3120737268445229
ISG15,RP11-54O7.1,0.311984452368315
TNK2,CYB5R2,0.3117126635932237
SLA,CCR8,0.3115161803279829
VAV3,RP11-769O8.2,0.3114909652130149
FCGR2B,FBXO30,0.3114745279754424
HIST1H2BK,BBS5,0.31144566665659
SLA,AC140481.2,0.3111027347789669
MT2A,CTRC,0.3106927418831001
SFSWAP,MMP1,0.3106431200952668
YWHAH,CTC-503J8.4,0.310154688867066
SRPK2,CTC-498J12.3,0.3100039835302262
AC093609.1,WWC2-AS2,0.3099369392044829
PASK,RP11-524F11.2,0.3095952923296923
DOCK2,DDR2,0.3095612611567019
GM2A,IL10,0.3095174195362386
IQSEC1,MST1R,0.3089296976881365
ZC3H12A,VSTM2B,0.3087898848020644
PPP2R2B,RP11-769O8.2,0.3086105434651087
B2M,TTC39A,0.3085535844548993
ARHGEF12,CTD-2192J16.26,0.3078915019504377
CD74,CTD-2620I22.7,0.3070705204409755
PRKAR2B,ARNTL2,0.307015659873305
PLEK,GCSAML,0.3069281844483821
CRIP2,AC140481.2,0.306474572628185
FCER1G,AC140481.2,0.306474418694095
GPATCH2,RP11-276E15.4,0.3064193949238085
UBE2Z,DDR2,0.3063168387723263
NUDT16,CLDN23,0.3061893977502326
FAM110A,CTRC,0.3061572397673949
SLC26A6,DNAJB5,0.3061261437672302
TSPAN13,RP11-362K14.6,0.3060037877505971
RP11-879F14.2,BMP6,0.3058977147559202
PDXK,RP11-665G4.1,0.3058572161967007
MT-ATP6,CTRC,0.3052141246338266
ZNF467,RP11-665G4.1,0.3052123953180684
F13A1,VSTM2B,0.3051539331544833
LTB,RP11-524F11.2,0.3050853535342265
IFI27L2,TNS4,0.3048770841517428
AP001055.6,TTC39A,0.3047054791888633
JOSD2,ZNF572,0.3045889043429331
CD79B,RP11-665G4.1,0.3043261853896142
CD74,WWC2-AS2,0.3036499180977338
CTSD,BBS5,0.3036105305135118
CBFA2T3,MST1R,0.3035238154037069
S100A9,VNN3,0.3033475074386839
IFITM2,RP11-816J6.3,0.3031530666955873
HIST1H1C,CYP46A1,0.303077951935451
AIF1,BBS5,0.3028964947347982
MESDC2,CASC2,0.3028653672732979
NXF1,RP11-816J6.3,0.3026408525540908
GZMA,SNRK-AS1,0.3019426375966937
ZNF683,FOXE1,0.3015349810557299
GZMK,SNRK-AS1,0.3010919115934738
ZC3H13,RIPK4,0.3008164490509982
LGALS2,LAMB3,0.3007893256678162
GPX1,RP3-323N1.2,0.300557655249747
TTC7A,PTPRR,0.3004487621302121
CDC42EP3,PTPRR,0.3003674405595949
MT-ATP6,FKBP9,0.2997797872958589
HLA-C,RP11-54O7.1,0.2993263062649302
SLC16A3,TTC39A,0.2991097296243619
MXD4,CYP46A1,0.2990991040248372
NBAS,CAPN9,0.2984799112343051
MT-CO1,RP11-276E15.4,0.2983507251501849
VCAN,ADAM20,0.2981890071850082
SPHK1,RHD,0.2977476898258651
PSAP,WWC2-AS2,0.2976074095777873
GPX1,AC009312.1,0.2973936988037672
MYL6,TTC39A,0.2973021108303875
PTPN18,CTC-498J12.3,0.2968720479764387
FHL3,RP11-118K6.3,0.2967344225510462
PACSIN2,CTC-498J12.3,0.2967252650765013
ALDH1A1,RP1-86C11.7,0.2966657017492493
CMIP,IL10,0.2964559773503002
CD7,IQSEC3,0.2962966011055896
KIAA0040,AC009312.1,0.2959916116394935
CD151,WWC2-AS2,0.2959646879074519
HLA-A,EPHB3,0.2958670002454238
CEBPD,LAMB3,0.2958266995411492
SAMHD1,C11orf45,0.2956132731230454
MATK,VSTM2B,0.2953981426355313
CLIC3,RP1-261D10.2,0.2953978641522292
GRN,SNRK-AS1,0.2953259338942862
CD74,CYB5R2,0.2951496838558067
AIF1,RP11-29H23.4,0.295127898149137
IGSF6,RP11-29H23.4,0.2950978661218842
FTL,CTC-498J12.3,0.2949143305297517
MALAT1,FKBP9,0.2948611142486789
KRT86,AC140481.2,0.29461262447222
MS4A1,ACKR2,0.2945948083362129
NGFRAP1,DDR2,0.2942408987124957
HIST1H1B,CTD-2620I22.7,0.2941523956863587
IGFBP7,AC068282.3,0.2938513120535868
CST3,CTD-2192J16.26,0.2934848555962535
CCDC50,RP11-362K14.6,0.2934214292016486
GCHFR,AC015971.2,0.2932208836745871
LINC00936,TTC39A,0.2932199210452226
SH2B3,CTD-2619J13.3,0.2931942343345162
C7orf50,LAMB3,0.2929735477728356
HOPX,RP11-276E15.4,0.2923878700119383
HSCB,PTPRR,0.2922835906762662
NGFRAP1,BBS5,0.2920945051961897
TNFRSF18,AC009312.1,0.292010900251603
CXCR3,HCG20,0.2918973183050102
STX3,CTC-498J12.3,0.2913895436762836
IFITM3,BBS5,0.2910797848220769
CFP,EPHB3,0.2909223858966512
HLA-A,TTC39A,0.2903848187774214
DIRC3,CTD-2619J13.3,0.290332469278278
WASF2,CCR8,0.2900946939839832
VIM,FOXE1,0.2894803731874135
NT5C3A,WWC2-AS2,0.2893361311164702
SFSWAP,C11orf45,0.2892469620603392
SLC27A3,PDE1A,0.288489678139701
APAF1,WWC2-AS2,0.2884675176706567
AKAP9,FAM47E,0.2883633775058823
KLF6,PTPRR,0.2881188704686006
HLA-DQB1,ADAM20,0.2880803392589374
IER5,CCDC81,0.2876689618290758
FCER1A,DNAJB5,0.2876135219747944
FCER1G,MMP1,0.28758233843599
MMD,CASC2,0.2875737093318153
MAP3K3,WWC2-AS2,0.287345085110799
PLAC8,CTC-498J12.3,0.2871826657287893
BIRC6,ARNTL2,0.2869780717602569
FTH1,CTC-498J12.3,0.2865955890283939
ZC3H13,CAPN9,0.2863618473343514
SH2D2A,IL10,0.2862735002315323
UNC93B1,MST1R,0.2856600599217489
MXD4,IL10,0.2855157763170555
DUSP2,EPN2-AS1,0.2853033193999334
RUFY1,RP11-276E15.4,0.2852549085880934
RPLP1,HSPA12B,0.2851035077653829
MT-CO1,CTC-498J12.3,0.2849382347908565
FTL,RP11-665G4.1,0.2849347725279288
TESC,WWC2-AS2,0.2843921762772256
NKG7,RP1-261D10.2,0.2840540385248559
TYROBP,GPR153,0.2840467132356672
C12orf75,VSTM2B,0.2838325983621497
HLA-DQB1,COL1A1,0.2837262845021231
S100A4,CTC-498J12.3,0.283615568919678
ST3GAL6,MMP1,0.2834807075306161
RPL3,STRIP2,0.2828355882716559
TUBA4A,ACKR2,0.2828139290169612
SNAP23,CTC-498J12.3,0.2823246889309759
IRF7,AC015971.2,0.2822385368306266
SPTBN1,RP11-276E15.4,0.2822292747033489
HOPX,SNRK-AS1,0.2819709474992293
ACVRL1,CTD-2192J16.26,0.2818939746758608
QSOX1,BBS5,0.2818758192530337
PLXNA4,AF131215.5,0.2816813513442681
TRPC4AP,RFX8,0.2814384409514805
ATG2A,LAMB3,0.281416852216976
NGFRAP1,AC009312.1,0.2810948337530745
GZMB,RP11-358L4.1,0.2808880835462191
LIMS1,RP11-29H23.4,0.2807986487076335
MALAT1,RP11-362K14.7,0.2807197583029199
EREG,FBXO30,0.280603150098863
PLD2,CLDN23,0.2804149096111961
CD8A,CCDC81,0.2801485290991407
MGST2,GPR153,0.2801043706903385
NFE2,BBS5,0.2797474020944844
NMB,RP1-261D10.2,0.2795735616935374
FAM135A,C1orf101,0.2794965767859627
MYL6,HSPA12B,0.2794763008110161
MT-ND2,CAPN9,0.2791980017745576
RP11-85A1.3,VNN3,0.2790914684646424
VIM,FBXO30,0.2789909011719179
B2M,AC009312.1,0.278932109487374
MLXIP,RP1-86C11.7,0.278927760209654
TYMP,RP11-29H23.4,0.2789000776612474
MALAT1,TTC39A,0.2784359356956213
NT5M,EPAS1,0.2781886422968352
R3HDM2,PDE1A,0.2779829304401514
NCF1,RP11-511B23.2,0.2776104725110787
LYAR,STRIP2,0.2772078412944082
SLC43A2,CTD-2192J16.26,0.277171597223162
WDR70,AC009312.1,0.2770040384486523
TACC1,RP11-276E15.4,0.2769405542725437
SAMD3,FAM47E,0.2767786020227524
SLC43A2,RP11-118K6.3,0.2767586370898974
MALAT1,RHOV,0.2764580267118861
TMSB4X,CTD-2620I22.7,0.2764573584030623
TPST2,VSTM2B,0.2763928922347941
APOBR,VNN3,0.2763623128476297
CORO1C,MMP1,0.2762423291356582
CLIC3,PTPRR,0.2760852193877314
HLA-DMB,RHOV,0.2759488961768924
APMAP,CAPN9,0.2759126839926882
HES4,RP11-118K6.3,0.2757136147848845
TMSB10,EPN2-AS1,0.2757054517612345
RPLP1,RP11-713D19.1,0.2756781581904634
KLF6,RP11-276E15.4,0.275518369337378
XK,AC140481.2,0.2750464502904854
RALGPS2,PTPRR,0.2750442456213584
TPM1,RIPK4,0.2748276646317429
CD40,RP11-362K14.7,0.274533185838788
CDKN2D,TTC39A,0.2744783608529503
LTB,VNN3,0.2743271818942861
SNCA,RHD,0.274308308684704
MYO9B,RP11-362K14.7,0.2739872839793559
SRC,MMP1,0.2737173596888604
MAX,TTC39A,0.2736164780360912
LYAR,RP11-276E15.4,0.2734200329078077
MALAT1,NLGN3,0.2734050120653654
MT-CO1,CYB5R2,0.2729807712846228
ZNF547,COL1A1,0.2725316015491737
HLA-DRB1,SCML2,0.2723436742004843
ABHD2,COL1A1,0.271890877022967
PRF1,RP11-816J6.3,0.271832359801397
VIM,WWC2-AS2,0.271715590387147
PFN1,AC009312.1,0.2716855758361878
LYZ,GPR153,0.2711338651352982
RP9,CTC-503J8.4,0.2709466777483588
AIF1,DNAJB5,0.2708719868671642
LUCAT1,RP11-362K14.7,0.2708291051151671
RP11-367G6.3,RHD,0.2705602927858155
MALAT1,RP11-816J6.3,0.2705408546635028
CD40,RP11-665G4.1,0.2704253610643257
ARHGEF17,RP11-713D19.1,0.2704134744870652
C1QTNF4,SCML2,0.2701613726274903
MT-ND1,PAPL,0.2700450191524481
CNTROB,TTC39A,0.2700434452849442
CD40,CYB5R2,0.2699923564459752
PPP1R14A,PDE1A,0.2696843940017926
UBA6-AS1,C11orf45,0.2696807808749699
IRF5,IL10,0.2694941244188683
IGJ,CYP46A1,0.2694040732662793
JUND,JAG2,0.2693420183922436
GABBR1,C11orf45,0.2680649255094359
FAM212A,RP11-511B23.2,0.2679263138938242
RP11-191L17.1,CAPN9,0.2675569361749066
RPL34,CTD-3194G12.2,0.2672659575009228
MEGT1,RHD,0.2671666106926569
C12orf75,PAPL,0.2671157571147179
RP11-876N24.4,SCML2,0.2669240350836175
DNAJC1,VSTM2B,0.2668898277845233
GPX1,VNN3,0.2668723055233081
MYL9,PTPRR,0.2667710974973737
CD97,TNS4,0.2667430842366158
CD79B,PAPL,0.2664337535349733
LINC00936,AC009312.1,0.2664168808992662
RP11-872J21.3,RP11-29H23.4,0.2663397475039897
MAX,MMP1,0.2663071354346832
WDR11,AL049829.1,0.2662273049852982
FAM214B,CXXC4,0.2661277836245835
RGL2,CTD-2620I22.7,0.2661186803538196
UTS2,ARNTL2,0.2657922007398108
PURA,RP11-276E15.4,0.2652601806257731
MT-ND1,RP11-168O16.1,0.2648125678663975
RPLP1,CTC-498J12.3,0.2645566373437688
LTB,CXXC4,0.2642119087135839
ARHGAP17,PTPRR,0.2642064049155934
KIAA0040,RP11-276E15.4,0.2642033098916211
RNASE6,IL10,0.2641448872673307
CD74,DNAJB5,0.2637825275582138
TMEM91,EPAS1,0.2637445655948848
FOS,VNN3,0.2637401363379467
AC005076.5,TTC39A,0.2636474179191841
MT-ND2,RP11-276E15.4,0.2631815139913327
GMPR,MMP1,0.2630956595335778
HCG25,CCDC81,0.2630495978881358
C7orf50,CASC2,0.262844493732734
PLAC8,IQSEC3,0.2625796232725243
RP11-879F14.1,BMP6,0.2625663240020415
JUN,MMP1,0.2620306063399729
LIMK2,EPHB3,0.2619129821121479
HLA-DPA1,RP11-524F11.2,0.2619044022660455
C9orf89,CTD-2192J16.26,0.2618727033998274
TLN1,VNN3,0.2618529540591954
CD74,PTPRR,0.2618203739584325
IFITM3,COL1A1,0.2616143558063334
BIRC3,RP11-362K14.6,0.2613841668279292
PPM1F,AC009312.1,0.2613482804999334
RP5-1092A3.5,CYP46A1,0.2613243085170615
RUNX3,RP11-276E15.4,0.2609100000875963
RUFY1,DNAJB5,0.2606161605703648
IGLL5,ACKR2,0.2604398489001814
MT-CO1,TMEM105,0.2602494995620978
MLTK,C11orf45,0.2602464759936105
TNFSF13B,WWC2-AS2,0.2600037679537467
DRD4,TTC39A,0.2597555470574158
DGCR2,CTC-498J12.3,0.2595568881983637
HLA-DMB,GPR153,0.2589633535611156
SUPT6H,RP11-787I22.3,0.2585390955471065
DENND1B,TTC39A,0.2580603708112244
LYZ,RP11-665G4.1,0.2578428213606033
POU2F2,AC015971.2,0.2572397072486688
HLA-A,BBS5,0.2569012181207036
FCGRT,C1orf101,0.2568644008736724
LTB,FOXE1,0.2567247617812609
FTH1,RP11-118K6.3,0.2564839541119935
CD79B,PTPRR,0.2563592104849465
PLEK,FAM47E,0.2559036591479496
PFN1,CYP46A1,0.2555894759633419
S100A4,FBXO30,0.2552763335656737
RNF130,CTRC,0.2552395569802406
GPX1,IQSEC3,0.2546416643356312
RCC2,RP3-323N1.2,0.2535878463464061
KIAA0513,KRBOX1-1,0.2535242707557431
SNAP23,CCDC81,0.2533647090284744
GSTP1,AC015971.2,0.2533314260889294
GSTP1,SNRK-AS1,0.2533117739350591
RPL3,RP4-655J12.4,0.252991711808928
TNFSF10,SCML2,0.2529580742556198
RBM27,RP11-276E15.4,0.2529420202764641
C6orf25,MMP1,0.2528020738723713
LINC00926,LHX1,0.2524654142177943
KIAA0930,ARNTL2,0.2522077360187265
CABP5,RHD,0.2521472204404957
RCE1,C11orf45,0.2520235684157492
STK11,DNAJB5,0.2519208285567116
POU2F2,FBXO30,0.2516184526981552
MPPED2,FOXE1,0.2515861007685879
RELB,FBXO30,0.2513228554974533
PPBP,RHD,0.251268808069168
S100A4,RP11-787I22.3,0.251208422538401
MCUR1,MMP1,0.2510159081977017
NPC2,FKBP9,0.2509824711571216
ARHGAP4,MMP1,0.2509809549419473
GSTP1,SCML2,0.2509299260980313
TMEM176B,EPHB3,0.2508677997737208
XCL2,HCG20,0.2507907602240653
PTCRA,TTC39A,0.250631976853452
VIL1,RHD,0.2505971507113188
FTL,CTC-503J8.4,0.2504277449869739
GNA15,TMEM105,0.2503948280504745
TNFRSF1B,RP3-323N1.2,0.2500446889697615
SRPK2,C1orf111,0.2498760681875213
KIFC3,RHD,0.249776500467457
TMEM205,HSPA12B,0.249578892827093
UTP14C,BBS5,0.2493548557235887
TMEM141,RP11-118K6.3,0.2493127927581679
CTSH,PTH2,0.2490920393575446
FAM193B,EPHB3,0.2484436276954341
FCRL6,RP11-118K6.3,0.2484076289242626
EIF3B,RP11-665G4.1,0.2482449646531622
AC016586.1,CCDC81,0.2482277634637834
UBXN6,RP3-323N1.2,0.2479997367813875
BST1,RP1-86C11.7,0.2478113816763631
POU2F2,NLGN3,0.2474699969062382
TSEN54,RP11-362K14.7,0.2469337580617543
HLA-DPB1,CYB5R2,0.2468801025337869
SCRIB,TNS4,0.2467460359362656
ARRB1,RP1-86C11.7,0.246652073204825
PLAC8,PDE1A,0.2465433933585576
ACTB,HSPA12B,0.2465175290934261
RPL3,DDR2,0.2464649692446421
CCR10,AC009312.1,0.2461268576740607
FOLR2,C11orf45,0.245613964028301
MYO1F,EPN2-AS1,0.245522685329967
LCN12,LHX1,0.2451161403860737
WDR70,RP1-86C11.7,0.2450980640772575
TYMP,DNAJB5,0.2449392071249183
ZNF516,CCDC81,0.2443546619627629
PLAC8,KRBOX1-1,0.2443428069181802
PLCB2,RP11-769O8.2,0.2437547982800535
CBFA2T3,PTPRR,0.2436121956987949
CRIP2,C1orf101,0.2435993386013818
SPTBN1,WWC2-AS2,0.2434395514925013
CCDC153,RET,0.2430282707588527
TMEM205,SNRK-AS1,0.2429564714115107
PQLC1,IL10,0.2427508203526379
CST3,RP11-168O16.1,0.2425222304626708
FAM212B,TTC39A,0.2423372772984151
FCER1G,FBXO30,0.2421332989860833
TMSB10,RP11-665G4.1,0.2419966960746166
MT-CO1,JAG2,0.2418634171049154
ODF3B,C11orf45,0.2418598584117795
CTSA,C1orf101,0.2416897854420819
S100A4,ADAM20,0.2416836768866031
TRPM4,MMP1,0.2415748082135331
SRPK2,RFX8,0.2415310455871072
PRSS57,SCML2,0.2412428505030876
SLC15A3,C11orf45,0.2411877837770588
PLEK,FKBP9,0.2410758615277398
FCRL6,GPR153,0.2410034784794746
PILRA,CTC-498J12.3,0.2408767776744128
CLU,GCSAML,0.24085699973209
SYNGR1,BBS5,0.2408082410071996
AKAP13,RP11-362K14.6,0.2407446587325249
RGL2,RP11-168O16.1,0.2401469898811372
MYO9A,JAG2,0.2399366548284215
KLRB1,C11orf45,0.2399021304501285
FERMT3,FOXE1,0.2398695632957544
ARHGAP4,RP11-769O8.2,0.2396446343672248
IER2,HSPA12B,0.2395989973386398
ENKD1,EPHB3,0.239591325703043
DAPK1,TTC39A,0.2391786430084256
FAM26F,NLGN3,0.2389371216611746
FTH1,CXXC4,0.2388919583160997
EPHB6,C11orf45,0.2388781126738471
MYO1E,MST1R,0.2387751179318448
TKTL1,CCDC81,0.2387406430659855
KLRG1,RFX8,0.2379994211895777
CTSH,RP3-323N1.2,0.2378345166387676
ARHGAP35,ARNTL2,0.2377343001131752
GNLY,C11orf45,0.237634637415793
HLA-DRB1,JAG2,0.2375343463783398
MT-ND2,CYP46A1,0.2373790075795318
SH3BP2,ZNF572,0.2373535557303493
MYO1F,ADAM20,0.2368055195716489
IFITM3,SCML2,0.2366480264290189
AP001816.1,RP3-323N1.2,0.2365257077306495
MIDN,IQSEC3,0.2362868515260957
NRIP3,PTH2,0.2360280879570339
OAZ1,RP11-362K14.6,0.2360218424149539
SIK3,CCDC81,0.2359912515852669
CX3CR1,CTRC,0.2349570076014206
C11orf68,RP11-362K14.7,0.2346339073095111
PASK,XX-FW83128A1.2,0.234309801195074
PFN1,DNAJB5,0.234300153546329
MT-ND2,COL1A1,0.2342996102097816
RCE1,HM13-AS1,0.2342860000148706
SFSWAP,TTC39A,0.2341009983220288
HLA-C,EPAS1,0.2337996237980648
SYNGR1,RP11-769O8.2,0.2333547096604686
PTGDR,CTRC,0.2333141839672253
POU2F2,ARNTL2,0.2331990119962858
ERBB2,AC140481.2,0.2331687678782192
PLEK,RHD,0.2331247744519212
RP11-401F2.3,KRBOX1-1,0.2330064842678019
EIF3B,RP11-196O16.1,0.2326893605052237
ARID5A,C1orf101,0.231844927461571
HLA-DQA2,TNS4,0.2313727464750356
FLNA,RP11-276E15.4,0.2313594616808647
RP11-191L17.1,CTD-3194G12.2,0.2311366673142339
CDKN2D,RP1-261D10.2,0.2309865792874417
IL32,TNS4,0.23095955131815
HIST1H1C,PDE1A,0.2307951370386003
TNFRSF1A,AF131215.5,0.2298684760044268
DOCK2,C2orf48,0.2297795523157874
C14orf164,GCSAML,0.2297642350722559
S100A12,EPHB3,0.2297265479448312
SNORD3D,DNAJB5,0.2296375805066571
OAZ1,XX-FW83128A1.2,0.2293580540894345
IER5,RP11-118K6.3,0.2293017599724539
TMEM140,RP3-323N1.2,0.2291154701339329
FCER1A,RP1-86C11.7,0.2289336880343019
COTL1,PDE1A,0.2286845583117273
MFSD12,CYP46A1,0.2285499811912866
MT-CO1,RP11-787I22.3,0.2285077042780534
VASN,AC068282.3,0.2284670662912619
RETN,CYB5R2,0.2284031430112125
ETV6,RP11-665G4.1,0.2282778886200838
EIF4G3,RHD,0.2280194442048317
PGRMC2,CXXC4,0.227949749989046
MESDC2,RIPK4,0.227582678745472
GNLY,DDR2,0.2273341011064583
CXCR3,RP1-86C11.7,0.2271852403835254
FERMT3,XX-FW83128A1.2,0.227077152384673
IER2,CTD-2619J13.3,0.2270346537256976
PRF1,EPHB3,0.2269444747668529
GAK,ARNTL2,0.2268991625690616
CAHM,SCML2,0.2263381727846805
GNAI2,GPR153,0.2262444712485954
LST1,RP11-168O16.1,0.2261263375647603
HLA-DQA2,GPR153,0.2260367297910551
C19orf38,EPHB3,0.2260131093990525
HLA-C,CYB5R2,0.2258887846985001
ZCCHC17,JAG2,0.2255056873203816
ABI3,RHOV,0.2253812579181394
WBP2,ACKR2,0.2251200638164197
C19orf83,NLGN3,0.2250793428387776
MAFG,DNAJB5,0.2247171942934103
DUSP2,EPHB3,0.224595060446052
ERBB2,RP11-769O8.2,0.2242414263168472
C14orf80,CTRC,0.224041634999779
BIRC3,RIPK4,0.2238281023487034
BLNK,RP11-276E15.4,0.2235822887113417
PLBD1,C11orf45,0.2233774157614693
KLRD1,CTRC,0.2233219352259278
ATG2A,C11orf45,0.2232033223722367
FHL3,CTD-2192J16.26,0.2230661229605781
WBP2,WWC2-AS2,0.2230032719927421
COTL1,EPHB3,0.2227618463339568
TLK1,CXXC4,0.2226442228392547
PPIP5K1,AC140481.2,0.222592138630817
H1FX,CTD-2192J16.26,0.222314368961022
CWC25,FBXO30,0.2221989036805029
IL32,HCG20,0.2221697570603598
HLA-A,HM13-AS1,0.2221370247250612
TYMP,C11orf45,0.2220659730274826
NCOA4,C1orf101,0.2216087054732353
CD8A,NLGN3,0.2215446961807992
MTPN,ACKR2,0.2214850684583315
ASAP2,EPHB3,0.2214503724217702
HLA-DRB5,ESPL1,0.2212986387598456
PDCD7,IQSEC3,0.2211804510732527
CD7,RP11-524F11.2,0.2211436638166241
ANKRD13D,ACKR2,0.2211347195329973
RP11-305L7.1,SNRK-AS1,0.2210364004934324
KLF6,CTRC,0.2208625737105289
TYROBP,FOXE1,0.220459876432658
ARHGAP4,RP3-323N1.2,0.2203080071058102
TBC1D20,RP11-816J6.3,0.2202344835821319
MIR142,IL10,0.2199042395733173
TYROBP,RP11-665G4.1,0.2197309582199959
GZMA,KRBOX1-1,0.2196552730364227
VAV3,AF131215.5,0.2195632961184995
C7orf50,RP11-276E15.4,0.2195454865756939
SH2D2A,RP11-816J6.3,0.2193213481811081
HEG1,CTD-2619J13.3,0.2190557450495027
TPST2,CCR8,0.2188122471235539
STX3,CTD-2192J16.26,0.2186271071138971
CTSW,NLGN3,0.218387273593056
YWHAH,SCML2,0.2183672023570003
GPX1,AC068282.3,0.2182130962790165
B2M,IQSEC3,0.218210844564004
GPX1,RP11-168O16.1,0.2180930996056705
CCL5,EPAS1,0.2180054751393903
FCRL6,PTPRR,0.2178977475573414
SPTBN1,BMP6,0.2178245112434749
HLA-DMA,SCML2,0.2174200865459439
VIM,AC140481.2,0.2173335878103471
CYB561A3,ARNTL2,0.216724290493562
STAG3,SCML2,0.2164071245923518
TNNI3,RHD,0.2163934425936627
S100A4,C11orf45,0.2161761708688714
TSPAN13,ZNF572,0.2160073658392201
FLJ27365,VNN3,0.2159969333645116
GPR56,CXXC4,0.2158542459036345
CST3,FBXO30,0.2156071266415477
CCDC24,PTPRR,0.2154356936161068
NEAT1,C2orf48,0.2154302919388114
TSPAN2,GPR153,0.2152497769389683
NCOA4,AF131215.5,0.2151970455442381
RUNX3,C2orf48,0.2151009027026366
C19orf59,DNAJB5,0.214981853788274
FCGR3A,CTD-2619J13.3,0.2149384130202059
CD97,FKBP9,0.2149113273763143
PHRF1,ACKR2,0.2148693208850183
NCOA4,HSPA12B,0.21427738778715
FTL,FAM47E,0.2140108833203647
TMSB10,DNAJB5,0.2139724633932862
MAX,RIPK4,0.213890901152973
FTH1,RP11-276E15.4,0.2134178982907572
HTT,IL10,0.2134118331274934
FTL,C2orf48,0.2133190115989617
ANPEP,C11orf45,0.2131670365155323
FAM212A,RP1-86C11.7,0.2130664011357113
STMN1,AC140481.2,0.2130086494092046
C19orf40,VSTM2B,0.2129985218229028
PACSIN2,C11orf45,0.2127974714359925
HLA-A,NLGN3,0.2124674383713571
GPR56,CTRC,0.2124628130327956
DNAJC5,EPHB3,0.2121752900923553
AOAH,C1orf101,0.2121348959015561
C12orf75,COL1A1,0.2120066276924376
KLF16,CTRC,0.2118844056107162
NPC2,DDR2,0.2117725457718115
EGFL7,RP1-86C11.7,0.2116187687872283
ZMYND8,RP11-524F11.2,0.2111825290861675
SELPLG,CTC-503J8.4,0.2103663661159794
NGFRAP1,C1orf101,0.2102219409802071
TUBA4A,RIPK4,0.2098731497875762
PKIG,GCSAML,0.2091794485287156
CHD8,CTC-498J12.3,0.2091588169004752
CD7,RP3-323N1.2,0.2089838128019625
MT-ND1,ZNF572,0.2089601664430239
PTPLAD1,SCML2,0.2088529194858176
MT-ND2,RHD,0.2088464117744595
JOSD2,DNAJB5,0.2088278343049037
ATG2A,IQSEC3,0.2086381635632662
SRPK2,CCR8,0.2086230643616608
TSC22D1,TNS4,0.2084959431068592
KLRG1,CTD-2192J16.26,0.2084466791607493
TMCO3,RP11-362K14.6,0.2082534971297909
SENP3,RP11-362K14.7,0.2082096249717039
MT-CO1,DDR2,0.2079708595250515
SUGP2,MST1R,0.2075864885452993
TMSB4X,AC009312.1,0.2075153814941573
ASCL2,FOXE1,0.2075117912529296
GAS7,CTD-2619J13.3,0.2074924813252147
TMCO3,EPHB3,0.2074467212396837
TMEM8B,TTC39A,0.2073375879264572
PLAUR,CYP46A1,0.2072315392044632
LGALS1,GPR153,0.2069849585539482
LINC00936,EPHB3,0.2068030178264712
MT-ND2,LHX1,0.2067914499856742
GLIPR2,CTRC,0.2066860535602911
TMEM91,RHD,0.2066601066024883
MYOM2,CCDC81,0.2066086121648308
DBT,COL1A1,0.2064826403359744
JAKMIP2,MST1R,0.2062697102261402
THAP6,FOXE1,0.2061072431828338
DNAJC1,RP11-168O16.1,0.2059116460179647
LGALS1,RHD,0.2058515253106709
RPPH1,CTD-2192J16.26,0.2056570408628334
S100B,RP11-524F11.2,0.2054643464458525
TCF4,TTC39A,0.2054444723483539
TYMP,FBXO30,0.2053650628044082
C11orf83,C11orf45,0.2053064032155256
FAM20C,RP11-524F11.2,0.2051309123648966
LINC00152,PAPL,0.2049658616608081
ITPR2,CYP46A1,0.2048161631699435
DENND1B,DNAJB5,0.20467216041189
RBM27,RIPK4,0.2045971777429693
RP11-490O6.2,AC068282.3,0.2045212415232331
GZMB,GPR153,0.2044831480817038
PGGT1B,RP11-816J6.3,0.2043943318808007
JAM2,FBXO30,0.2043708041196771
MYL6,CCDC81,0.2041769763928533
TNFRSF1B,CCDC81,0.2039786030708342
hsa-mir-1199,BMP6,0.2037480413536463
C6orf25,RHD,0.203720779504459
OAZ1,RIPK4,0.2036448318510917
FLNA,AC140481.2,0.2035807493117637
GSTP1,PAPL,0.2032311895892111
SYNE2,JAG2,0.2030360037806548
FTH1,NLGN3,0.2026438724756871
CD97,ESPL1,0.2022379872539198
B2M,SCML2,0.2022378621981601
RP11-672A2.4,MMP1,0.2018632016841571
UPK3A,DNAJB5,0.2017448773566469
MZB1,CYP46A1,0.2016877053088443
LRCH3,AF131215.5,0.2015946581256247
IL32,CTRC,0.2014715318449896
MT-ATP6,RIPK4,0.2014459240018259
TUBB4B,RHD,0.2014341819538767
RP11-983P16.4,VSTM2B,0.2014277909121488
BIRC3,IQSEC3,0.2013594890970368
CST7,RHD,0.2013322394431054
DUSP1,JAG2,0.201289872532695
UBR4,GYPE,0.2012748635884556
CAPNS1,CTD-2619J13.3,0.2012230925923508
RSU1,HCG20,0.2010838394521055
TAL1,GCSAML,0.2010758800286258
CHST13,GPR153,0.2010112192900959
TMSB10,C1orf101,0.2010018822971135
RP11-479G22.8,AF131215.5,0.2007336919472166
SNAI3,C11orf45,0.2006393800195282
AKNA,RP11-54O7.1,0.2005887477123034
SAT1,RP11-665G4.1,0.2005369846280847
PTPN18,CCR8,0.2003816336396418
VTI1B,GCSAML,0.2002861593578341
ZNF264,C2orf48,0.2000010221749475
CST3,CLDN23,0.1999422348613834
RP11-367G6.3,VSTM2B,0.1997669092527368
MYL6,RP11-665G4.1,0.1995408188884214
HLA-C,CTD-3194G12.2,0.1994945905570296
MALAT1,RIPK4,0.1993453261828024
CAST,ZNF572,0.199339045764599
NGFRAP1,ADAM20,0.1993162749141501
ZC3H13,CTD-2192J16.26,0.1992407519010381
GLIPR2,C1orf111,0.1990835573859307
GSTP1,PTPRR,0.1987292093965823
HLA-C,C11orf45,0.1986321756961015
IRAK1,C11orf45,0.198444746490619
NAGA,TTC39A,0.1984330367815
LYZ,SNRK-AS1,0.1982660989364671
JUN,C11orf45,0.1982488569264891
MYL6,GPR153,0.1981266443524139
PREX1,TNS4,0.1981015349611274
RALBP1,LHX1,0.1978867527301284
RPL34,DNAJB5,0.1977301543016633
CCL4L1,RP11-196O16.1,0.1975693316266572
MT-ND2,SCML2,0.1975086075775046
AHNAK,EPHB3,0.1975024784077328
GALNT2,GPR153,0.1974808510594383
VIM,JAG2,0.1974435815002533
TMSB4X,AC140481.2,0.1974330110573413
VIM,RP1-261D10.2,0.19735355878246
SETD5-AS1,AC068282.3,0.1965991780518504
CELF1,FAM47E,0.196580762777303
HCK,RP11-665G4.1,0.1965404580532184
MIR181A2HG,CTC-503J8.4,0.1965227351866124
HLA-C,GPR153,0.1964852278717413
CMTM5,AC068282.3,0.1963905513544668
PTGER2,RP11-362K14.6,0.1963532972889249
DBT,RP11-54O7.1,0.196222775776252
SYTL3,RP3-323N1.2,0.1962025434576626
GOLGA3,RP11-665G4.1,0.196002186359214
ZCCHC17,GPR153,0.1958981462919223
LAG3,TNS4,0.1954299980380174
ZBTB34,SCML2,0.1951246859905133
MESDC2,GYPE,0.1950111386145183
HLA-A,RHOV,0.1948284397325254
GLIPR1,SNRK-AS1,0.1948267802068597
RPP25L,CTC-503J8.4,0.1947034556968468
B2M,AL049829.1,0.1946885649959403
USP46,CAPN9,0.1946662160134171
RPLP1,LAMB3,0.1945924685914894
HLA-C,MST1R,0.1943652341228346
CCDC50,GPR153,0.194149381233849
SAMHD1,RP11-196O16.1,0.1938141001319472
HLA-A,DDR2,0.1935616788443805
FTH1,RP11-665G4.1,0.1932769865482854
NGFRAP1,RP11-168O16.1,0.1931595675447737
BLK,RHD,0.1931352726352045
WASF3,RHD,0.1926361098573797
CD163,RP11-29H23.4,0.1922116829385965
LIMS1,HM13-AS1,0.1919869142481616
KLF6,PTH2,0.1917938758762359
ZNF143,CLDN23,0.1917739361524535
FCER2,GYPE,0.1917697804608348
ITGA2B,RHD,0.1916730472027751
TPM1,CAPN9,0.1916009493594723
SPON2,RP11-168O16.1,0.1913867841913614
CRIP2,CXXC4,0.191365571810455
PILRA,EPHB3,0.1913086813665339
RP5-1159O4.2,RP11-524F11.2,0.1912731260209302
CFP,RP11-196O16.1,0.1912708816212443
CEBPD,AP3B2,0.1911540206080657
FOS,CTD-2619J13.3,0.1910305317423454
RP5-1028K7.2,FBXO30,0.1909781831655785
SAT1,AC000068.5,0.1903447070403692
NPC2,LAMB3,0.1902921958114532
FTL,RIPK4,0.1902087413115818
MARCH2,RP11-816J6.3,0.1901476730689386
PTCRA,BMP6,0.1900022982624702
FBXW11,FOXE1,0.1898519482872837
DAB2,RP11-769O8.2,0.1897373418893886
FAXDC2,BMP6,0.1897183911248343
ATF6,DDR2,0.1896497959503548
RALGPS2,RP11-787I22.3,0.1895175134132463
CATSPER2,PTPRR,0.1894914780563181
TACC1,PDE1A,0.1894237663186189
LAT2,CCDC81,0.1894235322504688
CORO1C,BMP6,0.1891839517449161
MALAT1,TMEM105,0.1890489458883899
HLA-A,SNRK-AS1,0.1889813078938682
TIMP1,AC140481.2,0.1888492151049605
ADAR,SNRK-AS1,0.1886528984358368
NIN,CYP46A1,0.1885462453305727
DMTN,RHD,0.1882907030247532
MYL9,MMP1,0.1882839027119831
CD8B,LAMB3,0.1879197807869762
SLA,CTD-2620I22.7,0.1878590044266329
TRIP10,CYP46A1,0.187604835650678
AL022344.7,BMP6,0.1875660416205688
BLNK,RP11-29H23.4,0.1874224174374959
ODF3B,AC000068.5,0.187420170943825
GSTP1,AC068282.3,0.1872560825153101
MAML3,RP11-168O16.1,0.1871667800682912
TUBA4A,AL049829.1,0.187053705598451
GNLY,CTRC,0.1870335341387957
CTSW,RP11-54O7.1,0.1869103048061504
NMB,ACKR2,0.1867726578419394
IFI30,AP3B2,0.1867289197863131
NRROS,VNN3,0.1866903396989113
PMAIP1,RP11-29H23.4,0.1866116659310333
ALOX5AP,TTC39A,0.1865412475535541
OAZ1,CASC2,0.1861874637771742
C2orf88,GCSAML,0.1859891858044299
WASF2,AF131215.5,0.1859688912748116
S100A6,IL10,0.1858929802045692
OXTR,RHD,0.1856241713684217
SPON2,GPR153,0.185567702069752
CD79A,RP11-29H23.4,0.1855164447311665
CTD-2035E11.3,CXXC4,0.1853835178506039
YBX3,RP1-86C11.7,0.1853399515931206
NKAP,CAPN9,0.1852316036990531
TNFRSF10D,FAM47E,0.1851830545000161
FAM109A,BMP6,0.1851569128207731
FTH1,AC068282.3,0.1846866196698679
SCFD2,DDR2,0.1846427804475205
ACTB,RHD,0.1845437180414844
SETD5-AS1,LAMB3,0.1844310531392568
PMAIP1,STRIP2,0.1842598850389167
NCR3,LAMB3,0.1837813389522389
WBP2,ARNTL2,0.1836343901454834
PTRH1,RIPK4,0.1835961911775207
GZMK,LHX1,0.1832831489934587
RBM27,FAM47E,0.1829471179532243
GAS2L1,IL10,0.182848112530968
IFI27L2,AP3B2,0.1828335376716879
TNRC18,GPR153,0.1828198738343615
KPNA6,RP11-54O7.1,0.182399441882167
GPX1,CXXC4,0.1823309199598959
TRIM24,ACKR2,0.182328110080657
NUP214,FKBP9,0.1823161525006924
ACTB,MST1R,0.1821265933749836
FHL3,SCML2,0.1819111514069729
PKN2,C11orf45,0.1818766397460907
ZC3H13,MST1R,0.1815386272670113
AKAP1,DNAJB5,0.1814392039930882
TMSB10,AC068282.3,0.1813950716423465
CD74,COL1A1,0.1811917066764327
BOD1L1,RET,0.1811850727963414
GSTP1,RP11-787I22.3,0.1809823495903347
GLIPR1,AC009312.1,0.1807930581260473
LIMS1,FBXO30,0.1807453163764339
PLAC8,AL049829.1,0.1805217245162882
PARVB,GCSAML,0.1802760248132918
HLA-C,DNAJB5,0.1801074808355652
RTN2,EPAS1,0.1798819659250972
HLA-C,TNS4,0.1798413361940556
ABI3,FOXE1,0.1796077525352516
NNT,CCDC81,0.1795593656309234
HLA-DPB1,SNRK-AS1,0.1793856694843963
IFITM2,RP1-261D10.2,0.1792736956889686
ARHGAP4,FOXE1,0.1790720468047534
C15orf39,RP11-769O8.2,0.1790564956330961
HOXA9,CLDN23,0.1788110089892139
HLA-A,ZNF572,0.1784219033072623
C7orf50,RP1-261D10.2,0.178008988699811
DGKZ,ACKR2,0.177913299575002
IER2,FOXE1,0.1778083620203555
TMSB10,KRBOX1-1,0.1777473599460735
RHOC,CTD-2619J13.3,0.1775767517132753
GNGT2,VSTM2B,0.1775449011082341
PARVB,RET,0.1774783013489581
ZNF684,RP11-769O8.2,0.1773749125539253
CAPNS1,RP11-787I22.3,0.1772076682135894
TPST2,RP11-787I22.3,0.1771696503638073
SOD2,RP11-524F11.2,0.1770776928374381
DUSP5,RP11-168O16.1,0.1769029135888942
XPNPEP1,TTC39A,0.1768574879139516
CYB561A3,MST1R,0.1768208276889072
LINC00894,LAMB3,0.1768060083051912
CLIC3,VSTM2B,0.1766064299788394
FCN1,CLDN23,0.1763593137102564
PINLYP,ADAM20,0.1762876774485618
RSF1,RHD,0.1761574738449687
PKN2,WWC2-AS2,0.1758142401043642
ETV6,RP11-524F11.2,0.1756607672050024
SYMPK,RP1-261D10.2,0.1754113324704106
DDX51,BBS5,0.1753217574180198
GLIPR1,CYP46A1,0.1748855887844642
PTGDR,TNS4,0.1743236358830443
IL32,AC140481.2,0.1739136056217611
GPX1,MMP1,0.1738585032182593
RALGPS2,CCDC81,0.1734621355077337
PHEX,FAM47E,0.1733395944646143
DPYS,MMP1,0.1733099780953205
MYCBP2,FAM47E,0.1730619308855629
BLVRB,RP11-816J6.3,0.1729734844872912
RUFY1,BMP6,0.1728655277840394
FUT11,TNS4,0.1727486835739778
DNAJC1,HCG20,0.1726509299578775
PROS1,RHD,0.1724691226174673
LGALS3,HCG20,0.1722982531381193
LAT2,ZNF572,0.1722686377393149
GADD45A,DDR2,0.1721431335902256
B2M,FOXE1,0.1720993233225616
HLA-DQA2,GCSAML,0.1720904786547977
ZNF707,CAPN9,0.1720069460235614
MALAT1,KRBOX1-1,0.1718849747710642
NCR3,RP11-358L4.1,0.1718627543912362
PRKCE,AC068282.3,0.1718489609253668
MYO9B,WWC2-AS2,0.1717478759049222
RAP1GAP2,CYP46A1,0.1717048339959628
FMO5,COL1A1,0.1713516344503558
RELB,TNS4,0.1713022331024273
IL3RA,TTC39A,0.1712260065096758
DNAJC1,RP11-665G4.1,0.1710848003571383
TNFRSF18,BBS5,0.1709406605657584
VAV3,GYPE,0.1708499375155764
RP11-879F14.1,RHD,0.170789480736382
CD79B,COL1A1,0.1707335480623433
PTCRA,RHD,0.1706213820515154
IL32,AL049829.1,0.1704997413573175
COTL1,CAPN9,0.1704600731709973
C12orf75,RP11-358L4.1,0.1704296986382598
TTC27,CTRC,0.1704111684676659
TGFBI,CTC-503J8.4,0.1703852603323226
TMCO3,KRBOX1-1,0.1692502608753172
TP53,RP11-524F11.2,0.168834119598727
MMD,BMP6,0.1685663312933945
S100A9,CXXC4,0.168538750034529
TUBB4B,HCG20,0.1682365412087897
PFN1,RP11-118K6.3,0.1681826285396076
UBE2Z,ZNF572,0.1678835785494828
KLRD1,VSTM2B,0.1678127291720406
FCER1G,IL10,0.1676493597697161
SUZ12,CXXC4,0.1676309791256225
FCGRT,DNAJB5,0.1675201794005277
RP11-334C17.5,BBS5,0.1673877470980175
HRH2,LAMB3,0.1672558947159677
STAT3,AC068282.3,0.1671363337320638
CDKN1A,CLDN23,0.1669327890043316
SNN,RP11-816J6.3,0.1669041114287698
TMSB4X,RP11-29H23.4,0.1668014104173441
KCNE3,IL10,0.1666689571495032
RAD54L2,CXXC4,0.166522367442805
MT-CO1,RP11-362K14.7,0.1664552222139464
SH3BP2,EPAS1,0.1662546445103808
GCHFR,CASC2,0.1661121210479
MCUR1,GCSAML,0.1660579536198551
PRTFDC1,CXXC4,0.1659179430243778
PTGER2,CTD-3194G12.2,0.165905793968968
C15orf39,EPHB3,0.1657583691443903
FERMT3,SNRK-AS1,0.1657443389338411
HLA-C,RHD,0.1656971085206969
TMEM141,CASC2,0.1656119508036478
DUSP2,AF131215.5,0.1655653100789633
MT-ATP6,NLGN3,0.1650640052077443
NAP1L5,CTRC,0.164955356226508
CD97,CTC-503J8.4,0.1648421360407065
HBEGF,FOXE1,0.1643433669536012
ID3,RP11-713D19.1,0.1642098270994428
DNAJC1,ACKR2,0.164069820563767
CD7,EPAS1,0.1637192617935999
CD40,RP11-362K14.6,0.1634748883987845
PHF21A,TNS4,0.1632700927097685
UPF1,FOXE1,0.1632207018453955
DGKZ,CASC2,0.1629976226209735
S100B,RHOV,0.1628476518863864
TMEM141,FOXE1,0.1625144212057613
GNG11,RHD,0.1623185919386172
TMSB10,AF131215.5,0.1622705316788235
PDCD7,C1orf111,0.1621294286444713
ZNF264,RP11-362K14.6,0.1619405525840059
TNFAIP2,CTC-503J8.4,0.1618771908649061
HLA-A,RP11-362K14.6,0.1616805235359542
FAM214B,RP11-524F11.2,0.1615829138319369
FTL,RP11-54O7.1,0.1614094201227912
MT-ND1,CLDN23,0.1612739356489769
MROH1,RP11-816J6.3,0.1610893508171234
STOM,LHX1,0.1610801042654101
TTC27,CTC-503J8.4,0.1610761644379394
TMSB4X,MST1R,0.160909693431085
MYL6,RIPK4,0.1605980040475911
TMSB10,RHD,0.1604528280450975
FLNA,EPAS1,0.1604326337777322
LTB,C11orf45,0.1601952552692226
STMN1,RP11-524F11.2,0.1601243254397716
BRD2,RP11-524F11.2,0.1601078417128556
EED,C11orf45,0.1600947001472292
JUN,C1orf101,0.1592933667587312
HLA-DRB5,RHOV,0.1591439286638367
IL4R,COL1A1,0.1590463693933012
NFKBIE,GYPE,0.158997090397532
PFN1,C2orf48,0.1589775612706655
ZNF264,RP11-168O16.1,0.1584855228278704
CEBPD,LHX1,0.1582017848707459
LYAR,FOXE1,0.1582013764694208
RALBP1,AC108025.2,0.1581901593884408
HLA-DPA1,RHOV,0.1577799892611609
HLA-DRB1,RP11-54O7.1,0.1573854916396583
PMAIP1,RP11-168O16.1,0.1573274979851266
RBM27,AC140481.2,0.1570932397726249
HLA-DRB1,TTC39A,0.1565033333899022
TMCO3,FOXE1,0.1562353448620992
SYMPK,EPHB3,0.1559764996550529
ZNF684,PTH2,0.1558845853133473
IFITM2,CXXC4,0.1555887085654565
IRF7,C1orf101,0.1554898862744072
PPP1R14A,RP11-665G4.1,0.1553750045423284
UPK3A,JAG2,0.1552750569134792
ATG10,CXXC4,0.1551575610465309
SYK,GCSAML,0.1547725223586611
RPF2,IL10,0.1543714243845848
TSPO,CLDN23,0.1543274885749601
MYCBP2,RIPK4,0.1542752092786496
CXCR3,VSTM2B,0.1542636077029592
RBM12B,CTRC,0.1541883081408447
FAM110A,STRIP2,0.1541616444306071
MT-CO1,EPAS1,0.1541109478805394
RHOC,CTRC,0.1540937318852575
GZMK,AC140481.2,0.1539670843149011
PDLIM1,GCSAML,0.1539312518915396
JUND,IL10,0.1539059034232809
RP11-66N24.4,WWC2-AS2,0.1537881185379359
MEF2C,CCDC81,0.153719353927355
RP5-887A10.1,ZNF572,0.1534934617469847
FERMT3,TTC39A,0.1533889170537572
PRF1,RP11-524F11.2,0.1533078334878482
CD7,EPHB3,0.1531449705229944
NPC2,TNS4,0.1531162714145445
RP3-467K16.4,FOXE1,0.153070594294796
COLGALT1,CLDN23,0.1528224718585121
ARL17B,IQSEC3,0.1524731673351831
TPM4,PTPRR,0.1523175735860563
IER2,GRIN2C,0.1522544130396654
KLF6,HSPA12B,0.1522315532972222
C9orf89,PAPL,0.152177975866272
CYB561A3,RP11-54O7.1,0.1518414748645258
RPL34,AC009312.1,0.1512110331700873
MT-ATP6,CAPN9,0.1510622459235451
TIGD3,SNRK-AS1,0.1509845775346482
PPBP,GCSAML,0.1508680199745141
HOPX,RP11-524F11.2,0.1507945300120964
MT-CO1,AC108025.2,0.1506078722852169
SLA,AC108025.2,0.150317715948906
STOM,VNN3,0.1501759649557376
HLA-DPA1,KRBOX1-1,0.1501208688628049
C11orf83,RP11-787I22.3,0.1501200678020905
RPL3,C11orf45,0.150101501620387
LRBA,CCR8,0.1496683491722368
DOCK2,FKBP9,0.1493316946340538
ALOX5AP,PAPL,0.1492625570601231
DENND6B,GCSAML,0.1491144099521153
NKAP,CTC-503J8.4,0.1490430850221349
GPR68,STRIP2,0.1490241784558517
EGFL7,SCML2,0.1487749423108252
SLC1A7,CXXC4,0.148634188679211
RP11-169E6.1,HM13-AS1,0.1486295562704157
ITGAL,RP11-362K14.6,0.1486058363241057
RPL34,RP11-54O7.1,0.1484862372298682
NEK4,CYP46A1,0.1484692601796359
ATRN,PTH2,0.1484364158037434
OAZ1,RP11-665G4.1,0.1483590800599214
AHNAK,XX-FW83128A1.2,0.1483459900830446
SNX22,SNRK-AS1,0.1482766000581389
CCR10,TMEM105,0.1482634367278687
CCL5,RP11-769O8.2,0.1482516842454653
POMC,FAM47E,0.147893094366084
RHOC,GCSAML,0.1478657463808272
SYNE2,RP11-54O7.1,0.1478174336832629
NBPF10,CTD-3194G12.2,0.1477147014624679
COMT,RP11-118K6.3,0.1477094181863951
ALOX5AP,C1orf111,0.1475630945023852
RASSF2,CCR8,0.1473110090558688
HLA-C,CTRC,0.1471095218552039
GNLY,LHX1,0.1470357666209276
GPX1,LAMB3,0.1469542855313075
MZB1,FAM47E,0.1465972653644864
RILP,RHD,0.1461874822757437
LZTR1,C1orf101,0.1461085292960331
FUOM,FOXE1,0.1459081271285438
FICD,DNAJB5,0.1454763535076881
VAC14,CCDC81,0.1453135511312302
FAM129A,RP11-118K6.3,0.1452997767004568
AXIN2,RET,0.1452510792304493
PSAP,FOXE1,0.1452001803960008
HES1,AC068282.3,0.1451182889542079
ABCA7,CTC-498J12.3,0.1451067562084282
NPC2,RP11-816J6.3,0.1451024376091731
RAB13,AC068282.3,0.1449795242858724
IL32,IQSEC3,0.144766817530599
ESAM,GCSAML,0.1447178081744952
ANXA3,RHD,0.1442375514395774
RPL34,CYP46A1,0.1442226527512225
HDGF,RP11-358L4.1,0.1441763976643332
PLCH2,ARNTL2,0.1438024485397334
HLA-DRA,COL1A1,0.1436480344349884
SNX29,IQSEC3,0.1434649874270846
PF4V1,MMP1,0.143449015820945
HLA-DPB1,C1orf101,0.1434290432083246
GRAP2,WWC2-AS2,0.1432960110109693
PLXND1,AP3B2,0.1430508996766754
SPON2,PTPRR,0.1429316516653359
FLNA,LAMB3,0.1428902902199484
WASF2,NLGN3,0.1427207864542745
ZNF468,FAM47E,0.1424154285044652
LTB,LHX1,0.1423046906124342
FCGR3A,AC068282.3,0.1421208113765199
RP11-874J12.4,RHD,0.141704506646219
TNFRSF18,LHX1,0.1416688200153452
WIPF2,AC068282.3,0.1414857371114489
IL32,CTC-503J8.4,0.1414028674255728
S100A6,LHX1,0.141358098584805
GCHFR,LAMB3,0.1412448980936634
CCL3,C1orf111,0.1411451657400406
TNFRSF1B,ACKR2,0.1410805480963457
RP11-386G11.5,FBXO30,0.1407102662956867
PTGER2,LAMB3,0.1406190036385396
CD22,AF131215.5,0.1406132477092775
WDR11,PTH2,0.1405879109527421
NMB,CTRC,0.1404916629274839
PLEKHA7,FBXO30,0.1404749337012117
TONSL,C2orf48,0.1402839997050967
TMEM176A,IQSEC3,0.1402363131336474
CDKN2D,RP11-54O7.1,0.140114547997869
DYNLT1,CTD-3194G12.2,0.1398817506199798
IER5,CTD-2192J16.26,0.1398072638114877
SMPD3,EPAS1,0.139768910545145
CD79B,CTD-3194G12.2,0.1395858400149966
HIST1H1C,RP11-118K6.3,0.1395387751565805
HLA-DQB1,NLGN3,0.1392955787631538
LYAR,VNN3,0.1392827085748583
PPM1F,PTPRR,0.1387663339075835
MT-ND1,C1orf101,0.1387601643625246
RP11-191L17.1,CTC-503J8.4,0.1386508773980922
SLC7A7,AC015971.2,0.1386061300017076
PASK,CTC-503J8.4,0.1385159624309975
PYCARD,CYP46A1,0.1383446593047022
NEURL4,CTC-503J8.4,0.138267885111979
NCR3,RP11-524F11.2,0.1382658635355692
AKAP10,PTPRR,0.1381187562908912
CCR10,IQSEC3,0.1380905084480801
FLNA,CCR8,0.1380483798308999
GTF3C1,RP11-769O8.2,0.1380304353380955
CXCR3,TNS4,0.1379627428235378
TUBB4B,C1orf101,0.1379598801470848
MT-ND1,FBXO30,0.137910132009885
NUDT16,IQSEC3,0.1377063798364962
PTPRS,TTC39A,0.1375862669566772
SLA,HM13-AS1,0.1375471856329494
IRF7,RP11-665G4.1,0.1373298395286226
PLAC8,RP4-655J12.4,0.13731739600209
CCL5,LHX1,0.1368579276852278
CCL4L1,PTPRR,0.1368541383979963
IL4R,RP11-665G4.1,0.1364926858184283
CLMN,VNN3,0.136479132077006
SYTL2,CCR8,0.136371879456347
LRIF1,VSTM2B,0.1363598027203288
CTSW,LHX1,0.1362844299960567
RAD54L2,AC015971.2,0.1361827678808596
MT-ND1,COL1A1,0.1361793691887979
CTSD,MST1R,0.1358593262595714
CAPNS1,CAPN9,0.1357469304306535
TRPC4AP,CYP46A1,0.1356985170793719
WIPF2,FOXE1,0.1356002452149422
MCOLN1,MST1R,0.1355832160346896
MCUR1,C1orf101,0.1355306470583696
TSPAN13,CASC2,0.1350280818993598
B2M,CCR8,0.1349968670244365
ITM2C,ZNF572,0.1349728061844519
PLCL2,PTPRR,0.1349447877937065
PGRMC1,AF131215.5,0.1345649791306339
FGFBP2,AC140481.2,0.1345356966934661
CTSS,AL049829.1,0.1341833521158464
JUN,MST1R,0.1337948824463946
SAT1,COL1A1,0.1337070271705796
EHBP1L1,FBXO30,0.1336319278537594
MIDN,HM13-AS1,0.133582840120959
MATK,HSPA12B,0.1335684383413874
S100A4,FAM47E,0.1335037469845819
RPL34,CTD-2192J16.26,0.133442167222956
LGALS1,RP11-524F11.2,0.1334229089789751
IER2,FBXO30,0.1331776285538367
TMSB10,CTD-2620I22.7,0.1331659093672589
IFI27L2,GCSAML,0.1331618611134861
CHM,AF131215.5,0.1328300917600631
UBR4,FBXO30,0.1325657561944922
OAZ1,AF131215.5,0.1321665521014731
KLF6,CTD-2192J16.26,0.1319993075219197
CBFA2T3,AC015971.2,0.1319229734534255
DDX42,RP1-261D10.2,0.1318920356322083
FCGRT,RP11-665G4.1,0.1317234901949558
FOXN2,JAG2,0.1316661504098595
TSPO,SCML2,0.1315481549966624
IFITM2,FBXO30,0.1314446792923105
EAF2,RHOV,0.131414440320629
IRF7,FAM47E,0.1310925986435854
RPL34,AC108025.2,0.131079131395727
PTPRS,FAM47E,0.1310003809739349
HLA-DRB1,RP11-29H23.4,0.1309332138287101
MT-ND1,KRBOX1-1,0.1305084511269258
HLA-DRB5,AL049829.1,0.1302626161919973
NCF1,FKBP9,0.1302595198765768
FCGRT,CYP46A1,0.1302054811916012
ISG15,C1orf111,0.129909826515004
PPP1R12C,AC108025.2,0.1298669713660215
FOS,AF131215.5,0.1298334178374817
CD97,RP1-261D10.2,0.1298291507352688
DYNLT1,NLGN3,0.1297124344529235
SLC12A2,ADAM20,0.1296804366101788
RP11-468E2.4,FAM47E,0.1296646994236355
NIPAL4,COL1A1,0.1294975080246807
PFN1,IL10,0.1293812194827629
FYN,FBXO30,0.1288284526813746
NKG7,CTD-3194G12.2,0.1288172676261901
OASL,VSTM2B,0.128787681224931
KIAA0368,RP11-787I22.3,0.1287325309199679
YBX3,AC108025.2,0.1286908287822293
BCL2L1,AC140481.2,0.1284599146219014
BAIAP2-AS1,AC000068.5,0.1282932620614152
MPP1,CTD-3194G12.2,0.1281881079938474
OAZ1,AC108025.2,0.1280225148774963
IER5,COL1A1,0.1278452282750369
PSAP,AC009312.1,0.1278365733142537
MEFV,GPR153,0.1276319335104462
GNAI2,CAPN9,0.1276307328907102
PRKAR2B,AC009312.1,0.1275189686053714
IGJ,TTC39A,0.1270007576690036
JUP,CTD-2620I22.7,0.1266415325672678
ZNF155,CTRC,0.1265734175640696
PFN1,KRBOX1-1,0.126517973267297
NXF1,FOXE1,0.1265055478107929
HLA-C,FAM47E,0.1264771719722269
SYNE2,COL1A1,0.1263814179047507
B2M,CTD-3194G12.2,0.126254709557604
TNFRSF1B,RP11-362K14.7,0.1261476804085554
LY86,PDE1A,0.1257489107235711
POMC,FOXE1,0.1253242200692168
MTPN,C1orf101,0.1253118027558032
PATL2,RP11-362K14.6,0.1252641117597638
GNPTAB,C1orf101,0.1252504207388729
FTH1,TNS4,0.1251942324987959
ZYX,TTC39A,0.125191537064791
KCNG1,RP11-511B23.2,0.1250103327367386
VMO1,RP11-511B23.2,0.1249394996078094
RBM27,CTD-2619J13.3,0.1247779972770432
RP11-479G22.8,SNRK-AS1,0.1246587284016522
RBP7,RP11-29H23.4,0.124642099571011
FEZ1,VSTM2B,0.1246308929807594
POMC,CTD-2619J13.3,0.1243760608906526
RBM27,IQSEC3,0.1241353629777277
B2M,RP11-118K6.3,0.1241054823227329
CELF1,AC000068.5,0.1240532969720365
HLA-DMB,CTD-3194G12.2,0.1239573585125337
ENDOD1,CTD-2619J13.3,0.1237093419736225
KIF2A,BMP6,0.1235743470113622
PYCARD,FAM47E,0.1234599990566188
CLDN5,BMP6,0.1234084469626346
KIF2A,VSTM2B,0.1233499873041274
EPHB6,RP11-524F11.2,0.123098118543015
MLH3,HCG20,0.1230272033175346
CBFA2T3,FAM47E,0.1229050612364823
ATG2A,CTC-503J8.4,0.1229031333684056
CLIC3,TNS4,0.1226619098956275
HTT,RP11-54O7.1,0.1226601178183254
TK1,C2orf48,0.1226422005391717
PIP5K1B,HM13-AS1,0.1224311421441323
GPX1,TTC39A,0.1222684566564249
FAM110A,HCG20,0.1221486318922157
SOCS4,AL049829.1,0.1221208036067028
PSAP,DNAJB5,0.121967566754329
HELB,IL10,0.1218001404653788
PPP1R12C,ARNTL2,0.1217534800065631
RPLP1,PAPL,0.1217531415816084
HIST1H2AC,BMP6,0.1217482740285766
ARID5B,RP11-362K14.7,0.1217451739261346
HLA-DQA1,COL1A1,0.1217448521416125
APOBR,RP11-168O16.1,0.1217325296257788
HLA-A,AC068282.3,0.1215863922508344
RP11-849F2.8,HM13-AS1,0.1213669756723214
HIST1H1C,CTD-3194G12.2,0.1212797521648046
IL4R,CTD-2620I22.7,0.1210617705848914
CTD-2270L9.4,RP11-196O16.1,0.1209747532496795
SLC26A6,XX-FW83128A1.2,0.1208182586081451
LILRA2,TMEM105,0.1203564362681937
STAT3,FBXO30,0.1199977560342739
PPIF,CXXC4,0.1199111334568084
ARHGAP24,RP1-261D10.2,0.119675746474375
CD74,RP11-362K14.6,0.1194913990431531
ACTB,RP11-362K14.7,0.1193870305329338
RPL34,IL10,0.1193723086065162
CD300A,GPR153,0.1192123129011107
WBP2,AC140481.2,0.1190194224362999
PTGIR,JAG2,0.1188817783159066
FTH1,FAM47E,0.1188590506400184
TNFRSF1A,DDR2,0.1188215600379303
SYNGR1,VSTM2B,0.1180966109357052
MT-ND2,CTD-2620I22.7,0.1180421311330969
EXTL3,RP11-665G4.1,0.1179594317941807
AKAP13,C1orf111,0.1178493091998132
CAPN12,IQSEC3,0.1174971749869836
MT-CO1,FOXE1,0.117240434827612
PLEK,C1orf111,0.1169907463540778
FGFBP2,C1orf111,0.1168554912418832
NELFB,RP11-524F11.2,0.1167605198984138
S100A4,CASC2,0.1164653286233902
YWHAH,CXXC4,0.1164300200818222
ALOX5AP,CCDC81,0.1163534304299424
COTL1,RP11-362K14.6,0.1160557616609377
PTRH1,PTH2,0.1159245990095663
PDZD8,HCG20,0.115743072947897
RP5-1028K7.2,ADAM20,0.1155710131701888
CTSW,HCG20,0.115420930833169
PGRMC2,RP11-362K14.7,0.1153087916005417
FOSB,ADAM20,0.1152632711365075
ARID5B,PTPRR,0.1152611267080247
FHL3,BBS5,0.1150531472209866
RCE1,RET,0.1150332444732246
GSTP1,RP11-816J6.3,0.1149794161822593
PRR5L,TNS4,0.1149740074512475
SAMD3,AC140481.2,0.1143295823036927
FGFBP2,RP1-261D10.2,0.1143161711543041
QTRTD1,HCG20,0.1141248155653754
TACC1,ADAM20,0.1139893494897423
ITGAM,KRBOX1-1,0.1139319955651219
LYL1,BMP6,0.1139017142807135
RP11-472N13.3,JAG2,0.1139013571970943
C9orf89,RP11-362K14.7,0.1138906154366145
S100A11,C1orf101,0.1138420849226271
C4orf48,DDR2,0.1135471725292936
DTX2,CAPN9,0.1134932207781994
IRF5,AC108025.2,0.1134567604805129
TST,RP11-665G4.1,0.1134146074090801
ACTB,CTD-2619J13.3,0.1133363425144353
CD74,CYP46A1,0.1131341057818562
CCR10,PTH2,0.113123286008365
FCER1G,KRBOX1-1,0.1130960935611269
ATP6V0A1,RP11-511B23.2,0.1129863310715515
CCNY,RP11-665G4.1,0.1128335663734754
RSF1,SCML2,0.1127622827872439
NNT,PTH2,0.112624593045099
CAST,AC009312.1,0.1122009692108155
AKNA,AC140481.2,0.1120544236085139
TMEM141,GYPE,0.1120278526043442
VIL1,RET,0.1119638881649494
CDKN1A,JAG2,0.1119155712260879
IL17RA,CTC-503J8.4,0.1118834507232359
WASF2,TNS4,0.1116726399172923
ITM2C,FAM47E,0.1115877761886624
ZMYND8,RP11-816J6.3,0.111440535718861
HLA-DPA1,AL049829.1,0.1113626907140521
ANXA2,AC009312.1,0.1113191916394169
KIAA0226L,LHX1,0.1112515597174751
ARID5B,CXXC4,0.1111977739709579
THAP6,SNRK-AS1,0.1111685267383035
GLIPR2,ADAM20,0.1111027691420725
HLA-DRB5,FAM47E,0.1110518876349832
FOS,FOXE1,0.1108580061274987
CARS2,CTD-2192J16.26,0.1108179308009668
MT-ATP6,AC140481.2,0.1106725623662704
C7orf50,EPAS1,0.1106088890716004
OAZ1,PTPRR,0.1104961171072557
FOS,EPN2-AS1,0.1104763723576989
TMSB10,GRIN2C,0.110432207206749
IER2,COL1A1,0.1104149651753707
TUBA4A,ARNTL2,0.110387784486682
HLA-C,TTC39A,0.1102726038772039
RAD54L2,RP11-713D19.1,0.110188634698198
C19orf59,IL10,0.1100741460335053
IL32,HM13-AS1,0.1100230892764081
ARHGEF9,WWC2-AS2,0.1100101396905311
IER2,AC140481.2,0.1098245405824155
LEPREL4,MST1R,0.109521061032064
MAX,NLGN3,0.1091725779125075
PIP5K1B,JAG2,0.1090870549459195
HLA-DQA1,C11orf45,0.1090508878208989
CLIC3,CYP46A1,0.1089711291478849
RPLP1,HCG20,0.1089245641436787
TPST2,TNS4,0.1088008089099862
HLA-A,CTD-3194G12.2,0.1087132112239927
PLCL2,RP11-511B23.2,0.1086142393647009
RP11-326I11.3,C1orf101,0.1084489043495612
EVA1B,EPHB3,0.1084486227743221
QTRTD1,PTH2,0.1081110429652592
BLK,RHOV,0.1081109788156887
SEC14L5,MMP1,0.1080140131658718
MYCBP2,VNN3,0.1079540055702514
S100B,RP1-261D10.2,0.1077741474479621
MS4A7,FBXO30,0.1076745329480834
IGF2R,CCDC81,0.1076610520953513
HLA-DRB5,AC140481.2,0.1076390322255685
GNPTAB,RP11-29H23.4,0.107627711157757
FAM212A,RP11-816J6.3,0.1076214877490354
TLN1,AC140481.2,0.1076198255082331
RSAD2,JAG2,0.107081762236936
RPLP1,CTD-3194G12.2,0.1068403282823398
CST7,JAG2,0.1067593966054187
RPL3,WWC2-AS2,0.1067402861194239
CD14,C11orf45,0.1064936996788493
EPHB6,ZNF572,0.1061375177190351
TRIM7,C1orf101,0.1061278461015002
TNNT1,TMEM105,0.1059914403314752
CTD-2547L24.4,DNAJB5,0.1059744303087783
SMG5,EPAS1,0.1059259623557857
SAT1,RP11-362K14.6,0.1059161124295555
ARHGEF9,CTD-3194G12.2,0.1056787785714421
FCER1G,RP4-655J12.4,0.1056389227117483
NEXN,BMP6,0.1055683839965416
RPL3,AC140481.2,0.1054909572533256
DENND4C,BMP6,0.1052183380426508
HLA-A,CASC2,0.1051274724427716
MRM1,KRBOX1-1,0.1051108500059518
SRPK2,TNS4,0.1049529751442896
KIF2A,DNAJB5,0.1046494262596948
APOBEC3G,RP11-276E15.4,0.1046250259730721
BRD2,NLGN3,0.1044680238400539
TSPO,CTD-2192J16.26,0.1043175506858598
NPC2,HSPA12B,0.1040685346741488
CEP85,RP11-713D19.1,0.1040392747010303
GZMB,CTRC,0.104016255891558
GRN,ARNTL2,0.1039690853051708
LGALS3,PTH2,0.1039597520645387
CD22,COL1A1,0.1039538022177984
CCL4,RP11-358L4.1,0.1037000304773966
PGRMC2,EPHB3,0.103571844218052
LGALS1,ACKR2,0.1035449816932196
SULF2,SCML2,0.1033905266952108
YWHAH,RHOV,0.1031910671244741
NPLOC4,RP1-261D10.2,0.1031049363876574
ZBTB34,LAMB3,0.1029344966145841
HLA-C,RP1-86C11.7,0.1028676359524575
ALOX5AP,TNS4,0.1028648609801012
FUOM,ADAM20,0.1027780534709624
CST7,RP11-118K6.3,0.1027277416663767
TRIM24,RP11-713D19.1,0.1024789564303589
AKAP9,PTH2,0.1023792649089679
B2M,PTH2,0.1023186873091154
C12orf75,KRBOX1-1,0.1022574292443269
SAT1,AC015971.2,0.1022390674958136
PLAUR,CYB5R2,0.1021996819134757
JUN,RP11-168O16.1,0.1020644596180222
LMNA,JAG2,0.1020370350228814
CD8A,AF131215.5,0.1013553444207849
TMSB10,RP11-362K14.7,0.1013117672796487
ITGAL,CTRC,0.1012339040572777
TMEM140,MST1R,0.1011880789722217
HDGF,PDE1A,0.1011768522527951
PSAP,RP11-511B23.2,0.100951121230174
ARID5B,HSPA12B,0.1009044215279288
AKAP1,CTRC,0.1005695993864943
AC115618.1,SCML2,0.1005412577913996
C19orf40,AC015971.2,0.1002717637582096
CD63,BBS5,0.1002717595149835
HIST1H1C,RP11-168O16.1,0.1001548010135995
CTNNA1,AC068282.3,0.0999745387935781
MARCH2,CXXC4,0.0999023454904408
S100A6,SCML2,0.0996067992858449
GRAMD4,XX-FW83128A1.2,0.0994777954948924
TP53,RP11-358L4.1,0.099466161800372
CCR10,HCG20,0.0992952970250985
MT-ATP6,AF131215.5,0.0992167525347381
ZNF576,GCSAML,0.0991907398434353
PTTG1,IL10,0.0991885236322951
HMOX1,RET,0.0991652373591431
ALOX5,RHOV,0.0989632409383742
C19orf40,TNS4,0.0989612960063265
ADRBK1,PTPRR,0.0987961187317177
IQGAP2,JAG2,0.098565765530816
ZNF470,C11orf45,0.098434040387683
PSAP,CTRC,0.0983340250616173
CWC25,C1orf101,0.0981202044828979
VIM,PTH2,0.098049634752412
ZDHHC19,ZNF572,0.0978767398048086
CTSD,ARNTL2,0.0978281716361532
BLNK,AF131215.5,0.0977845262593864
BTBD6,ESPL1,0.0973194480328509
EMR2,RP11-511B23.2,0.0972719208639949
LRIF1,JAG2,0.0972382820716904
LMO2,RP11-524F11.2,0.0972021552896856
RNF19B,CTD-2620I22.7,0.0971867733430976
FGFBP2,HM13-AS1,0.0971376908869298
DUSP1,HCG20,0.0971268731455992
LIMS1,BMP6,0.0969824907047554
IL2RB,MST1R,0.0968344402590053
LILRA3,RP11-511B23.2,0.0963155777630721
MYCBP2,TNS4,0.0962502108913074
SLC15A3,RP11-524F11.2,0.0961193949235465
RAB11FIP1,JAG2,0.0961034698943667
HLA-DPB1,WWC2-AS2,0.0960492643530087
PTMS,RP11-713D19.1,0.0959950376896068
RNF130,BBS5,0.0959888757350154
CTDNEP1,AC068282.3,0.0959241772006991
CD8B,AF131215.5,0.0958922856224407
JAKMIP2,RP11-713D19.1,0.0958637551981462
PLAC8,CAPN9,0.0955696594504615
IER2,KRBOX1-1,0.0954741517581513
UBE2F,CAPN9,0.0952042510741646
IER2,BMP6,0.0950525391370663
LINC00936,RP11-196O16.1,0.0949690075477274
MAX,SNRK-AS1,0.0947481497791079
ODF3B,CTD-2619J13.3,0.0944089871265379
CFP,ARNTL2,0.0943600889937858
CTD-2357A8.3,RP11-816J6.3,0.0941724616390609
AKAP10,RP11-769O8.2,0.093869931078619
ACTB,AL049829.1,0.093763168853223
ARHGAP10,CYP46A1,0.0936794819184549
PSD3,MMP1,0.0936450647881838
IFI27L2,IL10,0.0936290630183286
IQGAP2,PTH2,0.0936284231443852
HLA-DQA1,AC015971.2,0.0936242327944301
YPEL1,RP11-196O16.1,0.0935825494757906
CDC42EP3,RP11-511B23.2,0.0934478132644424
KLRD1,RP11-196O16.1,0.0934080601253311
FGFBP2,CTRC,0.0933855290440139
AIF1,JAG2,0.0932882612230559
RP11-401F2.3,DDR2,0.0932334563421469
TMTC1,RET,0.0930974130050788
CTSD,SNRK-AS1,0.0929295820481727
TTC38,RET,0.0928515694038754
EAF2,ZNF572,0.0926115345354647
NEURL4,AP3B2,0.0924603714960239
CD101,CYB5R2,0.0924061575258595
CRIP2,RP11-196O16.1,0.0923477454314939
TYMS,ESPL1,0.0923089499716718
PLEK,ACKR2,0.0918191741466089
BRD2,ARNTL2,0.0918131776440693
NCF1,AC009312.1,0.0917444993744379
DENND1B,PTH2,0.0914696837000969
MIR142,AC068282.3,0.0913764751530442
TTC7A,JAG2,0.0912038537182882
MBP,AF131215.5,0.091188184017375
KLRF1,RP3-323N1.2,0.0911683400834499
CD97,AC140481.2,0.0911094199447188
CD79B,CYB5R2,0.0909310308598825
TLE3,NLGN3,0.0909225573858347
FCGR3A,CCDC81,0.090679962547205
MYL6,SNRK-AS1,0.0902867215755582
PILRA,RET,0.0902363431561422
KIF1B,IL10,0.0899902176568153
AL627309.1,GCSAML,0.089759231301997
CCL4,CTRC,0.0897046814185738
FAM212B-AS1,BMP6,0.089478283921092
ARHGAP4,PTPRR,0.0894740034088989
WASF2,STRIP2,0.0893769981506185
MT-CO1,RP11-524F11.2,0.0891978439538096
GCHFR,RP4-655J12.4,0.0888443315861207
COTL1,IL10,0.088723356701163
DNAJC5,RP11-713D19.1,0.0886942323089672
CTSW,AF131215.5,0.0884775694782857
C9orf89,LHX1,0.0884071853733538
LINC00936,AC108025.2,0.0880229558770352
TK1,ESPL1,0.0880011211793784
CST7,RP11-816J6.3,0.0877887201262153
IER2,CAPN9,0.0876164325640674
LAIR2,C11orf45,0.0876055666832143
TSEN54,RP11-196O16.1,0.0874752453682233
APOM,FAM47E,0.0873507107912482
RPAP3,RP11-511B23.2,0.0872644345232172
RP9,C1orf111,0.0872560648629616
GOLIM4,LAMB3,0.087106092666195
HLA-DQB1,CLDN23,0.0870026329452081
NCKAP5L,DNAJB5,0.0868681149136288
EIF4EBP1,JAG2,0.0867348072639989
CD97,FOXE1,0.0865001251921487
HCK,DNAJB5,0.086412752907479
KLF6,FBXO30,0.086308281901812
SMAD1,CTD-2192J16.26,0.0862721974175173
PDE4A,RP11-713D19.1,0.0860953660264041
SFXN5,CAPN9,0.0859716971215754
GSTP1,CTD-2619J13.3,0.0858782172932226
KBTBD6,FOXE1,0.0858565538185675
RPP25L,RP11-118K6.3,0.0856807664944846
TSPO,HCG20,0.0855801838149301
ASGR2,RP11-665G4.1,0.0853169145369528
EPHB2,AC015971.2,0.0850997165528851
AVP,SCML2,0.0850816991044849
PTPRN,EPAS1,0.0850090616457343
ARHGEF11,AC015971.2,0.0847735926760357
EGFL7,BMP6,0.0847524377031784
ITGAL,SNRK-AS1,0.0847019714767511
PTGDS,PTPRR,0.0846553835533268
GP6,MMP1,0.0845839077995378
LST1,RP4-655J12.4,0.0845220803478965
GRN,FOXE1,0.0845093003301394
SELPLG,CTD-3194G12.2,0.0844160531204719
RBM11,DNAJB5,0.0843988383864439
NGFRAP1,CTC-503J8.4,0.0843538321895505
RP11-505K9.1,JAG2,0.0842043236765557
LYZ,RP11-118K6.3,0.084162950035269
BMP1,FBXO30,0.0841225583856239
CRIP2,FOXE1,0.0841211263574932
C4orf48,C1orf101,0.0839782474827699
PACSIN2,AC009312.1,0.0838929486179942
HCK,RP11-511B23.2,0.0838332093957675
BRI3,AC108025.2,0.0836710722798721
MALAT1,RP11-524F11.2,0.0836183398303488
VSIG8,AF131215.5,0.0834257211672426
SCT,TTC39A,0.0833575226834937
SPON2,TNS4,0.0833308124041432
GRN,AL049829.1,0.0833199651980101
AGTRAP,AC009312.1,0.0832997797227455
COMT,COL1A1,0.0832420178998884
UBE2F,RFX8,0.0830970495665683
FOS,NLGN3,0.0830379521751139
S1PR5,KRBOX1-1,0.0830019403642975
CSF3R,AP3B2,0.0828476392680513
ISG15,CAPN9,0.0827029274569842
FLNA,VSTM2B,0.0826763628269368
MVB12B,AP3B2,0.082594255632839
PFN1,TNS4,0.0824147955481656
WASF2,RP11-54O7.1,0.0824113971719245
HLA-A,CTC-498J12.3,0.0822409550162883
TREML1,RHD,0.082240339441801
MVB12B,AF131215.5,0.0820549282054007
MT-CO1,LAMB3,0.0820191881145619
ZNF366,HSPA12B,0.0820079983585649
NOTCH1,RP11-787I22.3,0.0816882180448252
RP11-73K9.2,FBXO30,0.0815499464173188
B2M,RP11-787I22.3,0.0815445077008448
S100B,RP11-713D19.1,0.0815411194530186
SLC10A3,RFX8,0.0815196943923268
SRPK2,FOXE1,0.08125910727151
CD79A,CTD-2620I22.7,0.0809660968553194
C14orf80,CLDN23,0.0809236353713988
PEAR1,BMP6,0.080916677332629
FCER1G,RP11-769O8.2,0.0806136515315456
PRSS23,RP11-713D19.1,0.0804547522595638
RPLP1,RP11-168O16.1,0.0804164054186568
ATP2A2,EPAS1,0.080363486048927
FTH1,RP11-362K14.7,0.0799436307124777
RAI1,RP11-196O16.1,0.0797859895817059
IRF8,C1orf111,0.0797461370939563
OAZ1,RP11-816J6.3,0.0796282877049588
OAZ1,TNS4,0.0795288784050528
INTS1,CCR8,0.0792697781260416
HLA-DQB1,RP11-524F11.2,0.0787949249758323
BOD1L1,PTH2,0.0787070077262008
TCHP,RIPK4,0.078663911006697
INPPL1,RP11-524F11.2,0.0785479703729016
TP53BP2,CCR8,0.0785096070618604
SLC43A2,GRIN2C,0.0784945490957302
GSTP1,JAG2,0.0784907251609629
SLC19A1,AC068282.3,0.0784471417502964
DMTN,AC140481.2,0.0784414691795663
PYHIN1,RFX8,0.0783156313737546
PDCD7,CTC-498J12.3,0.0782980979449241
RCE1,RP1-261D10.2,0.0782943816752826
IL10RB-AS1,TTC39A,0.0779639827962779
ZNF707,TMEM105,0.0779476917223
MYO9B,AC068282.3,0.0779470507574153
RP11-282I1.1,TTC39A,0.0778514734822646
CD7,CASC2,0.0777571611427722
LGALS1,CXXC4,0.0776650689440012
GCHFR,SNRK-AS1,0.0774875346016861
TMSB4X,RET,0.0774699354053358
CTSD,FOXE1,0.0773579022202748
MXD1,AC000068.5,0.0773062772174408
RPAP3,ESPL1,0.0772839640609364
R3HDM2,FOXE1,0.0771931392460236
TREML1,MMP1,0.0771556317086794
CAST,FBXO30,0.0771436208109521
ZNF467,AC015971.2,0.0771283477304758
BIRC3,HCG20,0.0770698627585438
HRASLS,RP1-86C11.7,0.0770516308757308
LYZ,HCG20,0.0770335345023528
VIM,PAPL,0.0767931006917643
RUFY1,ZNF572,0.0767739993922282
ASGR1,RP11-29H23.4,0.0766091989098996
C7orf50,CYP46A1,0.0765783346185427
RRBP1,AC015971.2,0.0764941411662129
CLEC4F,AC015971.2,0.0763677527451569
RPL34,RP11-713D19.1,0.0759953334127529
MYO6,AC140481.2,0.0759440393409575
MCUR1,CTC-498J12.3,0.0759258537849404
JAKMIP2,GPR153,0.0759236512748852
MFSD1,AC000068.5,0.0759030036304262
HLA-A,PDE1A,0.0757987825712367
PYHIN1,TNS4,0.0757497795014645
ZDHHC19,AC015971.2,0.0755826013793911
SIK3,RP11-358L4.1,0.0755574289162367
PFN1,IQSEC3,0.0755497928658067
RPL3,AC000068.5,0.075544063788164
AC016586.1,ESPL1,0.0754844854126791
SZT2,AL049829.1,0.0748707743758085
RP11-649A18.12,CTD-2192J16.26,0.0748078965691249
IFITM2,LHX1,0.0746257059706137
GCLC,FOXE1,0.0745149153783078
PFN1,HCG20,0.0744402182937687
ANXA2,ESPL1,0.0741859263056444
FTL,RET,0.0741522681099104
IER5,CXXC4,0.0740936403807194
S100A4,KRBOX1-1,0.0740461954233508
MS4A7,RET,0.0740364715904916
CD74,HSPA12B,0.0738026367829193
ID1,RP11-168O16.1,0.0737241414300554
C1orf177,C2orf48,0.0735159167981922
WASF2,RFX8,0.0734617860692171
CDKN2D,CTD-3194G12.2,0.0734010040416793
LYZ,AC015971.2,0.073366944682009
CDKN2B,RET,0.0733574381848826
GGA1,C1orf101,0.0733549784082002
RBM27,AL049829.1,0.0731794452622201
SYNGR1,CLDN23,0.0731250782193105
STMN1,C2orf48,0.0729048667237474
TMEM205,ESPL1,0.0728601591822326
MFSD2A,RP4-655J12.4,0.0726306751049006
SERPINF1,AC015971.2,0.0724493072272673
RPL34,HCG20,0.072415446055135
CD97,C11orf45,0.0724036602727045
MT-CO1,AF131215.5,0.0722815916860467
ADAP1,AC009312.1,0.0722606175802188
THAP6,PTPRR,0.0722596913586229
ITM2C,RFX8,0.0722410087140013
ARID5B,RFX8,0.0721588096528876
LILRA4,TTC39A,0.0720705910817455
OAZ1,PTH2,0.0720085900505219
SNCA,AC015971.2,0.0719727036396574
VLDLR,FAM47E,0.0719557310045441
FTL,CTD-2192J16.26,0.0718366704159481
FAM212B-AS1,RHD,0.071775578701095
APOBEC3G,RHOV,0.0717389661060355
AIF1,HSPA12B,0.0716340482887617
LGALS1,AP3B2,0.0715806662868719
GPATCH2,ESPL1,0.071491955816403
RPL34,RP11-362K14.6,0.071480292312785
SERPINA1,DNAJB5,0.0714382547902621
YWHAH,PTH2,0.071432295106185
SIGLEC7,CXXC4,0.0714279220990879
CTSZ,FBXO30,0.071355656661433
CTSW,RP11-713D19.1,0.0713257534753201
KIAA1522,IL10,0.071298212488389
CELF1,IQSEC3,0.0712328301796032
HLA-A,FOXE1,0.0709914375549886
NGFRAP1,AF131215.5,0.0709665347293577
DGKZ,DDR2,0.0709629338174846
S100A11,LAMB3,0.0708019997561673
C1orf233,ESPL1,0.0707401475632879
RAB31,PDE1A,0.0706211442459371
USP42,RFX8,0.0706184525294324
NAGK,RP11-276E15.4,0.0705781137198774
GLIPR2,RHD,0.0705404991153926
AVPI1,CLDN23,0.0705196890136429
RUFY1,KRBOX1-1,0.0704882131304676
C11orf68,BBS5,0.0704574342660467
CEP44,XX-FW83128A1.2,0.0704476773376419
LYZ,RP11-816J6.3,0.0701625128028334
FCGR3A,RP11-713D19.1,0.070070708557573
FAM212A,AL049829.1,0.0699744976998309
IFITM2,RP11-358L4.1,0.0698072473269081
LST1,RET,0.0697579223617038
RPL3,RHD,0.0695391975303356
EXD3,RP11-787I22.3,0.0694737902671308
RAPGEFL1,C11orf45,0.0693087332921561
ARID5B,EPAS1,0.0692120237995108
PPP1R12C,ESPL1,0.069157696602299
FCGRT,CTD-3194G12.2,0.069074791958889
HBG2,RHD,0.069066900036434
CCDC88B,CTD-2192J16.26,0.0689655178984949
RNF130,AL049829.1,0.0688001923914462
CTSW,RP11-816J6.3,0.0687662788039784
C1orf35,RP11-168O16.1,0.068572965389997
TIGIT,HM13-AS1,0.0685003415398645
AHNAK,GPR153,0.06833379154586
RP11-505P4.7,RFX8,0.0683020626845978
RPL3,EPN2-AS1,0.0682739192924688
HLA-DRA,AC015971.2,0.0682662438677007
LRIF1,C11orf45,0.0682117937363864
FCRL6,BBS5,0.0681875983053001
CYB561A3,PDE1A,0.0680537661408421
HLA-DQA1,AC000068.5,0.0679784864433353
ARHGAP26,RET,0.0679178633167535
MNDA,ESPL1,0.0679120990405288
CD72,PTPRR,0.0678916404235396
RNASEK,RP11-524F11.2,0.0677824948840563
MFSD1,AC015971.2,0.067624976141165
MB21D1,RP11-816J6.3,0.0673978298584541
MT-ND1,RP11-816J6.3,0.0673838368139015
CYTL1,RP1-86C11.7,0.0673718844984501
VIM,RP11-713D19.1,0.0673280953076283
TMSB4X,CTC-498J12.3,0.0672940697350456
KIF2A,AC000068.5,0.0672523218319585
ACTB,CTD-3194G12.2,0.06724974420034
RP11-66N24.4,STRIP2,0.0672458680246314
CHAC2,ESPL1,0.0671942974544499
CD7,FKBP9,0.0669312459762398
DUSP2,FOXE1,0.0668915119003015
FTL,RP11-713D19.1,0.0666957091222247
TP53,FAM47E,0.0666391514010013
CYB561A3,AC000068.5,0.0666241008677088
GIGYF2,EPN2-AS1,0.0665907394143473
FCGR2B,PDE1A,0.0665728181677453
RP11-291B21.2,FAM47E,0.0665331144523176
MATK,RP11-276E15.4,0.0664833652091167
SCAPER,RP11-816J6.3,0.0663364911359127
NCF1,ACKR2,0.0662897798037286
CTSD,KRBOX1-1,0.0661642844614389
CTSZ,RP11-816J6.3,0.0660566130358524
CTD-3074O7.12,WWC2-AS2,0.0660318001474993
PDXK,EPAS1,0.0660284757884788
PTGDS,HM13-AS1,0.0660168088394999
MIR4453,AC000068.5,0.0659495062565673
FCER1G,CTD-3194G12.2,0.0659114734544802
MYL6,AC009312.1,0.0658291443314379
GSTO1,AC015971.2,0.0657670212378226
FPR1,CASC2,0.0656845409298262
MALAT1,C1orf101,0.0656584977125432
HLA-DRB1,AC015971.2,0.0655958585015315
AGTRAP,FOXE1,0.0654052223050597
RNF130,AC000068.5,0.0653563857888934
DUSP1,HSPA12B,0.0652519926283085
UNC93B1,ESPL1,0.0651686549310475
TMSB10,CTC-503J8.4,0.0650836040777713
ADAP2,AC015971.2,0.0650298519194717
MIR24-2,AC015971.2,0.0649419120777135
PHLDA2,COL1A1,0.064915670599446
CST7,CTD-3194G12.2,0.0648935572669328
ERCC6L,AC108025.2,0.0648381943649807
CTSA,CTD-2619J13.3,0.0648232203456484
DNAJC1,RP11-787I22.3,0.0648070830455308
PPP1R12C,RP11-816J6.3,0.0647420864427043
ACTB,ACKR2,0.0646354418637766
MAX,VNN3,0.0645558551604775
FAM212B,RHD,0.0644798417756857
ARRB1,ESPL1,0.0644075290776121
STXBP5,GPR153,0.0643011473899751
ASAP2,RHD,0.0641029983663489
MAX,TNS4,0.0640666700498172
VTI1B,CTD-2619J13.3,0.0640660690275346
RBM27,CXXC4,0.0640211946431476
PI4K2A,RP11-362K14.7,0.0639449078193348
RP11-690G19.3,TNS4,0.0638381802349081
S100A11,CTD-2192J16.26,0.0637297692292595
RNASEK,ESPL1,0.0636390899189243
NFKBID,RHOV,0.0635687624843853
ABI3,KRBOX1-1,0.0635568168421303
HRH2,RP11-362K14.6,0.0634621474500359
IQGAP1,RP11-816J6.3,0.0634537189244502
GPR137C,RP11-29H23.4,0.0634215494732333
DGKZ,RP11-276E15.4,0.0633125915553494
S100A11,CAPN9,0.0632908797762666
SCAPER,ESPL1,0.0632456469490832
CD74,AP3B2,0.0632438045955701
LCN12,FAM47E,0.0632021719967248
RBM27,AC000068.5,0.0627527422056194
SULT1A1,RP11-118K6.3,0.0627279369594351
TUBA1C,RIPK4,0.062717821000168
FERMT3,C11orf45,0.0626748554027398
BANK1,RHD,0.062533257809918
IRF8,AC108025.2,0.0623803937789745
SNORD3B-2,AC000068.5,0.0623196131525138
ANXA2,RP11-524F11.2,0.062308133473515
NCR3,KRBOX1-1,0.062292036189023
PFN1,RP11-358L4.1,0.0622512573768418
PSEN2,AC140481.2,0.0621993875064924
FCN1,RP11-816J6.3,0.0621909899088167
GZMA,CCDC81,0.0621813906415531
TPST2,CTRC,0.0619572504473068
GLIPR2,AC108025.2,0.0617150800002748
CD8A,ESPL1,0.0617030385204801
GSTP1,AL049829.1,0.0616924705152231
CUEDC1,DNAJB5,0.0616240621904446
LPP-AS2,DNAJB5,0.0616199431930548
SMOX,EPAS1,0.0615334286566164
CLIC3,MST1R,0.0614601326635593
MALAT1,RP11-118K6.3,0.0614488138383331
CNRIP1,RP1-86C11.7,0.0614170824325249
RPL3,RP11-362K14.6,0.0612852159858089
MYL6,RET,0.0612786589942388
CMTM5,RHD,0.0612718236455853
CWC25,RP11-196O16.1,0.0612292629382541
TPM2,RP11-816J6.3,0.0611714770065786
FAM26F,RET,0.0611556977203537
RPLP1,AC000068.5,0.0610794503221077
CD68,RP11-816J6.3,0.0609533892075617
OASL,WWC2-AS2,0.0608759244335822
SELPLG,RP11-524F11.2,0.0608629587048933
DENND1B,RFX8,0.0608251787661566
CMIP,RHD,0.060800896283877
GNAZ,MMP1,0.0606474170853659
B2M,FBXO30,0.0605530917929821
CDKN2D,CTD-2192J16.26,0.0604923405226636
FYN,CASC2,0.0602870322040144
LRFN4,VSTM2B,0.0602641818801788
NKG7,CXXC4,0.0602374715969283
EGFL7,RHD,0.0601948697312205
PFN1,AC108025.2,0.0601902884419109
TCHP,AP3B2,0.0599677459226967
CTBP2,RET,0.0599121145815211
IL17RA,AC009312.1,0.0598983759473948
TUBA1C,FOXE1,0.0598670954671321
MYCBP2,AC015971.2,0.05984008693056
MB21D1,EPAS1,0.0598319321576459
GZMB,HCG20,0.0597547512246516
COPRS,RP11-196O16.1,0.0595663644492179
LRP1,TMEM105,0.0595074396196576
PTPN11,DNAJB5,0.059457747005982
TBX21,KRBOX1-1,0.059447683434963
CTSW,KRBOX1-1,0.0593316620497909
ITGAX,JAG2,0.0593059026661005
MT2A,GRIN2C,0.0592799255326399
ADRBK1,BBS5,0.0592371217459339
ACTB,KRBOX1-1,0.0590756988814035
BIRC3,RET,0.0588122032159049
ZNF114,RET,0.058749380929136
HLA-DMA,RP11-196O16.1,0.0586167340581701
FANK1,ARNTL2,0.0586118187804415
SLC12A9,RET,0.0586070807268294
STAT3,JAG2,0.0585768538566877
RP11-73G16.2,TTC39A,0.0585596869392507
RP5-1028K7.2,FOXE1,0.0584895927668342
MBP,ESPL1,0.0583916429221056
BATF,GPR153,0.0582921167601074
FAM221B,TTC39A,0.0582909148090525
RPLP1,IQSEC3,0.0581551839268248
PASK,AC000068.5,0.0578849837405519
TIMP1,TMEM105,0.0578425681051613
MALAT1,AC140481.2,0.05759455955781
SYMPK,AP3B2,0.0574709713836334
C1orf21,IL10,0.057160854873571
MT-ATP6,KRBOX1-1,0.0571130927502665
POMC,AP3B2,0.0570967143434397
WASF2,RP1-261D10.2,0.0570456872332247
GZMK,RP11-362K14.7,0.0570346818667106
ZMYND8,RFX8,0.0569113331836403
RSF1,HCG20,0.0567502759312101
S100A11,RP11-362K14.7,0.0566750311579872
NMB,RP11-118K6.3,0.0566057306490835
MT-ND2,XX-FW83128A1.2,0.0564906325793153
ZNF467,RP11-511B23.2,0.0564434311649086
RPLP1,WWC2-AS2,0.0564405654433378
TYMP,ACKR2,0.0564237862253239
EXOC6B,RP11-362K14.6,0.0561723750078194
NFKBIA,RP11-362K14.7,0.0561390221214956
LGALS1,SNRK-AS1,0.0561106078346701
IMPA2,RP11-787I22.3,0.056077978037484
RCE1,RFX8,0.0559637947287168
PQLC1,AC000068.5,0.0558665837542688
GZMH,RP11-118K6.3,0.055668342538801
NCR3,PTH2,0.0556597628119443
DENND5A,RP11-816J6.3,0.0556532526244577
TRIM24,C1orf111,0.0556360608197119
CD79A,RP11-665G4.1,0.0555285007439923
YPEL1,RFX8,0.0554875670158934
MT-ND1,RP11-196O16.1,0.0554684291577501
EPB41L2,ESPL1,0.0554165774694383
PITPNM1,CTC-503J8.4,0.0554118364722644
KAT2B,DDR2,0.055380186765315
HLA-C,RFX8,0.0553541428015968
CD7,RP11-276E15.4,0.0553322854493183
FAM26F,AC140481.2,0.055325104108104
RPL3,CYB5R2,0.0552084080522797
NMB,KRBOX1-1,0.054977979392113
AKAP10,AC000068.5,0.0549572763104288
MT-CO1,CCDC81,0.0549049142625903
CMTM5,MMP1,0.0548219086217322
OAZ1,RP1-86C11.7,0.0547617075172547
IER2,CTD-3194G12.2,0.0547479819112939
AC010746.3,AC000068.5,0.0547097059373005
CPAMD8,PTPRR,0.0545673787771859
GSTP1,CCR8,0.0544955119696358
HIST1H1C,RIPK4,0.0543979097410911
MYL6,BBS5,0.0543742997030287
HLA-DMB,RP11-196O16.1,0.0543646074173315
NEAT1,AC015971.2,0.0543535034849509
KDM5C,RP11-54O7.1,0.054251949794714
ABI3,C1orf101,0.0541897189909394
PLEKHO1,HM13-AS1,0.0541646153060658
HLA-DQB1,RP11-787I22.3,0.0540592365477015
NBAS,RET,0.0540451603093233
CD74,RP11-54O7.1,0.0537128006038656
CENPB,SNRK-AS1,0.0537093153919794
MFI2,LAMB3,0.0536349863257102
TMSB10,RP11-196O16.1,0.0535899208610154
PTPLAD1,LHX1,0.05356369902474
C5AR1,RP11-29H23.4,0.0533762928486478
NPHP4,C2orf48,0.0533468135727282
BMF,CYB5R2,0.0532775414385559
GZF1,AC108025.2,0.0532015047970042
STXBP2,KRBOX1-1,0.0531829687843303
LTB,HSPA12B,0.0530701258482537
FERMT3,AC015971.2,0.052903973626292
CAPG,RET,0.0528131772551475
APMAP,XX-FW83128A1.2,0.0527218074216764
SNAP23,ARNTL2,0.052603073701243
C11orf83,CTD-2620I22.7,0.0525302549166575
CD63,HCG20,0.0524363721350412
BMF,RP11-362K14.6,0.0523811926949107
TSEN54,AC009312.1,0.05232759074709
SPARC,RET,0.0522964619125548
MB21D1,CXXC4,0.0522960491683828
KRIT1,RFX8,0.0522272614754399
PIP5K1B,TMEM105,0.0521695184706642
FCRL6,AC140481.2,0.0520878884872192
PHACTR1,AC000068.5,0.0520469606402384
ZC3H13,AF131215.5,0.0519584212194379
GSTO1,RFX8,0.0519390807383839
CLIC3,KRBOX1-1,0.0517976951957959
FCRL6,RP11-358L4.1,0.0517299670736635
C1orf35,RP11-196O16.1,0.0516679747885047
HRH2,TTC39A,0.0516604958702441
HLA-C,AC000068.5,0.0516178310469508
HOPX,RP11-358L4.1,0.0515919776171699
S1PR5,C1orf111,0.0514633266182742
DHX34,CLDN23,0.0514291368471443
RP5-899E9.1,FBXO30,0.0514091270861449
CHM,XX-FW83128A1.2,0.0512779969076643
BATF,C1orf101,0.0512166116199897
LYL1,RP11-362K14.7,0.0511919301957906
C15orf39,RET,0.0511671959477925
PKIG,XX-FW83128A1.2,0.0511254258928573
ZCCHC17,RP11-713D19.1,0.0509969120750263
RSU1,AC108025.2,0.050889277426537
C11orf83,CTC-503J8.4,0.0508730337356126
ISG15,RFX8,0.050871579291034
TNFSF13B,EPHB3,0.0508023024486759
HLA-A,RFX8,0.0507667331611265
H1FX,KRBOX1-1,0.050545893985066
NFE2,RET,0.050314634352125
CD8B,COL1A1,0.0502764047443899
NFKBIA,PTH2,0.0502447252335727
PILRA,CTD-2620I22.7,0.0502294853044184
SOD2,CCR8,0.0502291989684502
ZNF593,RFX8,0.0501329246305171
MT-ATP6,CTC-503J8.4,0.0500732772796601
MAFB,CLDN23,0.0499788340512276
CD79B,CXXC4,0.0498604477791645
PROCR,AC000068.5,0.0498342776465996
CTSS,HSPA12B,0.0498287949046755
HMGCR,COL1A1,0.0497400482727367
MIR142,FBXO30,0.0495885344297884
PYCARD,AC000068.5,0.0495874029155475
TNFRSF21,TTC39A,0.049490059209228
MEF2C,RET,0.0493385960949739
C11orf83,RP11-358L4.1,0.0493138815188492
TBC1D20,RP11-524F11.2,0.0492415483936777
HLA-A,CCR8,0.0491667759238759
MESDC2,LAMB3,0.0490987698826113
CST7,RP4-655J12.4,0.0490798476733999
SLC25A29,IL10,0.048991426174231
ALOX5AP,AC108025.2,0.0489572595937538
EIF4G3,CTD-2192J16.26,0.0488968580959216
PLAC8,ACKR2,0.0488430372477351
GAS6,CYP46A1,0.0487558501037553
CTSH,EPAS1,0.0486563932517609
CAST,HCG20,0.0485645530878431
IGJ,RP11-511B23.2,0.0484568761879812
ARID5A,RP4-655J12.4,0.0484504929927264
MBP,RP11-362K14.6,0.0484389358575274
NHLRC1,CLDN23,0.0483140689234198
BID,RFX8,0.0483119315912452
GAB3,XX-FW83128A1.2,0.0481708402031368
RTN2,RET,0.048144503568919
CD68,IQSEC3,0.0481020952230799
COMT,AP3B2,0.0480698725419303
PRR3,CTD-2620I22.7,0.0480449540903107
SMCO4,RP11-358L4.1,0.0480299379897941
GSTO1,LAMB3,0.0479748187376634
CD8B,AC108025.2,0.0479626274234471
LZTR1,C2orf48,0.047917699562824
NPC1,CYP46A1,0.0477611314720798
CAST,CCDC81,0.0476435124616972
SPON2,CTRC,0.0474997712496414
TK2,GPR153,0.0474277888453638
VIM,AC108025.2,0.0473882784439841
RPLP1,PDE1A,0.0473840976764989
RFNG,CLDN23,0.0473590316668898
GZMA,HCG20,0.0473152421485119
HBD,XX-FW83128A1.2,0.0471823178919145
LYPD2,RET,0.0471566750656513
NEXN,RHD,0.0470123154665776
FCRL6,EPAS1,0.0469113705681059
MT-ND1,RP11-362K14.6,0.0467411568943149
FTL,DDR2,0.046457563744663
CA2,CTD-2620I22.7,0.0464205766540279
BATF,HM13-AS1,0.0463712691798963
DNAAF3,GCSAML,0.0463093080225559
DUSP1,XX-FW83128A1.2,0.046206846626317
CDA,FKBP9,0.0461571825117861
TBX21,CTRC,0.0461309878494176
MRM1,GPR153,0.0460556148109698
FPR1,C11orf45,0.0460506843680377
SYMPK,C2orf48,0.0459666018880914
CD81,RP11-362K14.6,0.0459235590507727
B2M,RP11-362K14.6,0.0459178509779932
TNXB,RP1-86C11.7,0.0458914886613016
MT-CO1,XX-FW83128A1.2,0.0458893861538075
IQGAP1,CTRC,0.0457111291237225
ADAP2,TMEM105,0.0457080963068007
TTC38,C1orf111,0.0455766041202931
FAM135A,GCSAML,0.0454962796980951
MYCBP2,MST1R,0.0454575305779722
ZNF593,NLGN3,0.0453498289921018
KIAA1257,SCML2,0.0453266669877069
GPR63,COL1A1,0.0452964027517149
CXCR2,CTRC,0.0452282509541909
SEPT5,RHD,0.0452192179407353
NCF1,RP11-276E15.4,0.0451276521992286
CD63,CTD-3194G12.2,0.0450915247189895
CNNM3,IL10,0.0450661576903942
DLG3,C2orf48,0.0448134247306586
YBX3,CTD-2620I22.7,0.0446007542668626
RALBP1,RP11-358L4.1,0.0445451517052494
ACTB,LAMB3,0.0444988413019352
S100A6,MST1R,0.0444822385763803
OPRL1,CLDN23,0.0443732896636287
GZF1,WWC2-AS2,0.0443717397095876
ID3,ADAM20,0.0443155552743497
B2M,CTC-503J8.4,0.0443132637335899
ZNF230,ACKR2,0.0442960212722973
TM6SF1,CYB5R2,0.0442707955562879
TSPAN13,AF131215.5,0.0442451908755148
MT-ATP6,RP11-358L4.1,0.0441833702246112
CCDC151,DNAJB5,0.0441649853293518
CABP5,MMP1,0.0441322517090318
TSNARE1,C2orf48,0.0440896755606758
CASZ1,GCSAML,0.0440369190375085
CTSD,RP11-196O16.1,0.0440100137540442
CAPG,CTD-3194G12.2,0.0438724027003698
CTBP2,C1orf111,0.0437815861238622
TLK1,CAPN9,0.0436922111074444
LIN54,FBXO30,0.0436720035643981
AFAP1L1,FBXO30,0.0435521073299443
CTSH,CASC2,0.0435456650768291
PTCRA,RET,0.0435389109365234
SIGLEC1,C11orf45,0.04340060361196
KIAA0319L,C2orf48,0.0433147867712596
ZC3H13,C1orf111,0.0432612687763542
LDOC1L,GCSAML,0.0432569961496576
GFI1B,RET,0.0431905576414636
CD151,RP11-362K14.6,0.0431873566900829
RELB,IL10,0.0431650295365179
RP11-543C4.1,C1orf111,0.0431448359058248
LINC00152,ESPL1,0.0430604529984539
C1orf35,CTD-2619J13.3,0.0430109597837202
HDGF,RP11-769O8.2,0.0429523691654706
HLA-DPA1,PAPL,0.0427299764705265
RHOBTB3,CCDC81,0.0426439292934619
GRAP2,STRIP2,0.0426285404336977
VIM,DNAJB5,0.0426270172075761
RELT,LHX1,0.0426219444822268
MNDA,RP11-511B23.2,0.0426137396932527
TLK1,RP11-787I22.3,0.0426035610097234
TUBB4B,CTD-2192J16.26,0.0425691648670873
AKAP13,C1orf101,0.0425128353819329
MT-CO1,HSPA12B,0.042469543565309
AC093609.1,CLDN23,0.0424548762657214
RSF1,STRIP2,0.042373614596899
CTNNA1,XX-FW83128A1.2,0.0423452557171226
SYMPK,FAM47E,0.0421523017093402
TP53BP1,IQSEC3,0.0420832632946838
MAP3K7CL,RET,0.0420591768282208
MYEOV,MMP1,0.0419953415111561
IL32,SNRK-AS1,0.0419849526385286
ZBTB16,RP11-511B23.2,0.0419820115549116
TAL1,RP1-86C11.7,0.0419399669983522
MIR142,HM13-AS1,0.0418571036936781
RPL3,XX-FW83128A1.2,0.0418210198383934
TMSB4X,KRBOX1-1,0.0418144928924574
B2M,PAPL,0.0417692117728348
S1PR5,CTD-3194G12.2,0.0416731619816676
MYL6,RP11-511B23.2,0.041648973023764
KIF22,AC009312.1,0.041609596537498
AP001053.11,RP11-511B23.2,0.0415449247654542
TLN1,CTC-503J8.4,0.0415136066317601
NNT,AL049829.1,0.0414859675815739
HOPX,AF131215.5,0.0414298898368296
PLAC8,RP11-276E15.4,0.0413759465899972
RPL3,MST1R,0.0413712417762183
ILK,C2orf48,0.0413668008647026
DENND1B,CLDN23,0.0411573571631305
S100A6,CTC-498J12.3,0.0411370106903945
JAM3,RET,0.0411211757502425
RNF130,RP11-524F11.2,0.0411147264400914
GAB3,EPHB3,0.04109784401448
PTTG1,C2orf48,0.0410929071103107
METRNL,RP11-665G4.1,0.0410802123413529
MAST2,RP11-358L4.1,0.0410322730812097
NAGA,RP11-511B23.2,0.0409122192241746
TMSB10,GYPE,0.0405871170543071
TTYH3,DNAJB5,0.0405779796334178
NCF1,AC108025.2,0.0404409074506688
PGGT1B,GRIN2C,0.0402943750220352
DYSF,CYB5R2,0.0402512115003616
AKNA,DDR2,0.0402024469571938
TLK1,CTC-498J12.3,0.040151277961472
SAMD3,RP11-358L4.1,0.0401216737736295
PTPN18,EPN2-AS1,0.0401169555161207
B3GAT1,IL10,0.0401006042989344
ZNF329,RFX8,0.040085594640284
FAAH,AC068282.3,0.0399705555078872
PANK3,NLGN3,0.0399173024443124
RASGRP4,AC068282.3,0.039838864726544
RRBP1,ESPL1,0.0398356787877969
NEAT1,C1orf111,0.0397258833826538
TSPO,C1orf101,0.0396500253037802
FOLR2,CYB5R2,0.039628568586399
CDC42EP3,EPAS1,0.0395686267143917
AP001189.4,RP1-86C11.7,0.0395331827582341
SCO2,RP11-196O16.1,0.0395177502574158
F2R,C1orf111,0.0393959101785646
UBE2C,ESPL1,0.0393897766354739
SLA,C1orf111,0.0393497973133885
LRRC25,CLDN23,0.0392827100847394
NUSAP1,STRIP2,0.0392513639863572
C19orf33,SCML2,0.0392475956052416
CCL5,RP11-816J6.3,0.0390420298363773
SRPK2,PTH2,0.0390272628664152
DGKZ,PDE1A,0.0389605953002618
PTPN12,GPR153,0.0389496793385596
IL17RA,AC000068.5,0.0386217741086208
JUN,RFX8,0.0386198596617187
CDKN2D,CCDC81,0.0384675566919917
NEURL2,FOXE1,0.038437716649249
TMEM81,CLDN23,0.0381008671238334
S100A11,RP11-787I22.3,0.0380940663873794
C5orf56,AF131215.5,0.0380674867058786
RHOC,TNS4,0.0380417013357452
LGALS1,HCG20,0.0380375284185846
KIF2A,AC068282.3,0.0380138622077501
XPNPEP1,HM13-AS1,0.0379609243467354
LYZ,PTH2,0.0379584614629927
JUND,RP11-168O16.1,0.0378374158981714
NRIP3,AF131215.5,0.0378344611206259
BRD2,RP11-362K14.7,0.0376729783139123
PLAUR,WWC2-AS2,0.0376567143960716
IRS2,AF131215.5,0.0376173345630603
IER2,EPN2-AS1,0.0375933276702134
RP3-462E2.5,C1orf101,0.037573302709264
PPP1R14B,TTC39A,0.0373822796089405
MLC1,GCSAML,0.0373628253549772
UBXN6,RET,0.0372053556600881
ECE1,FOXE1,0.0371572450568843
FASLG,GCSAML,0.0370845016084046
BCL3,C2orf48,0.0370841815958495
ATP2A2,EPHB3,0.0370711632101736
FTL,C1orf101,0.03702964886939
NFKBIE,AF131215.5,0.0369558642961896
IRF8,RHOV,0.0369165558529005
TNFSF13B,RP11-665G4.1,0.0368803534170307
CLEC10A,HSPA12B,0.0367234245309858
EXD3,IL10,0.0366884710010032
RP11-496I9.1,CTD-3194G12.2,0.0366853689356412
ACTB,AC108025.2,0.0366626253390562
SLC16A3,PTH2,0.0364756535319845
CAPNS1,RP11-358L4.1,0.0364732583309645
TTC27,EPN2-AS1,0.0364001956501868
CTBP2,GCSAML,0.0363392765175794
RPPH1,STRIP2,0.0363333584913309
NEAT1,AC000068.5,0.0363115416163215
NEAT1,RP3-323N1.2,0.0362256885456512
ZNF41,CTRC,0.0361988690999422
GLIPR1,C2orf48,0.0361354340875268
PTGES3L,MMP1,0.0360973027866299
ILK,RIPK4,0.035977369602595
HIST1H1C,CTRC,0.0358811486051764
CTB-55O6.12,ZNF572,0.0358575512046205
FAM129B,GPR153,0.0358339466098816
GAB3,HCG20,0.0357723250613257
FAM110A,AC068282.3,0.0357568958074722
MAPKAPK2,CYP46A1,0.0357163991954804
SPON2,CTC-498J12.3,0.0356807648043775
ARL6,GRIN2C,0.03564480605673
POU2F2,PTH2,0.0356409388217291
RP11-378A13.2,CYP46A1,0.0356282021663974
IRF7,NLGN3,0.0354852907166792
MT-ND1,XX-FW83128A1.2,0.0354692259528961
ADAM15,COL1A1,0.0354355722749732
CORO1C,XX-FW83128A1.2,0.0354174954005861
GIGYF2,CCR8,0.0353895258867532
MESDC2,ZNF572,0.0352315041564463
FANCE,RET,0.0349469981664531
HIST1H1C,TMEM105,0.0349098968292798
ACTB,EPAS1,0.0347124195773018
MYL6,AC108025.2,0.0346834532755582
C1orf233,CLDN23,0.0346674941432863
APOBEC3G,TMEM105,0.0346360142232666
EVA1B,AF131215.5,0.034464931706984
CRISPLD2,EPHB3,0.0344368293979474
MT-ND1,AC000068.5,0.0342966137112895
ZNF598,AC140481.2,0.0342415767620109
VTI1B,C2orf48,0.0341949915188682
PROCR,HSPA12B,0.0341657726944088
ARHGEF9,RFX8,0.0340376699636714
PSAP,FKBP9,0.0338978444733399
TAF4,MMP1,0.033891769882361
NCOA4,MMP1,0.0338061524462365
ENTPD1,AC015971.2,0.0337527976834613
PTPRE,IL10,0.0336054856705543
IL15,AC068282.3,0.0335383145969079
ALOX5AP,ZNF572,0.0334624206976276
RP11-412D9.4,C1orf101,0.033301194841453
IFI27L2,CYB5R2,0.0332554480190608
TIMP1,CTD-2619J13.3,0.0331593785920927
AIF1,RP11-524F11.2,0.0330994723041196
STAT3,CTC-503J8.4,0.0330789393812675
PPM1J,HSPA12B,0.033012215359623
TYMP,GPR153,0.0330029980799014
TKTL1,AC068282.3,0.0329856624153308
VWF,RHD,0.0329783028053432
GPATCH2,IL10,0.0329367364999227
CACNA2D4,AF131215.5,0.0329304471849482
S100A4,AC015971.2,0.0327998386719089
S100A11,DDR2,0.0327980627203386
ODC1,RP4-655J12.4,0.0325287499037216
TNNT1,FBXO30,0.0324977134129812
FAM129B,FKBP9,0.0323875231325079
RP1-302G2.5,GYPE,0.0323774402074776
WIPI1,AC068282.3,0.032375123471395
AP001053.11,AC068282.3,0.032371357353249
OS9,EPHB3,0.0322858683627113
POU2F2,IL10,0.0322789646198192
LILRB5,RET,0.0322408627401495
HLA-DRB5,ACKR2,0.03219962203704
MMP23B,DDR2,0.0320111214274001
CD151,RET,0.0320043649551016
OAZ1,C1orf111,0.0319003068700037
C11orf68,AC108025.2,0.0318809648087036
TMSB10,AC000068.5,0.0318786031248318
SLC6A4,MMP1,0.0318435065899039
NLRP12,DNAJB5,0.0317895319571647
BRD2,IQSEC3,0.0317157427694898
SNAP23,LHX1,0.0317076182413261
FAM110A,AC108025.2,0.0316962577322237
RHOC,PTPRR,0.0316515183961714
F13A1,GCSAML,0.0315695962150178
S100A4,AF131215.5,0.031495647472355
DOCK2,ARNTL2,0.0314382645231469
TPP1,RIPK4,0.0314143828168659
SMIM6,CYP46A1,0.0314004903264086
FAM81B,BMP6,0.0312574283094605
CCL4,RP11-118K6.3,0.0311822746368146
HVCN1,RET,0.0311773317452282
RSU1,RET,0.0311773317437498
ALMS1,GPR153,0.0310967221311587
TPM4,ESPL1,0.0310397725088827
MT2A,AC000068.5,0.0310302688735735
NAP1L5,RP11-54O7.1,0.0310190968941826
HLA-DRA,IL10,0.0310070446329567
EMR3,RP11-816J6.3,0.030975143785422
ITPR2,CTD-2192J16.26,0.0309014619934689
PHACTR1,AP3B2,0.0308553837267666
STAT3,RP11-118K6.3,0.0308138230153894
CST7,CTRC,0.0307649242037504
MALAT1,ESPL1,0.0307457480407782
CTSS,RP11-787I22.3,0.0307188199561552
VIM,C1orf101,0.0306467361927013
GZMB,SNRK-AS1,0.0306439238819457
LRP3,RP11-524F11.2,0.0306400753868752
RP4-633O19__A.1,CTC-498J12.3,0.0306320161956891
S100A4,BBS5,0.0305902518188346
SLAMF7,HSPA12B,0.0305646448655129
FLNA,HCG20,0.0305508126152461
MT-ATP6,LAMB3,0.0305325222833833
CDKN1A,IL10,0.030390004444592
TATDN1,CTD-3194G12.2,0.0303796387392804
NIN,AC108025.2,0.0302862628435694
CLUH,RP11-816J6.3,0.0301525296692572
RUFY1,RHD,0.0301194916387954
MPST,DNAJB5,0.0301061325296748
RP11-279F6.3,FBXO30,0.0300333620473832
RP1-43E13.2,HSPA12B,0.029994307696639
C1orf35,MST1R,0.0299888932349707
NEAT1,FOXE1,0.0298728964200706
TUBA4A,RP11-54O7.1,0.0298181150951853
C14orf80,CCDC81,0.0297190469996356
PNPLA6,NLGN3,0.0296687307163334
MIR4453,NLGN3,0.0296134002142673
SEC24B-AS1,ARNTL2,0.0294771164063707
PFN1,RP11-29H23.4,0.0294182760203127
CEP44,RP11-787I22.3,0.0293706827652445
AC104655.3,HM13-AS1,0.0293667903505227
NT5M,PTPRR,0.0293113149985816
SIM1,ESPL1,0.0292256103441193
CNRIP1,XX-FW83128A1.2,0.0291521912508492
SLAMF7,RP11-54O7.1,0.0291319633936362
NKG7,IQSEC3,0.0291261335103534
FAM26F,AL049829.1,0.0290536646505799
HLA-DPA1,EPAS1,0.0290344564498674
SLA,CAPN9,0.029003138129827
TLN1,STRIP2,0.0289605311802817
HOMER3,RP11-358L4.1,0.0289417233266717
PLEKHM2,ESPL1,0.0289203955549552
TMSB10,XX-FW83128A1.2,0.0288963592325976
MTHFR,KRBOX1-1,0.0288775527630989
CD63,PTH2,0.028826110399384
KLF6,AC000068.5,0.0288057017485746
C11orf83,C1orf101,0.0288012154458673
FTH1,MMP1,0.0287370547094428
TYROBP,C1orf111,0.028716651938945
AP000251.3,RET,0.0287065122263459
CDC42EP3,GYPE,0.028615325728585
LMO2,CTD-2192J16.26,0.0285786988458969
VIM,AC000068.5,0.0285697896035178
LILRB4,SCML2,0.0285264332347993
AC011043.1,DNAJB5,0.028494139542766
COTL1,GYPE,0.0283425929251876
RBM27,HSPA12B,0.0283273619489852
HLA-C,RP11-769O8.2,0.0283042344364756
MARCO,AP3B2,0.0281911077659737
FAXDC2,RHD,0.0281520750697089
PPIF,AL049829.1,0.0281471381475499
HLA-C,AF131215.5,0.02813858712803
HLA-DQA1,CLDN23,0.0280682956415721
TSPO,C1orf111,0.0280535597205531
PLA2G16,CTD-2619J13.3,0.0280026856523613
RP11-542M13.3,DNAJB5,0.0279361493907237
MYCBP2,RFX8,0.0279291664632298
SAPCD2,ESPL1,0.0277903481822178
MFSD2A,HSPA12B,0.0277797434639185
RP11-611L7.1,RP11-665G4.1,0.0277632565064991
LAG3,IL10,0.0277629166820221
SLA,AL049829.1,0.0277137981306423
EFHD2,C1orf101,0.0276965627950482
MT-CO1,CAPN9,0.0276278158134201
PCDH12,RET,0.0276223533812162
ID1,JAG2,0.027570210816613
KIF2A,ADAM20,0.0274681710339482
IMPA2,CLDN23,0.0274025308460205
EAF2,RP11-665G4.1,0.0274003881910963
S100A4,CCR8,0.0273683074676857
IGJ,CYB5R2,0.0273624415278167
C4orf48,RET,0.0273543997809104
PPP2R2B,SNRK-AS1,0.0273170200415445
SPON2,C1orf111,0.027282185503439
ANXA2,C1orf101,0.0272115601108017
NAGK,GYPE,0.0271810429091392
HLA-C,PAPL,0.0271692402024181
VIM,CTD-2192J16.26,0.0271355443037269
FCGR3A,ACKR2,0.0270290736285286
GSTO1,CXXC4,0.0270283282554771
SDC3,AC015971.2,0.0270217773232664
SPTBN1,GCSAML,0.0270088055309479
PMAIP1,RET,0.0269435512036355
PKN3,DNAJB5,0.026918132678995
DUSP1,FBXO30,0.0268822401592712
ST14,CTD-2192J16.26,0.0268574692952788
NBPF3,TTC39A,0.0267987012647002
STX3,C11orf45,0.026687950201626
PLD4,TTC39A,0.0266720331178614
LINC01134,AF131215.5,0.0266568752736408
TUBA4A,KRBOX1-1,0.0266369144999609
MTHFR,AF131215.5,0.0266328306306247
PRKCDBP,EPHB3,0.0265928767877239
CAST,RFX8,0.0265808105421673
NAGK,NLGN3,0.0264511736625564
CD40,EPN2-AS1,0.026418434774471
SPON2,RP11-29H23.4,0.0263965940353231
PAFAH2,C1orf111,0.0263911149701218
FADS2,KRBOX1-1,0.0263419533000747
DGAT1,AC108025.2,0.026323998912535
FTH1,RET,0.0262383036922189
SELPLG,LAMB3,0.0261528107647673
RP11-81H14.2,RP1-261D10.2,0.0261394231992854
FCGRT,CXXC4,0.0260666592930114
MALAT1,GYPE,0.0260507347649178
CTD-2270L9.4,DNAJB5,0.0260229694721524
ABCA7,BBS5,0.026005333566389
CCR10,RFX8,0.0258791937945424
ATF6,XX-FW83128A1.2,0.0257933316264803
MIDN,CLDN23,0.0257617193891391
CEACAM19,AF131215.5,0.025715074994463
SERPINF2,CYP46A1,0.0256583788786241
ZNF362,C1orf111,0.0256140737710987
MGST2,EPAS1,0.0256023656982039
SPI1,RET,0.0255482414250114
MESDC2,C1orf111,0.0255348641540733
OAZ1,GYPE,0.025509315954062
VIM,HCG20,0.0254967528020672
RPLP1,TNS4,0.0254831863187909
MPST,STRIP2,0.025394619983571
ZYX,EPN2-AS1,0.0253885951778673
TTBK2,RET,0.0253749127567553
RP9,RP11-358L4.1,0.0253598151766412
STK40,RP11-276E15.4,0.0253337780901527
PFN1,PAPL,0.0252777451430501
LINC00877,WWC2-AS2,0.0252311614271135
ACTB,C1orf101,0.0251836216837759
DAPP1,CYB5R2,0.0251675596216519
BIRC3,RP11-665G4.1,0.0251474908177528
NPC2,RFX8,0.0251335062642773
AP001055.6,CTD-2620I22.7,0.0251075130316041
PASK,AL049829.1,0.0249924831676081
GBA2,RP11-524F11.2,0.0249238776755836
PILRA,RP4-655J12.4,0.0249144176109492
DAG1,C1orf111,0.0248623500185609
TULP3,ZNF572,0.0248560364342919
VCAN,VNN3,0.0248550115345268
FAM69B,RHD,0.0247616569864344
NCR3,RP11-665G4.1,0.0247137286835511
ADAMTSL4,AC015971.2,0.0245940615504214
ISG15,FBXO30,0.024576836537458
PATL2,EPAS1,0.0244469325626949
IFI6,CTRC,0.0243552237467704
IQSEC1,RP11-358L4.1,0.0243550351117324
METRNL,HSPA12B,0.0242278696783173
MCOLN1,AC000068.5,0.0241950314040311
ADRBK1,RET,0.0241375810526378
DMXL2,GRIN2C,0.0240670372525652
ACSBG1,MMP1,0.0240462247569511
CD81,LAMB3,0.0240429215180766
PPAPDC1B,RP11-524F11.2,0.024030994914019
ADAR,RP11-29H23.4,0.0240134762557213
CXCR3,EPAS1,0.0239654133393397
RUNX3,RP11-362K14.7,0.023960126221054
JUP,FKBP9,0.0239131534061009
S1PR5,C2orf48,0.0239080053918599
CTSD,AP3B2,0.0238116487863812
FOS,WWC2-AS2,0.0237787779168037
TYROBP,IL10,0.0237274599108971
ENTPD1,RP4-655J12.4,0.0237211822470131
PIK3R6,RP4-655J12.4,0.0236154714109816
RAB31,VNN3,0.0236127998191355
MYCBP2,RP11-358L4.1,0.023584996698564
CSRNP1,RP4-655J12.4,0.0235733448374558
KLRG1,AC068282.3,0.0234576457545658
CDC42EP3,FBXO30,0.0234456390146314
IFITM2,GYPE,0.0233925169112384
ANXA2,RP11-362K14.7,0.0233832117585644
OS9,FBXO30,0.0233624480093966
RP11-81H14.2,AC140481.2,0.0233564572468804
TNFRSF8,RP11-816J6.3,0.0233065785576539
CTSW,RP11-196O16.1,0.0232918414404944
MTPN,RP1-261D10.2,0.0232703128173845
TXNDC16,AC140481.2,0.0231688018946516
KIF22,RP11-358L4.1,0.0231447950655811
P2RX5,RP11-816J6.3,0.0231262181970233
PALLD,AC140481.2,0.0230803627612469
C19orf83,RP11-276E15.4,0.0230026739631127
CCL5,AC068282.3,0.0229464250085492
MIR22HG,GRIN2C,0.0229163521074608
MALAT1,RP1-261D10.2,0.0228776941547391
GSTP1,TMEM105,0.0228666924181174
RPF2,COL1A1,0.0228517776290309
SERPING1,RP4-655J12.4,0.0228306438986374
RP5-1028K7.2,RP11-54O7.1,0.0228054054944776
DUSP1,STRIP2,0.0228026094332804
SLC27A3,ZNF572,0.0226805744751087
FTH1,FKBP9,0.0225985345767582
LTB,HM13-AS1,0.0225330062534389
CPVL,TMEM105,0.0225075117189076
BACH1,FBXO30,0.0224711640732157
HLA-DRA,HM13-AS1,0.0224568131202743
SULT1A1,CCDC81,0.0224435045824144
GRAP2,ZNF572,0.0223703109434349
GPR56,C11orf45,0.0223698440755526
CTD-2541M15.4,RP11-196O16.1,0.0223076134841985
SYNM,AC000068.5,0.0222884575419567
GNLY,RP11-168O16.1,0.0222066505411659
FICD,HCG20,0.0221978798468298
DUSP2,CXXC4,0.0221423022882939
ACTN1,CAPN9,0.0221267135073676
CFP,RP4-655J12.4,0.0221191439592659
ANKRD11,CASC2,0.0221036499266025
NKAP,AC068282.3,0.0220499078557742
MFSD12,XX-FW83128A1.2,0.022043977340946
KLRG1,DNAJB5,0.0219922079097692
TMSB4X,CCR8,0.0219906138910216
LIMS1,C1orf101,0.0219579441571922
ACTB,GCSAML,0.0219200722440006
UNC93B1,CLDN23,0.0218941929307591
IFITM3,MST1R,0.0218720291861794
TUBB4B,RP11-196O16.1,0.0218530819607708
VIT,PTPRR,0.021835792824909
MS4A6A,RP11-665G4.1,0.0218340455350756
RELB,RP4-655J12.4,0.0218307743213205
PKN3,IQSEC3,0.0217714748200249
C17orf103,VSTM2B,0.0217643919657717
NPC2,KRBOX1-1,0.0217592548633821
EXTL3,PTPRR,0.0217303220108942
EHBP1L1,XX-FW83128A1.2,0.0217176915243849
NKG7,SNRK-AS1,0.0216324547918189
RAB32,FBXO30,0.0216321589773917
SLC11A1,DNAJB5,0.0215141664143492
VAV3,PTPRR,0.0213364140071999
MALAT1,BBS5,0.0213297253780408
HIST1H1C,HCG20,0.0213209971905544
ZNF703,DNAJB5,0.0213167626820151
PARPBP,AC009312.1,0.0212693080379367
MS4A7,CTD-2192J16.26,0.0212425246483616
CTSS,PTH2,0.0212246701859441
GFOD1,SCML2,0.0212097413810706
IRS2,EPHB3,0.0211429858464709
IL32,RP3-323N1.2,0.0210460927424224
ATF6,RP11-168O16.1,0.0210436151791108
KCNE1,SCML2,0.0209853666074322
PRF1,CTD-3194G12.2,0.0209166020535836
CWC25,AC108025.2,0.0209076317964863
SPARC,WWC2-AS2,0.0208494130360232
VAV3,SCML2,0.0207850619471916
COMT,ESPL1,0.0207671035822018
IRAK3,XX-FW83128A1.2,0.0207645058081537
MAN2A2,EPHB3,0.020740763337354
ACTB,RET,0.020731480287364
HLA-C,RP11-713D19.1,0.0206644786893812
MTMR11,GPR153,0.0206469065490879
PTPN11,CTC-498J12.3,0.0206423065368412
MT-ND1,MST1R,0.0206216385274482
RP11-367G6.3,BBS5,0.0205947526540014
ZMYND8,RIPK4,0.020532016306632
LIMK2,CLDN23,0.02048913572162
RP11-131K5.1,ESPL1,0.0204698908436207
GALK1,RP11-358L4.1,0.0204609844160317
TLE3,CLDN23,0.020413673465571
NUDT16,HM13-AS1,0.0203582904357353
SLC15A3,RP11-29H23.4,0.0202899139505773
SETD1A,DDR2,0.020215090903542
H1FX,SCML2,0.0201719835962973
MOGS,WWC2-AS2,0.0201400639154
LCOR,RP11-362K14.6,0.0200933657288522
TLK1,IQSEC3,0.0200728613919997
MYOM2,CTD-2619J13.3,0.0200533259350512
SLA,HSPA12B,0.019999663199677
CDC42EP3,ZNF572,0.0199464758572895
CD4,CYP46A1,0.0198771345737072
SLC31A1,ZNF572,0.0198336511391086
C9orf89,IL10,0.0198059404064351
ARHGEF9,RP3-323N1.2,0.019770019661193
TUBG1,CTD-2192J16.26,0.0197075088094965
FGD4,EPHB3,0.0195740433024886
OSCAR,VNN3,0.0195724129012897
DHX38,FOXE1,0.0194874904112372
STYK1,TNS4,0.01946858744518
HLA-DOB,ACKR2,0.0194385039476947
C15orf39,RP11-29H23.4,0.0194372022892548
MMP17,PDE1A,0.0194297453923705
PI4K2A,ACKR2,0.0194099756047595
TNFRSF1A,VSTM2B,0.0193924980702787
MT-ND2,MST1R,0.0193850338682332
NT5C3A,RP11-524F11.2,0.0193594575336734
AP1S2,HM13-AS1,0.0193330963005528
OAZ1,RP11-524F11.2,0.0193144739938247
ID3,CAPN9,0.0193119766145938
GRAMD4,IL10,0.0191298895065447
ZC3H13,CTRC,0.0190774988676752
CCL5,KRBOX1-1,0.0190426606920682
HIST1H2BK,RP11-358L4.1,0.0190024629637921
MALAT1,GRIN2C,0.0189648364453488
ABLIM3,MMP1,0.0189387870266262
PLEK,AC000068.5,0.0189172241870771
IFI27,FBXO30,0.018909117560144
NFAM1,RHOV,0.0189071151065877
ACRBP,RET,0.0188055485308856
B2M,RP3-323N1.2,0.0187941676333595
GALNT7,CCDC81,0.0187866595422337
RNASE6,LAMB3,0.0187803867255299
GZMA,TNS4,0.0187336302153387
MT-CO1,CTD-3194G12.2,0.0186620498924579
FCGR1B,RP3-323N1.2,0.0186331903858757
GIMAP8,HM13-AS1,0.0186312955698547
SERPING1,RP1-86C11.7,0.0185508025310318
ANKRD13D,BBS5,0.0185081378389978
IL1B,SCML2,0.0184400322128119
IL2RB,GCSAML,0.0184339889938308
S100A9,RP11-118K6.3,0.0184239280658217
MFSD1,HCG20,0.0184161819386547
FGD4,GRIN2C,0.0184131045441135
SNX29,RP11-276E15.4,0.0183281413801632
FTL,AC108025.2,0.0183083525928824
IL32,RP11-362K14.6,0.0182740239538622
GLIPR2,PAPL,0.01821067800883
TYMS,C2orf48,0.0181933155496573
IER2,RP11-362K14.6,0.0181456397296215
ODF3B,STRIP2,0.0181346659646697
PLCH2,CTC-498J12.3,0.0181334086147746
MT-ND1,ESPL1,0.0181099984397519
B2M,RP11-362K14.7,0.0181047858558496
C1orf216,TNS4,0.018059607761169
RPL34,RP11-168O16.1,0.0180355528031191
PTGS1,RP11-362K14.6,0.0179703508938375
MXRA7,CCDC81,0.0179154563842989
NAB1,BBS5,0.0179070982535996
S100A4,STRIP2,0.0178458026820848
FCRLA,EPN2-AS1,0.0178216316507875
RP11-427H3.3,EPHB3,0.0177754558645611
ADAR,AC000068.5,0.0177640389540015
IQGAP2,ESPL1,0.017749631049599
VAC14,C11orf45,0.0177192919448205
STOM,C1orf101,0.0177104863906407
ISG15,RP11-362K14.7,0.0177031278649528
TYK2,ACKR2,0.0176853384295834
CCL5,CTRC,0.0176125343828281
IRF6,DNAJB5,0.0176036824018265
ACTB,RP11-713D19.1,0.0175683096856329
DENND6B,AC000068.5,0.0175620699175153
PCDH1,AC000068.5,0.0175558641376166
CCL3,PTPRR,0.0175522422705248
ACTB,AF131215.5,0.0175007199619963
KIAA0513,CTD-2192J16.26,0.0174257257034414
FANK1,IL10,0.0173944691325211
TRPM4,RP3-323N1.2,0.0173509587723973
NFKBIA,BBS5,0.0173231003549858
DHX34,NLGN3,0.0171996260343737
MT-ND1,RP11-524F11.2,0.0171565986777672
SLC12A9,STRIP2,0.017142466397426
TBC1D9,CYP46A1,0.0171156669980546
HLA-DRB5,HSPA12B,0.0170897177139625
S100A8,FKBP9,0.0170874156757212
VIM,CTD-2620I22.7,0.0170568830290732
HLA-DRA,RP3-323N1.2,0.0170305914878374
KIR3DL2,ESPL1,0.0170214398726219
CIITA,CTD-2620I22.7,0.017010476920437
UHRF1BP1,CTC-503J8.4,0.0169979838398376
RP11-293M10.5,COL1A1,0.016986334588612
NCR3,ESPL1,0.0169598274709937
MRPS24,DNAJB5,0.0169043458004424
KDM5C,RFX8,0.0168633686291395
TPP1,HSPA12B,0.01672297459439
LRRC26,CYP46A1,0.0167161856198403
SNAI3,AC140481.2,0.016713667267642
WASF2,ESPL1,0.0167074292381759
PRKCE,GRIN2C,0.016655170815736
MT-CO1,RP11-362K14.6,0.0166284361753378
CDKN1A,RHD,0.0166255979155221
AC093901.1,FBXO30,0.016618449343021
CCL5,AF131215.5,0.0166114925460884
VPS9D1,ZNF572,0.0166063158574926
CTSS,GRIN2C,0.0165607251385288
C16orf54,AC108025.2,0.0165543533528339
ASCL2,SNRK-AS1,0.0164955567632145
S100A11,HSPA12B,0.0164809075710055
PTRH1,TNS4,0.0164805428004623
PTPN11,WWC2-AS2,0.0164616201653824
NKG7,BBS5,0.0164526150310271
CRIP2,MST1R,0.0164315733464151
KIAA0319L,CTC-498J12.3,0.0164189906793381
ZNF41,GPR153,0.0163721972450649
HLA-DQA2,RP3-323N1.2,0.0163637625818632
LCN2,RHD,0.0162947485170032
MBP,CCR8,0.0162541791211387
LILRB2,RET,0.0162364857804593
PLXNB2,CYP46A1,0.0161914324554881
KLF6,CAPN9,0.0161879220667281
DUSP1,FOXE1,0.0161840254027276
CTD-2035E11.3,EPAS1,0.0161331532391819
CXXC5,C2orf48,0.0160770209762574
PDCD7,ESPL1,0.0160012494881507
PPP1R14A,RHD,0.015970483021515
KIF22,DDR2,0.0159411748897801
HLA-C,RP3-323N1.2,0.0158222341333673
RASSF4,GRIN2C,0.0158209399254541
LTB,CASC2,0.0158047516718782
CDA,RET,0.0157705643273536
LATS2,JAG2,0.0157551772849341
ARHGEF9,NLGN3,0.0157227512558001
LILRB4,GRIN2C,0.0157153855447751
HLA-DPA1,ESPL1,0.0156935520995136
OS9,FKBP9,0.015680442600174
C6orf120,RP11-362K14.7,0.0156292562605004
S100A6,RIPK4,0.0156249231449082
TRIM45,C2orf48,0.015614405961478
HLA-DPB1,ACKR2,0.0155695577853194
SPARC,MMP1,0.0154588723100396
AC016757.3,LHX1,0.0154036365637848
COCH,ZNF572,0.0153730581402539
MAFB,RET,0.015370665572763
SUZ12,RP3-323N1.2,0.0153563862145499
LEMD3,CCDC81,0.0153310705883119
IL1B,CLDN23,0.0153216445306874
RASGRP4,RET,0.0152815276362903
HTT,PTPRR,0.0152568023709045
AKAP13,CTC-503J8.4,0.0152472233214522
PFN1,CTD-3194G12.2,0.0152169521067383
GSTP1,AC000068.5,0.0152019425868357
LILRB4,CLDN23,0.0151927295801351
ETV5,AC015971.2,0.0151898852370497
BTBD6,CTC-498J12.3,0.0151541497491982
DHX34,RP11-276E15.4,0.0151476526390175
PGRMC2,GRIN2C,0.0151217625958232
TSEN54,AC108025.2,0.0151034850851405
SORBS1,AC140481.2,0.0150780406265868
C4orf48,CCR8,0.0150398596732278
NHSL2,LHX1,0.0150317231852928
IFFO1,ADAM20,0.0149854074254842
RPLP1,DDR2,0.0149584025859876
TCTEX1D4,TNS4,0.0149118186469425
SCO2,RP3-323N1.2,0.0148971121426803
NEAT1,RP11-665G4.1,0.0148403074967764
PWWP2B,GRIN2C,0.0148208314215796
CD8B,CTC-498J12.3,0.0147468057602493
ABHD2,AC000068.5,0.0147317835769204
RPL3,RP11-524F11.2,0.0146913472704125
PDE2A,RP11-511B23.2,0.014681478599854
CTSS,AP3B2,0.0146383076838826
MPEG1,FAM47E,0.0146261341734001
HSCB,AL049829.1,0.0146076947130311
RPLP1,CYP46A1,0.0146044531363088
TSPAN2,RHD,0.0145223053373451
BLNK,MST1R,0.0144911637703018
CSNK1G2,CTD-2192J16.26,0.0144295297110774
MEF2D,GPR153,0.0144209836844772
CST7,RP11-362K14.6,0.014410361555927
ANXA2,NLGN3,0.0144022377587965
DENND6B,EPHB3,0.0144017950696521
KLRF1,C2orf48,0.0143983093978455
IL32,RFX8,0.0143698683291306
FCER1G,GRIN2C,0.0143544424829216
HOMER3,AC009312.1,0.0143145383805902
SLC15A4,LAMB3,0.0143077108005589
RP11-1007O24.3,HCG20,0.0142983876934078
GZMA,C2orf48,0.0142800683756518
STRN,C1orf111,0.0142519221111589
CD160,RP3-323N1.2,0.014224856131947
PLEK,RP11-118K6.3,0.0142246698669062
PINLYP,RFX8,0.0141858114222896
RP11-611L7.1,XX-FW83128A1.2,0.0141369328875591
IL2RB,C1orf111,0.0140798524697814
GFI1B,BMP6,0.0140453077701803
MED14,RP11-118K6.3,0.0140355882705597
XK,HM13-AS1,0.0140182145036718
CAPG,ZNF572,0.0139884630904287
CLEC4C,CYP46A1,0.013982412869063
RPLP1,ESPL1,0.0139402871266606
APMAP,EPHB3,0.0139137214744308
GCHFR,AC009312.1,0.0138974858115265
HLA-DQA2,GYPE,0.0138714599466244
LINC00484,EPAS1,0.0138561024697364
AL928768.3,LHX1,0.0138330176021246
SSX2IP,VNN3,0.0138279235469548
TSPO,CTC-498J12.3,0.0138218991521432
AP000783.1,CCR8,0.0137967089574233
MEGF9,RP11-511B23.2,0.0137723013580836
RP11-164H13.1,CXXC4,0.01373371866812
HHEX,RP11-276E15.4,0.0136861236940284
TACC1,TTC39A,0.0136763429911317
LYN,FAM47E,0.0136263277962551
PLCB2,GRIN2C,0.0135859892215702
TNFRSF18,RP11-787I22.3,0.0135711620856695
IL32,ADAM20,0.013544889532261
IFITM2,C1orf111,0.0135421373498502
PURA,RIPK4,0.013505086572216
RP11-78O7.2,CYP46A1,0.0133981573738969
PLEKHM2,AF131215.5,0.0133720180093556
MPP1,RET,0.0133703289348955
KIAA0040,CLDN23,0.0133690505790962
CD19,RP11-29H23.4,0.0133576095056392
AC104655.3,CXXC4,0.0133106948713525
MAP3K7CL,RIPK4,0.0133048133077812
MIR142,AC009312.1,0.0132678457661171
MYBL1,CAPN9,0.0132642288014684
SNORD3D,LAMB3,0.0132484644498683
RNF19B,LAMB3,0.0132283609178343
OAZ1,COL1A1,0.0131940000670338
MIDN,JAG2,0.0131816531053279
DUSP1,IL10,0.0130305221236453
C1orf112,GRIN2C,0.0130279546895156
ARVCF,PTH2,0.0130021374787993
ZNF593,RP11-524F11.2,0.012971667584238
HMOX1,GRIN2C,0.0129358219719018
TTLL4,IQSEC3,0.0129097238788652
C4orf48,JAG2,0.0129090653324247
CHST8,RET,0.0128970718101541
RALGPS2,DDR2,0.0128941616063266
IL21R,CTD-3194G12.2,0.0128739916596984
CHAF1A,VNN3,0.0128638024994657
AP001816.1,RP11-665G4.1,0.0128060550415687
SPIB,CYP46A1,0.0128048527193958
TMEM141,RP11-358L4.1,0.012785719095911
DTX2,CTD-2192J16.26,0.0127807123206226
RGS18,BMP6,0.0127577372989892
USP46,CTRC,0.0127310720140806
GBGT1,GRIN2C,0.0126658667515533
NFKBIA,RP11-362K14.6,0.012660667920244
FCGR2B,GYPE,0.0126556880067874
C5orf56,DDR2,0.0126489979077565
C11orf83,AC140481.2,0.0126084707937913
KIF1B,GRIN2C,0.0125938988738509
IFITM2,CCR8,0.0125746937565052
TLK1,CTD-2192J16.26,0.0125679072243971
UBXN6,NLGN3,0.0125577385624452
GTSCR1,RFX8,0.012484650476653
HELB,BBS5,0.0124476977221807
YPEL1,PTPRR,0.0124446978836473
NUP188,TTC39A,0.0124304941557543
UBL7-AS1,CTC-498J12.3,0.012413968936839
CWC25,HM13-AS1,0.0123561565642403
SH2D2A,HM13-AS1,0.0123303840570907
HIST1H1C,FOXE1,0.0123242938352733
SERPINA1,RET,0.0123142835123953
C14orf80,FBXO30,0.0123071457938583
TPCN1,RP11-713D19.1,0.0122893922923348
SLC1A7,LAMB3,0.01216849761506
S100A4,LHX1,0.0121440715711403
PRR5L,RP11-362K14.6,0.0121333411707515
MDM1,RET,0.0121264410833033
IGJ,HM13-AS1,0.0121142392850851
GRN,FKBP9,0.0121043818907561
PQLC1,RP1-261D10.2,0.0120826638707263
PANK3,CTD-3194G12.2,0.0120821920556953
AL627309.1,RP11-524F11.2,0.0120769323473451
PLA2G16,DDR2,0.0120455235683155
MYO15B,FBXO30,0.0120390049457834
EXD3,ZNF572,0.0119519369481225
SIGLEC12,CYB5R2,0.0119343535536038
DPP3,RP11-168O16.1,0.0119317446620186
AC093157.1,AF131215.5,0.0118936839766951
NUP214,CCDC81,0.0118822976870167
SAT1,RP11-787I22.3,0.0118750354938298
PDCD7,PAPL,0.0118652765697138
DENND6B,LAMB3,0.0118524499602478
SAMD4A,RP11-769O8.2,0.0118025755369775
LAIR2,RP11-769O8.2,0.0118015463446916
IL4R,FOXE1,0.0118013291222278
LINC00671,LAMB3,0.0117984198708747
GZMB,PTPRR,0.0117837941192887
GAB2,GRIN2C,0.0117737768378278
S100A6,HM13-AS1,0.0117703884880862
KDM4A-AS1,CTD-3194G12.2,0.0117349211357127
NCF1,RP11-362K14.7,0.0116765423751669
TPPP3,GRIN2C,0.0116748798440656
AIF1,RET,0.0116458560898682
GNA15,RP11-769O8.2,0.0116338369241914
AC010536.1,CYP46A1,0.0116327766078235
CAST,JAG2,0.0115855129337574
CES1,AC140481.2,0.011556495787646
ADAR,TMEM105,0.0115462401270393
CD79A,HM13-AS1,0.0115344229043649
NKG7,PTPRR,0.0114969872924765
HLA-DRB5,SNRK-AS1,0.0114925603352749
PAK4,COL1A1,0.0114632373357283
LTB,AC068282.3,0.0114497405802624
PLXNB2,TTC39A,0.0114281387313329
TNFSF10,ARNTL2,0.0114087877126245
PTPN12,TNS4,0.0113974667934418
CD7,BBS5,0.0113195571998699
TUBA4A,CAPN9,0.0112829964799993
NAP1L5,RP1-86C11.7,0.0112261219147042
TSPO,AC000068.5,0.0111865283365059
MALAT1,CASC2,0.0111714759644875
RP11-849F2.8,CTRC,0.0111407535438677
MT-ND2,CYB5R2,0.0111314310345211
HLA-DQA2,RP11-769O8.2,0.0111240540205662
PKIG,RP11-276E15.4,0.0111020875798231
TSPAN13,RP11-276E15.4,0.0110526926865393
MIEF2,CLDN23,0.0110201552846384
TK1,RP11-769O8.2,0.0109854966616744
LST1,GRIN2C,0.0109780190920489
GADD45A,IL10,0.0109467196660444
NCR3,LHX1,0.0109267770137381
METTL25,RP11-168O16.1,0.0109025575699583
CYB561A3,GCSAML,0.0108870479055104
SNN,CAPN9,0.0108461052468335
SPI1,RP11-362K14.7,0.0108425323887094
ALOX5AP,CXXC4,0.0108080972739201
PGRMC2,IQSEC3,0.0108078967311558
PACSIN2,CTD-2192J16.26,0.0107750503930719
IRS2,RP11-29H23.4,0.0107191606311455
LILRB3,RET,0.0107072164657558
LCOR,RP11-769O8.2,0.0106727988159928
PWWP2B,RP11-787I22.3,0.0106690312019452
FRY,ADAM20,0.0106327944739392
EXTL3,C2orf48,0.0106166059508064
DISP1,CCDC81,0.0105938131948776
PPP1R12C,JAG2,0.010540238000543
CD74,RIPK4,0.0105156273713205
SNX24,RP11-196O16.1,0.0105044247163454
MT-CO1,AC009312.1,0.0104967883647925
ODC1,RP11-769O8.2,0.0104498702256241
GZMA,LHX1,0.0104137881645873
CX3CR1,C2orf48,0.0103801231045629
S100A9,AC068282.3,0.0103590879161943
LTB,PAPL,0.0103533428053595
C12orf75,RP11-787I22.3,0.0103526297583333
S1PR5,AC140481.2,0.01033557976554
SGK3,FBXO30,0.0103010118598971
HLA-C,ZNF572,0.010289668237044
SPON2,RP11-196O16.1,0.0102624819025721
IFIT3,XX-FW83128A1.2,0.0102169112800808
ISG15,RP11-29H23.4,0.0101368245538123
SH2D1B,RP11-769O8.2,0.0101246150679048
CD8B,CTD-2192J16.26,0.010120038404688
MS4A1,COL1A1,0.010082497395972
MOSPD2,CTC-503J8.4,0.010044179985584
PPM1J,AC000068.5,0.0100397050690937
RP11-134P9.3,FOXE1,0.0100341995356037
FASN,DNAJB5,0.0100267041201242
CDC42EP3,RP11-118K6.3,0.00999996108094
NMB,EPN2-AS1,0.0099952039365351
C1orf21,CCDC81,0.0099846222096245
ZNF529,IL10,0.009950671509997
EIF4G3,HCG20,0.009943259604008
MTPN,RP11-29H23.4,0.0099414020636468
MTMR11,AC015971.2,0.0099314830804893
TGFBI,CXXC4,0.0098884374966479
FCRL6,DDR2,0.0098634464287333
RETN,GPR153,0.0098550634310321
CLUH,AC140481.2,0.0098248492197859
LINC01137,RHD,0.0097833826069233
KLHL23,SCML2,0.0097074286016095
RP11-872J21.3,RP11-196O16.1,0.0096477812251558
CBFA2T3,EPN2-AS1,0.0096440368794997
KIF1B,STRIP2,0.0095608632553062
ACTN1,CLDN23,0.0095601915387165
AGTRAP,CCR8,0.009506773696134
LTB,DDR2,0.0095055355098836
EFCAB7,SCML2,0.0095026697458456
FCER1A,RET,0.0094927054385182
GSN,EPN2-AS1,0.0094879580905826
TMSB10,NLGN3,0.0094558481170268
CSRNP1,ZNF572,0.0093875247484395
NBPF9,LAMB3,0.0093366879189917
TYMP,EPHB3,0.0093142050770735
GZMA,RFX8,0.009285904268159
APOL2,VSTM2B,0.0092452629718542
TLR2,GRIN2C,0.0092284045162705
SIGLEC7,AC000068.5,0.0092247905810398
CLEC1B,RP1-86C11.7,0.0092000890603682
MGST2,HCG20,0.0091826011575404
DUSP2,RP11-54O7.1,0.009169853380897
PLEK,AC140481.2,0.0091621144752458
ARHGEF9,EPHB3,0.009085956543061
IER2,CTD-2620I22.7,0.0090537533311568
EXD3,PTH2,0.0090345371579686
GIGYF1,IQSEC3,0.009033325074733
RHOC,C1orf111,0.0090299958296084
TAF4,AC068282.3,0.0089848073360897
IL4R,RP11-196O16.1,0.008952072701471
NUDT16,EPAS1,0.0089213175948932
NFKBIA,RP1-86C11.7,0.0088759968724272
TTC27,RHOV,0.0088372826158846
PLBD1,RP11-118K6.3,0.0088360584048878
TRPM2,KRBOX1-1,0.0088310307598745
GZMK,RHD,0.0088239275999527
RP11-164H13.1,GCSAML,0.0088000352691015
GZMB,LHX1,0.0087825897527307
RP11-178C3.2,RP11-511B23.2,0.0087793663167469
RPL34,CCR8,0.0087189629414933
CST7,RP11-358L4.1,0.0087053044371619
LRCH3,CTD-2192J16.26,0.0086794065258071
CCL4,PTPRR,0.0086691008923197
RAB32,RHOV,0.0086487811791448
RASSF4,VNN3,0.0085811464746295
ANKIB1,RHOV,0.0085767559982704
KPNA6,CYP46A1,0.0085696969474458
CLEC10A,CLDN23,0.0085608560666105
ZFYVE1,EPN2-AS1,0.0085352228496529
LRG1,GRIN2C,0.0084822667391432
TPP1,C1orf111,0.0084505088429996
TYROBP,PTPRR,0.0084160586679358
NFKBIA,GYPE,0.0083904780131562
WASF2,RP3-323N1.2,0.0083847416473524
SNORD3D,C2orf48,0.0083818965934452
CD72,RP1-261D10.2,0.0083572956667793
GRN,AP3B2,0.0083381032401452
ERCC6L,AC068282.3,0.0083301252464346
CTD-3074O7.12,PTPRR,0.0082966898848785
QPCT,CLDN23,0.0082929612422349
RP11-367G6.3,STRIP2,0.008279016572565
TMSB4X,PAPL,0.0082534020081195
GIMAP8,RIPK4,0.0082377696040409
PF4,MMP1,0.0082020745660244
TPD52L1,PTPRR,0.008113313171324
PRTFDC1,RP11-196O16.1,0.0081028293283036
DDX51,C1orf101,0.0080836722692992
EMILIN1,MMP1,0.0080758082125367
TPP1,CCR8,0.0080423717300924
FCGR2B,RP11-511B23.2,0.0080396548911161
GPR137C,CTD-3194G12.2,0.0080279931003115
SLC8A1,RET,0.0080203150191478
CAPN12,DDR2,0.0080196643017438
TLN1,RP3-323N1.2,0.0080117516746743
GFOD1,PTPRR,0.0079933305071584
IL4R,CCR8,0.007947312541955
MPPED2,AC140481.2,0.0078737043882544
CD68,RET,0.0078340475405519
MOGS,RP1-86C11.7,0.0078183406939437
TAL1,RET,0.0078109226830242
HDAC6,RP11-196O16.1,0.0077992392609083
CD81,RP11-276E15.4,0.0077786571103456
MLLT4,CCR8,0.0077523207497712
SERPINA1,CLDN23,0.0077452883573556
S100B,CYP46A1,0.0077369566158785
SLC16A3,RP3-323N1.2,0.0077260390530207
LTB,AC108025.2,0.0077200279479455
FAM26F,ACKR2,0.0076694688061167
CTNNA1,VSTM2B,0.0076436449687996
CTA-445C9.15,GPR153,0.0076112694282861
TK2,MST1R,0.007588611490793
CDKN2D,CTD-2620I22.7,0.0075258535473733
PRAM1,SNRK-AS1,0.0075116706367455
GPR68,C1orf101,0.0075075669206682
ARHGAP18,FOXE1,0.0074753208776083
CENPB,RP11-787I22.3,0.007456121579074
ZNF554,TNS4,0.0074554969422642
FOS,RP11-276E15.4,0.0074355422879086
AGTRAP,ZNF572,0.0074348396470989
IGLL5,C1orf101,0.0074266138876548
ARHGAP42,C1orf111,0.0074162089871207
GNAZ,GCSAML,0.0074039718219227
SPTBN1,KRBOX1-1,0.0073887830631575
TLK1,RP11-54O7.1,0.0073866884939801
CTSZ,CLDN23,0.0073711479471823
TP53BP1,ACKR2,0.0073357636500114
PLD4,MST1R,0.0073264754359047
SETD1A,JAG2,0.0073209241638045
S100A6,C1orf101,0.0073096156725017
JUN,RP11-362K14.6,0.007294248433623
GP6,GCSAML,0.0072920812995086
RP11-452L6.5,SNRK-AS1,0.007282941954787
RP11-44F14.8,CTC-498J12.3,0.007268293200094
LINC00884,VSTM2B,0.0072609416970339
COQ7,RP11-769O8.2,0.0072554913364866
C1orf216,AC009312.1,0.0072466568438062
MAP3K7CL,RHD,0.0072464895283825
CIITA,CLDN23,0.0072224683975398
IL32,XX-FW83128A1.2,0.0072171694934658
CLEC4C,FAM47E,0.0071884916268602
ZMAT1,ZNF572,0.0071780618659306
SLC1A7,VNN3,0.0071592374315058
ARC,RET,0.0071511013611148
NMB,RP11-787I22.3,0.0071349713528368
ANKRD16,RP11-816J6.3,0.0071214156531976
STON2,RET,0.0071211242379451
PTPLAD1,EPAS1,0.0070973387187122
CENPBD1,RP11-276E15.4,0.0070781580508783
LGALS1,RP1-86C11.7,0.0070739739379053
CD300A,RP11-358L4.1,0.0070723932556227
RNF19B,IQSEC3,0.0070688589847195
SIPA1L2,LAMB3,0.0070618465553213
MT-CO1,RP11-168O16.1,0.007001764962194
HELB,AC009312.1,0.0069728563313549
HLA-DMA,MST1R,0.0069721070715078
H1F0,WWC2-AS2,0.0069650657827363
GNLY,VNN3,0.0069587945053761
AVEN,AC009312.1,0.0069548754226997
SIGLEC7,ZNF572,0.0069115674986982
WASF2,RP11-358L4.1,0.0068976731862066
TYMS,ZNF572,0.0068940241913088
HOXA9,RP1-86C11.7,0.0068938505291265
COPRS,RP11-276E15.4,0.0068671414149812
ZDHHC14,XX-FW83128A1.2,0.0068011594149259
TRIOBP,FKBP9,0.0067995288109972
MT-ND1,SCML2,0.0067774440832562
CD22,RP11-29H23.4,0.006759841058617
FTH1,CCDC81,0.0067309800994866
MMP23B,C11orf45,0.0067103908845898
RP11-761I4.3,CTD-3194G12.2,0.0066994297698024
SCAPER,IQSEC3,0.0066645278756933
SAT1,GYPE,0.0066632292927696
LILRB1,CTD-2192J16.26,0.006588711883147
BRD2,C1orf111,0.0065800092809437
EFHD2,MST1R,0.0065764239065794
NUSAP1,C2orf48,0.0065734110874179
EHBP1L1,CTD-2192J16.26,0.0065698321194967
CCDC50,RP11-511B23.2,0.0065611876825534
KIAA0513,CCDC81,0.0065499140368375
CTSW,AP3B2,0.0065417576909265
S100B,AC108025.2,0.0065101676194936
S100A4,MST1R,0.0064857014461536
UTF1,TMEM105,0.0064759431854491
MPEG1,RP11-29H23.4,0.006465446508777
TRIM25,CTC-503J8.4,0.0064358401656815
HLA-A,HCG20,0.0064323106068469
MT-ND1,AC108025.2,0.0064104911851401
KPNA6,AF131215.5,0.0063997587099632
HLA-DMB,COL1A1,0.0063971448528755
EXOC6B,RP11-362K14.7,0.0063916557954618
MKI67,STRIP2,0.0063732462830878
DLG4,AL049829.1,0.0063710022190575
ABCA2,AF131215.5,0.0063609812845731
UBE2M,RP11-816J6.3,0.0063583528610485
MT-CO1,CTD-2620I22.7,0.0063481808491222
KLRC2,CTD-2192J16.26,0.0063464231304124
RP1-43E13.2,CCDC81,0.0063218744549696
RP11-427H3.3,AC000068.5,0.006320723812042
LY86,TTC39A,0.0063187484734573
TIGIT,CYB5R2,0.0063180985298034
FCRL1,RP11-511B23.2,0.0063081712998103
PRDM15,GPR153,0.0062990755549727
BCL6,CTC-503J8.4,0.0062733160977847
AL928768.3,ACKR2,0.006264561429473
ANKIB1,CASC2,0.0062572920818689
BARD1,CASC2,0.0062544162402359
ZNF264,AP3B2,0.0062468259036146
MCUR1,TMEM105,0.0062352262206611
TMEM176A,AC015971.2,0.0062148960671022
CAMKK1,AC015971.2,0.0062085058138692
RP5-882C2.2,TMEM105,0.0061907562135183
GALK1,CTC-498J12.3,0.0061757312748862
SH2D2A,CCDC81,0.0061650895082274
ADAR,CXXC4,0.0061450449587016
AC093627.10,CTD-2620I22.7,0.0061371110359461
CDA,GRIN2C,0.0061111369447256
ABCA2,RP11-511B23.2,0.006094630547753
SAPCD2,AC015971.2,0.0060663559902116
TUBG1,GCSAML,0.0060540529312488
C15orf38,LAMB3,0.0060326744108234
RP11-305L7.1,WWC2-AS2,0.0060300491463801
IL1B,LAMB3,0.0060239077210896
LILRB2,FAM47E,0.0060046555965039
USP46,AC009312.1,0.006000705953221
FOSL2,RP11-118K6.3,0.0059864532294389
CLEC4E,IL10,0.0059045123258268
RP11-1275H24.2,XX-FW83128A1.2,0.0058822777181029
ITGA2B,MMP1,0.0058777690369752
CD8B,RP11-168O16.1,0.0058747010930345
EXTL3,RP11-816J6.3,0.0058744764916417
SAT1,MST1R,0.0058517701538726
SLC2A5,LHX1,0.0058255520979875
PPM1A,CTC-503J8.4,0.0057889957591687
APP,RP11-358L4.1,0.0057780717244414
TTLL3,RP11-816J6.3,0.0057608017495492
LRBA,IL10,0.0057426008034562
TGFBI,ZNF572,0.0057095342869486
CMIP,LHX1,0.0057012584963177
PFN1,BBS5,0.0056942551182795
TNFAIP2,AC068282.3,0.0056768478150552
ACTB,RP11-524F11.2,0.0056626557339269
NUDT16,CYB5R2,0.0056454450407852
KLRB1,RP3-323N1.2,0.0056381733953999
GABBR1,CLDN23,0.0056318271526884
ZCCHC17,GRIN2C,0.005619529025923
DCBLD1,ADAM20,0.0056082241095773
SLC8A1,AC015971.2,0.0055645323064417
AKR1C3,RP11-816J6.3,0.0055508107348268
FERMT3,RP11-769O8.2,0.0055381466439575
ALDH2,CLDN23,0.0055204279334174
GZMB,RP11-196O16.1,0.0055184427020259
CHAF1A,LHX1,0.0055150301272742
ZNF468,COL1A1,0.0055140023810715
MTMR11,CLDN23,0.0054933620162133
C4orf48,RP11-54O7.1,0.0054856189195519
PILRA,GYPE,0.0054656892274214
TYROBP,AP3B2,0.005456144399772
MOGS,RP11-713D19.1,0.0054556523173013
TJP2,ESPL1,0.0054539450985407
MCOLN1,RHOV,0.0054443213276331
LY6G6F,BMP6,0.00544188633324
CTSD,FAM47E,0.0054284272308109
RPAP3,RP3-323N1.2,0.0054226620381256
MT-ATP6,ADAM20,0.0054053706885076
RASGEF1A,RP11-524F11.2,0.005398578068709
RNASEK,CYB5R2,0.0053709860515332
LINC00884,CCR8,0.0053704072900747
MAX,RP11-362K14.6,0.0053696078280997
TLN1,C1orf101,0.0053614156279831
CD7,PTPRR,0.0053587981347584
FERMT3,IL10,0.0053520280181378
IGSF6,RET,0.0053501530378162
AKR1C3,RP1-261D10.2,0.0053457438186531
SNORD3D,ZNF572,0.0053084181187742
CD79A,COL1A1,0.0053051718560047
RIN2,GYPE,0.0052959854913317
TNFRSF13C,RET,0.0052958346703903
DPY19L1,RP1-86C11.7,0.0052804474879123
SCFD2,LHX1,0.0052702695905973
ASIP,CYP46A1,0.0052694365858674
OAZ1,AC068282.3,0.005264247570396
CSRNP1,RP11-816J6.3,0.0052501664281898
KIAA0226L,SCML2,0.0052046298459052
NCF1,RHOV,0.0051941897652285
GSTP1,CYB5R2,0.0051941120001548
AKNA,CCDC81,0.0051912406407756
KAT2B,LHX1,0.0051817037568506
MDN1,SCML2,0.0051689750148296
LINC00926,RP11-665G4.1,0.0051671410180752
SLC43A2,RP3-323N1.2,0.0051598107344256
KCNK13,RP3-323N1.2,0.0051572942501438
DGAT1,C2orf48,0.0051421193524817
CLIC3,GPR153,0.0051154907490828
AP1S2,AC108025.2,0.0051139834309448
NFKBIA,CYB5R2,0.0050953323693197
FCGR3A,RP11-118K6.3,0.0050871802257578
GAB3,CTRC,0.005086251204641
AKAP9,RP11-816J6.3,0.0050716703867632
CD14,HM13-AS1,0.0050674378013654
DAPP1,KRBOX1-1,0.0050611158802803
PLXNB2,VNN3,0.0050417603685706
ITPKC,JAG2,0.0050413939344374
NFKBIE,C11orf45,0.0050375236160362
FADS2,RP1-86C11.7,0.0050330192922987
IGLL5,GYPE,0.005032651675514
TPST2,RP11-276E15.4,0.0050307146134452
RILP,DDR2,0.0050153144969684
RHOC,RP11-358L4.1,0.0050115178872459
SH2B3,CTD-3194G12.2,0.00500462855678
RNASE6,CYP46A1,0.0049895101277771
CSAD,CTD-2619J13.3,0.00495360053805
IRF8,CTC-498J12.3,0.0049507003654348
FAM110A,CAPN9,0.0049366061642182
CEBPD,FBXO30,0.0049345222533411
PPP2R2B,CCDC81,0.0049300819600746
LYL1,PDE1A,0.0049274938337048
CTSH,EPN2-AS1,0.0049249045553674
KIAA2013,CTD-2619J13.3,0.0049237149524297
CD8B,AP3B2,0.0049031332399668
STARD8,EPN2-AS1,0.0048928343071206
TFEB,COL1A1,0.0048788489275924
RP5-1057J7.6,CTD-3194G12.2,0.0048681863280923
CSTA,RP11-524F11.2,0.0048589709438961
HTT,CTC-498J12.3,0.0048430075474271
RSU1,CTD-2619J13.3,0.0048331470512924
NBAS,AC015971.2,0.0048295553556509
SYMPK,RP11-168O16.1,0.0048177217278915
ALDH2,IL10,0.0048019187844716
MLC1,RP11-362K14.6,0.0047329301249296
STXBP2,PAPL,0.004719440242503
SH3BP5L,CTD-2619J13.3,0.0047047864137134
TLK1,RP11-358L4.1,0.0047020539765286
PADI4,RIPK4,0.0046996356794422
CD22,CCDC81,0.0046993370666868
SOAT1,ZNF572,0.0046957421098294
YBX3,EPAS1,0.0046938673763671
CHAF1A,RP11-816J6.3,0.0046785689414817
KIF13A,RHOV,0.0046653702329773
H1FX,C1orf101,0.0046630463955684
DGKQ,CTD-2192J16.26,0.0046612841840982
PFN1,RP11-276E15.4,0.0046581293925187
RUNX3,RP11-787I22.3,0.0046540342543282
SYNGR1,RP11-362K14.6,0.0046502879214806
KCNG1,RP11-524F11.2,0.0046457071192012
ABI3,JAG2,0.004642833288249
FTH1,CAPN9,0.0046378479646649
TTC7A,DDR2,0.0046215194649244
CAPG,LHX1,0.0046027597823188
GAK,EPAS1,0.0045966076518581
SMCO4,C1orf101,0.004588175830904
APLP2,TNS4,0.0045853311383765
MKI67,IL10,0.0045721903728607
IFI30,CTD-2192J16.26,0.0045700641772922
TMEM176B,TMEM105,0.004566576646643
MT-ND2,GRIN2C,0.0045564151767886
RNASE6,RP11-358L4.1,0.0045546962459785
PYCARD,LHX1,0.0045478604236526
RP9,RP11-787I22.3,0.004545183180924
HIVEP3,PDE1A,0.0045349565924881
PTRH1,CTC-498J12.3,0.0045259855219735
ZCCHC24,AC068282.3,0.0045170795177669
AP001816.1,RP11-118K6.3,0.0045152103958791
AC007349.5,AL049829.1,0.0045082009638017
RPGR,COL1A1,0.00450644751331
GZMK,IL10,0.0044839640044153
CDC42EP3,CTD-3194G12.2,0.0044620611293791
RPLP1,RP11-358L4.1,0.0044515530942402
HLA-DPB1,RP11-29H23.4,0.0044422059159718
SPHK1,DDR2,0.0044368873708651
CD79B,SCML2,0.004433824947117
AC115618.1,C1orf101,0.0044077249282822
MTMR11,GYPE,0.0044071292909486
TPPP3,CLDN23,0.0043872099690488
LYL1,RP1-86C11.7,0.0043650159513446
MICAL2,CTD-2192J16.26,0.0043456777954426
EIF4EBP1,AC000068.5,0.00434453580117
LRCH3,CCDC81,0.004337221240835
SCAMP5,CYP46A1,0.0043299513686406
TRPS1,ACKR2,0.0043050158846257
KLRC1,KRBOX1-1,0.0043033294874081
WWC2,CYB5R2,0.0042637311219718
AL136376.1,C1orf101,0.0042621978392118
TBL1X,RP11-362K14.7,0.0042497969608573
IGSF6,C11orf45,0.0042450319498054
KCTD10,C2orf48,0.0041932262285464
GSTP1,RP11-168O16.1,0.0041787946977843
ID1,CTC-498J12.3,0.0041775354454213
LAIR2,RP4-655J12.4,0.0041647718582858
RP11-66N24.4,CTC-503J8.4,0.004154861073752
S100A6,RP11-713D19.1,0.0041545025377772
GSTO1,CCR8,0.0041440268851889
IL8,RET,0.0041303116447136
HEG1,AC068282.3,0.0041184233908759
BANK1,PDE1A,0.0041049961351624
CTB-55O6.12,TMEM105,0.0040990418685087
ZNF264,AC000068.5,0.0040910186873182
CD4,RP1-86C11.7,0.0040880021873453
CD40,ADAM20,0.0040822104361054
LINC00152,RP11-665G4.1,0.0040812437023095
ZNF362,RP11-276E15.4,0.0040774411964951
LTB,RFX8,0.0040697355954576
GZMH,RP11-362K14.6,0.0040662558557185
CMTM5,GCSAML,0.0040578585738185
CTBP2,CTRC,0.0040469725328375
CTB-55O6.12,C11orf45,0.0040371242211621
CTSW,CXXC4,0.0040179547163858
CCDC82,BBS5,0.0040096487490131
WASF2,IL10,0.0040095063793975
NUP214,CTC-503J8.4,0.0040081662866049
TMEM170B,RP11-511B23.2,0.0040043637555549
TLK1,AC068282.3,0.0039956927855201
FAM26F,CYB5R2,0.0039875388755239
GNPTAB,HM13-AS1,0.0039863306007938
CD19,CTD-2620I22.7,0.0039808839641963
SUPT6H,CYB5R2,0.003973321512666
EFHD2,TNS4,0.0039688710234833
UNC93B1,C1orf101,0.003963477495582
RP11-117D22.2,CYP46A1,0.0039595856835995
CDC42EP3,BBS5,0.0039574546406491
IFIT3,CCR8,0.0039374140730631
DAG1,RP11-524F11.2,0.0039363727132368
PVRL1,JAG2,0.0039262578885717
STX1A,HCG20,0.0039258704817112
TPPP3,RET,0.0039063649399185
MT-ND1,PDE1A,0.0038950314220932
CTB-55O6.12,WWC2-AS2,0.0038860704860963
LIMK2,RP11-118K6.3,0.0038805504269871
GZMK,HCG20,0.0038725805288539
RBM27,HM13-AS1,0.0038586439113825
MMP17,EPHB3,0.0038488993635804
PRF1,C2orf48,0.0038403862631479
ALDH2,RP11-196O16.1,0.0038353068403179
C1orf35,LAMB3,0.0038303675411074
RP11-464F9.20,IQSEC3,0.003822311405812
KDM5A,AL049829.1,0.0038174378868062
MTPN,EPHB3,0.003805899202248
TPST2,HM13-AS1,0.0037904518159064
MRM1,RP11-196O16.1,0.0037704597873807
KLRG1,CTC-498J12.3,0.0037381780622809
DUSP23,GYPE,0.0037357496974029
BLNK,RP11-362K14.6,0.0037135342175258
TMEM91,RP3-323N1.2,0.0037078288634082
NRGN,DDR2,0.0037065873377708
EFCAB7,CAPN9,0.0036940156641227
C4orf48,CTC-503J8.4,0.0036860119832834
UNC79,BBS5,0.0036746851469302
ABCA7,RP11-362K14.7,0.0036721713572061
NRGN,MMP1,0.003671277571349
BCL2L1,CCDC81,0.0036611319871384
CAMKK1,ESPL1,0.0036597466509073
GSTP1,HSPA12B,0.0036445632795571
MARCH2,COL1A1,0.0036428846898551
CWC25,DDR2,0.0036422993544473
RP11-386G11.5,C1orf101,0.0036397415057274
ARID3A,COL1A1,0.0036269132844477
KLRD1,RP3-323N1.2,0.0036079965756547
CACNA2D4,EPHB3,0.0036070471405568
ADAR,CTD-2619J13.3,0.0036013677875581
FMO5,CCDC81,0.0035862557510063
CD19,COL1A1,0.0035856426958123
USP28,VNN3,0.0035830633677772
CTB-55O6.12,CTC-503J8.4,0.0035733418624722
MLXIP,EPHB3,0.0035519861829702
TNFRSF1B,STRIP2,0.003533592891746
hsa-mir-8072,C1orf101,0.0035319419198657
HLA-C,WWC2-AS2,0.0035307546327708
ABI3,ZNF572,0.0035294326225869
ZNF618,PTPRR,0.0035208793450865
SNORD3B-2,LAMB3,0.003511034143266
UTP14C,KRBOX1-1,0.0034979324856357
HIVEP3,CTD-2619J13.3,0.0034969577450082
HES4,RET,0.0034751609862
ZBTB38,EPHB3,0.003474766002785
RP3-337H4.9,CLDN23,0.0034397622613125
PNOC,RP11-29H23.4,0.0033673568771049
NR4A1,WWC2-AS2,0.0033558067085934
CRIP2,RHOV,0.0033513811858383
LEMD3,RP11-362K14.7,0.0033443952802413
PIP5K1B,FOXE1,0.0033366468399271
SSX2IP,CTC-503J8.4,0.0033334498239902
IFI30,RP11-511B23.2,0.0033276869885759
RPLP1,BBS5,0.0033222956318027
FAM110A,RP11-276E15.4,0.0033212822192664
RP11-156E8.1,LAMB3,0.0033193562377599
ARHGAP18,AL049829.1,0.0033166852082376
MYCL,CLDN23,0.003279044465273
PTPDC1,VSTM2B,0.0032717274627189
DUSP1,RP11-276E15.4,0.0032540799300922
IQSEC1,RP11-665G4.1,0.0032483256022995
GBA2,RP1-261D10.2,0.0032371000822009
GCHFR,RP11-524F11.2,0.0032340801457346
PQLC1,C1orf101,0.0032146348670741
APMAP,AC068282.3,0.0032094189152197
MSRB1,C1orf111,0.0032058429507693
MPEG1,GCSAML,0.0032030655213076
DPP3,RP11-29H23.4,0.0032001337708236
MPO,CYB5R2,0.0031911724193866
PHRF1,CTC-498J12.3,0.0031866165683822
PTPRE,SNRK-AS1,0.0031845419971914
UNC79,TNS4,0.0031789942979784
TNFRSF18,PTH2,0.0031681542733151
MOGS,RP11-29H23.4,0.0031593327434919
ANXA2,CTD-2620I22.7,0.0031587501211916
IL13RA1,AF131215.5,0.0031491957604881
SLC27A1,C2orf48,0.0031074873349023
KLF6,C11orf45,0.0031050592034385
TMEM140,AC068282.3,0.0030968607969533
ATG10,ZNF572,0.0030950425412298
RILP,XX-FW83128A1.2,0.0030758211695581
LRIF1,AC068282.3,0.0030512871978607
MS4A1,SCML2,0.003048025538417
HLA-DRB1,AC000068.5,0.0030448578750888
S100A6,C11orf45,0.0030410515023429
ITPKC,AC068282.3,0.0030368732248653
CAPG,PDE1A,0.002996730478321
MALAT1,CXXC4,0.002993421289396
ARHGAP17,AC108025.2,0.00299332021054
RAB32,LAMB3,0.0029840824101371
LAT2,JAG2,0.0029816654828898
NPC2,SCML2,0.00297171922818
RPL34,KRBOX1-1,0.0029712927712978
MATK,LAMB3,0.0029645907879007
NXF1,NLGN3,0.0029622610080229
RP11-326I11.3,CTD-2619J13.3,0.0029621404243548
HLA-DMA,CLDN23,0.0029613115614634
JOSD2,FOXE1,0.0029562736951695
KLRB1,EPN2-AS1,0.0029506491205045
PPP1R14A,CYB5R2,0.0029496260435865
CD81,RP11-362K14.7,0.0029460354203562
TSNARE1,LHX1,0.002939858638977
MGST2,RP3-323N1.2,0.0029330290410564
HLA-DRA,AF131215.5,0.0029313255741437
MB21D1,ZNF572,0.0029237302580319
TNFRSF13C,ADAM20,0.0029194253175061
TNNC2,CYB5R2,0.0029086964994176
GNGT2,C2orf48,0.002908038958166
CELF1,BBS5,0.0028985273092985
UBE2F,CTC-503J8.4,0.0028856791888322
SEC16A,COL1A1,0.0028853848223228
XCL1,VNN3,0.0028753681426055
CTA-445C9.15,AC108025.2,0.0028747422384963
NAB1,CTD-3194G12.2,0.0028734946516401
EFHD2,TMEM105,0.0028674310162984
CST7,VSTM2B,0.0028526567378833
TTL,CCR8,0.0028371107123434
ADAP1,RP3-323N1.2,0.0028230537396839
MEGF9,AC068282.3,0.0028057885655665
MAN2A2,RHOV,0.0027940769064219
IL2RB,WWC2-AS2,0.0027908051489682
BCL2L1,ADAM20,0.0027718034892049
CD79B,RP1-261D10.2,0.0027543225272043
SLC27A3,TMEM105,0.0027510885854343
FTL,HCG20,0.0027505087739896
EIF3B,NLGN3,0.0027461200633674
OLFM1,EPAS1,0.0027360010978953
DUSP1,RHOV,0.0027348724744022
DENND4C,RP3-323N1.2,0.0027219693717519
P2RX5,RP11-665G4.1,0.0027142421823209
OSCAR,CLDN23,0.0027123338689602
LGALS1,MST1R,0.0027070219893477
ALOX5AP,FOXE1,0.0026899145949158
WWC2,SCML2,0.0026869220645244
IL32,PAPL,0.0026792194880753
LEMD3,DDR2,0.0026729175314875
LIN54,AC108025.2,0.0026722174057668
NAB1,AL049829.1,0.0026573478849678
RPLP1,RP11-362K14.6,0.0026443280424176
ASCL2,VSTM2B,0.0026419618285387
TSPAN13,RP11-511B23.2,0.0026336295546522
FCER1A,CLDN23,0.002629001080817
CD79B,GYPE,0.002624453404484
GAK,AP3B2,0.002620686789352
ZCCHC24,EPN2-AS1,0.0026190903474659
MAFB,LHX1,0.0026180558843234
H1FX,RP11-358L4.1,0.0026126527732735
PTGDS,XX-FW83128A1.2,0.0026052100107824
FCGR3A,GYPE,0.002590276200566
APP,CAPN9,0.0025872943387633
NEURL4,C11orf45,0.0025772457262405
AP5B1,TMEM105,0.0025768159711527
NKAP,CTRC,0.0025604046373908
CDYL,MST1R,0.0025599674060909
PPAPDC1B,AC015971.2,0.0025576692476667
PDXK,AC108025.2,0.0025408212865526
FCRLA,RP11-511B23.2,0.0025236749855517
TUBB4B,JAG2,0.0025015864389193
ACTB,NLGN3,0.0024926868002351
VAC14,ZNF572,0.0024741579510087
PROCR,HCG20,0.0024689252678127
C14orf80,XX-FW83128A1.2,0.0024662219041185
PTTG1,ADAM20,0.0024532549810371
GAB3,PDE1A,0.0024500944938162
YWHAH,TNS4,0.002439272386555
C11orf83,RP11-196O16.1,0.0024292221019012
XXbac-BPG181B23.7,CAPN9,0.0024257904444701
PLA2G16,RP11-196O16.1,0.0024190967968431
HLA-DMB,ZNF572,0.0024157772198369
GPR68,PDE1A,0.0024113276495568
TMEM88,RP4-655J12.4,0.0024087314305539
AXIN2,RFX8,0.0023992993583468
MMD,COL1A1,0.0023904724832106
MKI67,C2orf48,0.0023885607865785
PYHIN1,DDR2,0.0023824787253566
RSU1,C2orf48,0.002373806503683
SYTL3,RFX8,0.00237171106335
PPAPDC1B,AL049829.1,0.0023702140840781
ABHD2,MST1R,0.0023593559691163
KIF22,KRBOX1-1,0.0023568682964648
FOXN2,CAPN9,0.0023366672702396
SIGLEC7,KRBOX1-1,0.0023302291114795
PURA,MST1R,0.0023278510016986
TLN1,RP11-276E15.4,0.0023258350302401
LYL1,XX-FW83128A1.2,0.0023199612367955
FGFBP2,SNRK-AS1,0.002309553534021
PMAIP1,HSPA12B,0.0023082375044273
LRBA,CTC-498J12.3,0.0023047425053614
NPC2,RP11-196O16.1,0.0023018130403999
LAT2,RP4-655J12.4,0.0022963414876591
LIMS1,PTH2,0.0022788181750437
RNF130,RP11-118K6.3,0.0022750377341851
PRKAR2A,RP1-86C11.7,0.00227406043406
ATP10D,C11orf45,0.0022616977584739
IFI6,RP11-276E15.4,0.0022488209874443
GNA15,PTH2,0.0022360178375438
PRF1,ZNF572,0.0022223782596951
C6orf120,RP11-276E15.4,0.0022188059681394
ABHD2,CTRC,0.0022167257777483
CD68,AL049829.1,0.0022141959871169
CPVL,AP3B2,0.0021949842549209
VIM,RIPK4,0.0021902591340555
TACC1,FAM47E,0.0021721058428309
NLRP7,LHX1,0.0021656399966256
ANKRD11,JAG2,0.0021571618362309
IGJ,ACKR2,0.0021561662139922
LIMS3-1,STRIP2,0.0021540439725814
ITGAM,AC015971.2,0.0021450679779894
SLC12A9,AC009312.1,0.0021383302683363
TBX21,WWC2-AS2,0.002137963255903
ASCL2,RP11-362K14.6,0.0021196412116006
GNAI2,C1orf101,0.0021186949908663
INPPL1,WWC2-AS2,0.0021168883531537
GBGT1,RP11-511B23.2,0.0021155144284705
GZMB,RP11-713D19.1,0.0020898603408239
HLA-DQA2,ADAM20,0.0020706463795159
NMB,TNS4,0.0020659908748908
VTI1B,TNS4,0.0020608426331036
TNFSF10,NLGN3,0.0020529368713515
SCAPER,RIPK4,0.0020439255425381
PGRMC1,C1orf111,0.0020423502035238
C10orf11,CLDN23,0.0020390600783855
MCOLN1,C1orf111,0.0020374164835391
ARHGEF17,EPN2-AS1,0.0020184567603752
MKI67,ESPL1,0.002001355322368
RP11-222K16.2,VSTM2B,0.0019982600716844
DUSP5,RFX8,0.0019980277656084
SCO2,HSPA12B,0.0019974362331783
KIAA0125,AC015971.2,0.0019900407506713
TCHP,COL1A1,0.0019871085955933
PAFAH1B2,AC009312.1,0.0019862459706152
MIR142,TNS4,0.0019840994698221
AHCTF1,ADAM20,0.0019797775830945
HLA-DRB5,RP11-29H23.4,0.0019734847159365
TPST2,CTD-2192J16.26,0.0019646273766871
ZNF143,AC009312.1,0.0019580360536643
TNFRSF17,HM13-AS1,0.0019550932440503
HLA-DRB1,AL049829.1,0.0019527944839772
PHC2,RP11-362K14.7,0.0019527457583067
RCC2,KRBOX1-1,0.0019401282491196
MAX,RP11-362K14.7,0.0019371776899468
RPF2,SCML2,0.0019306473644467
RP11-390P2.4,RET,0.0019227726539098
LAT2,C1orf111,0.0019188325272234
JAM3,RP11-362K14.6,0.0019143038812822
PRF1,VSTM2B,0.0019106010198533
JUND,NLGN3,0.0019073503166084
TYMS,STRIP2,0.0019017092460833
ST6GALNAC3,RFX8,0.0019015146807248
ZNF618,FOXE1,0.0018971861225201
AIF1,AC015971.2,0.001894103676968
RP11-312O7.2,CLDN23,0.0018837451464671
XXbac-B135H6.15,CTD-2620I22.7,0.0018813383770898
VAC14,COL1A1,0.0018798467599736
VWA5A,HCG20,0.0018729996331153
KIAA0319L,DDR2,0.0018693110384327
CAPG,CYB5R2,0.001861806437548
RP11-290F20.3,CTD-2620I22.7,0.0018602263788296
RPL34,CTC-498J12.3,0.0018566598390924
SNX29,AC015971.2,0.0018411409051788
SZT2,DDR2,0.0018320555662731
ETV6,STRIP2,0.00182287267917
ATG2A,VNN3,0.0018217948539337
SAMD3,CTD-2619J13.3,0.0018115980018817
IQSEC1,KRBOX1-1,0.001801808818236
DGKZ,BBS5,0.0017779146539363
RNASE6,RP11-168O16.1,0.0017688384674374
RBM11,HM13-AS1,0.0017665047950806
PRRG2,CTD-2620I22.7,0.0017647360406014
RP11-291B21.2,AP3B2,0.0017588227162167
SYNE2,AF131215.5,0.0017582088803889
BIRC3,CYB5R2,0.0017567488809888
UNC93B1,GYPE,0.0017497244646459
NUSAP1,ZNF572,0.0017463867566459
PTCRA,FAM47E,0.0017380531460733
CBX4,RP11-362K14.7,0.001737861572544
CD79A,AC015971.2,0.0017319808634222
TSPO,RIPK4,0.001731044202953
RP11-291B21.2,RHOV,0.0017251763070319
CPEB2,AC000068.5,0.0017233943167724
TCL1A,GCSAML,0.0017230357260007
C15orf48,VNN3,0.0017197477822075
MCOLN1,GCSAML,0.0017174010990138
BRD2,CTRC,0.0017075073948188
HOXA9,TNS4,0.0017035688064001
NFKBIA,HSPA12B,0.0016975939773186
CD8A,FAM47E,0.0016924261413596
RETN,RP11-118K6.3,0.0016831733850491
EAF2,AL049829.1,0.0016776762113439
IL1RN,IL10,0.0016740386941628
IQGAP2,EPAS1,0.0016718831227233
SLA,CTD-3194G12.2,0.0016710309214988
HLA-C,HSPA12B,0.0016612244799104
TSPAN13,PDE1A,0.0016573086870956
UBXN6,C1orf111,0.0016531025071568
LAYN,RP3-323N1.2,0.0016448521474526
NFE2,RP11-524F11.2,0.0016442077096807
SAPCD2,RP11-769O8.2,0.0016379498511122
HOMER3,JAG2,0.0016377206786335
TCL1A,RP11-511B23.2,0.0016353840192701
FLNA,RP11-665G4.1,0.0016317653662325
DENND1B,GCSAML,0.0016295109353961
SETD5-AS1,FKBP9,0.0016221524252598
LINC00926,RP11-362K14.6,0.0015964863235865
RAI1,CTD-2619J13.3,0.0015954795841114
ITGA10,GRIN2C,0.0015908660738147
PADI4,CTD-3194G12.2,0.0015906092178891
CREB5,CLDN23,0.0015817233017582
GCHFR,AL049829.1,0.001574754813235
LINC00996,AC000068.5,0.0015736488802601
IL2RB,RP1-261D10.2,0.0015735538691503
KIAA0319L,AC009312.1,0.0015628645110265
DENND1B,ACKR2,0.0015536323616221
PRKCDBP,GYPE,0.0015491298480223
RRBP1,COL1A1,0.0015343315499738
FGFBP2,VSTM2B,0.001532671510543
IER2,WWC2-AS2,0.001525707775797
EFCAB7,CTD-3194G12.2,0.0015214496507908
CTBP2,RP11-713D19.1,0.0015141821401819
GGA1,PAPL,0.0015046491888359
SAT1,TMEM105,0.0015042002788221
STMN1,ESPL1,0.0015030584338777
TNFRSF1A,RP3-323N1.2,0.0014996780510752
TMSB4X,AC015971.2,0.0014882242760036
CST3,HSPA12B,0.0014857170807398
CXCR3,RP11-362K14.6,0.0014838129504754
HLA-DRB5,CLDN23,0.0014805675542644
GALK1,RP11-276E15.4,0.0014777214805066
FCRL6,VSTM2B,0.0014776058713564
SCO2,RP1-86C11.7,0.0014731352221614
IFITM3,RP11-358L4.1,0.0014704644298236
LYPD2,AC015971.2,0.001463658506611
PRSS23,GCSAML,0.0014634956781434
SOX4,NLGN3,0.0014620784111088
AP001053.11,AC015971.2,0.0014611384149773
MAX,RP11-196O16.1,0.0014507310393952
HERC3,ACKR2,0.0014496214597277
S1PR5,CASC2,0.0014477797819181
CTD-3074O7.12,CCDC81,0.0014468674169753
HLA-DPB1,CASC2,0.0014310963581634
SETD5-AS1,AC108025.2,0.0014190584059601
KDM6B,RP11-362K14.6,0.0014137710221642
IFI6,CTD-2620I22.7,0.001411161736605
SNAI3,JAG2,0.0014095304679244
KRIT1,CCDC81,0.0014021114667125
RAI1,MST1R,0.0014019992678507
FOS,ACKR2,0.001393211733765
IFI27L2,CTD-2192J16.26,0.0013926572206359
KCNG1,AF131215.5,0.001388582153683
ANXA2,AL049829.1,0.0013871904437422
GCHFR,RFX8,0.0013864630442413
RP11-336K24.12,JAG2,0.0013757103788118
EFHD2,RP11-118K6.3,0.0013709407892528
SIRPA,CLDN23,0.0013655670936458
RPLP1,CTD-2192J16.26,0.0013610143869962
HLA-DOB,CYB5R2,0.0013603598057668
PYCARD,RP11-168O16.1,0.001352491138047
CDNF,CYP46A1,0.0013482918741581
RP5-1028K7.2,BBS5,0.0013426344669381
HLA-DQB1,ARNTL2,0.001342480281313
KIF4A,HM13-AS1,0.0013381439753898
HLA-DMA,EPN2-AS1,0.0013359287869576
SLC35E1,VSTM2B,0.0013324554767553
RXRA,TNS4,0.0013281457378139
RSF1,RHOV,0.0013201244663414
TGFBRAP1,C1orf101,0.0013192739606855
PINLYP,CCDC81,0.0013167352332578
RP4-647C14.2,AF131215.5,0.0013163989019436
MT2A,CTD-3194G12.2,0.0013134855848876
CCL5,RP11-196O16.1,0.0013059418430509
MATK,CTC-503J8.4,0.0013001448502925
PFN1,ESPL1,0.0012994783074144
LILRB3,GRIN2C,0.0012990520721238
HLA-DPA1,GYPE,0.0012914092881499
SIN3A,VNN3,0.0012904221297712
CMKLR1,C1orf111,0.0012840710210382
PURA,AF131215.5,0.0012814963399975
PLD4,PDE1A,0.0012813987115666
AOAH,AP3B2,0.0012765167488671
GPX1,TMEM105,0.001273729217557
HLA-DMB,GYPE,0.0012726322012449
GALNT2,RP11-511B23.2,0.001270690256949
LIG3,CTD-3194G12.2,0.0012694230903697
HLA-C,AC068282.3,0.0012672623853016
TFAP2E,RP11-196O16.1,0.0012671652425271
PDCD7,RP3-323N1.2,0.0012670711839781
SOX13,AC000068.5,0.0012629957502559
RP11-222K16.2,RP3-323N1.2,0.0012627115725313
MT2A,RP11-276E15.4,0.0012621061719237
MZB1,GCSAML,0.0012556411812862
NCOA4,CCR8,0.0012554919204167
IL1B,RP1-86C11.7,0.0012550330375394
GADD45A,RP3-323N1.2,0.0012505786565472
AVPI1,AC000068.5,0.0012446208354493
GZMB,JAG2,0.001239009566795
AP1S2,RIPK4,0.0012371314615557
RP11-872J21.3,CTD-3194G12.2,0.0012300608398695
NCKAP5L,JAG2,0.0012289008448534
CAPN12,PDE1A,0.0012227633586819
B2M,MST1R,0.0012185255715218
JUN,CASC2,0.0012143235724606
LIMS1,FKBP9,0.0012052751665378
C1orf35,RP11-713D19.1,0.0012030043863775
VIPR2,C1orf111,0.0012026480311119
TUBA1C,EPAS1,0.0011905465479975
KLRB1,AP3B2,0.0011833344408483
KLF6,AC009312.1,0.0011826886742156
ZG16B,GYPE,0.0011802295745453
CYB561A3,TMEM105,0.0011790794622977
RP11-117D22.2,CTD-3194G12.2,0.0011780003769269
SAPCD2,HM13-AS1,0.0011769139990579
PROC,HSPA12B,0.0011682465034669
TMCO3,C1orf101,0.0011653150145349
TRIM7,ESPL1,0.0011650030278959
ARHGAP26,CTRC,0.0011625463388996
SPIB,C1orf101,0.0011622333961994
HLA-C,ADAM20,0.001154741097395
TESC,RP11-362K14.6,0.0011516770204057
CRIP2,WWC2-AS2,0.0011481112023662
TRIM25,CTD-2619J13.3,0.0011425991775973
ARID5B,BBS5,0.0011394371481277
NUDT16,HCG20,0.0011320101638641
CD74,RP11-665G4.1,0.00112868658918
IFITM2,RP4-655J12.4,0.0011278573666658
RAB3D,HCG20,0.0011267899346415
NGFRAP1,RP11-362K14.7,0.0011171666556
BRI3,RP1-86C11.7,0.0011110013013394
TSPO,CYB5R2,0.0011103112699717
OGFRL1,AC009312.1,0.0011099340241393
RPL34,DDR2,0.0011078287807168
CWC25,RP11-276E15.4,0.0010972482764844
NT5M,ESPL1,0.0010968440719148
APOBEC3G,WWC2-AS2,0.0010959847304683
RPL3,ZNF572,0.0010950014655281
NFKBID,EPN2-AS1,0.001094924440829
RP11-291B21.2,XX-FW83128A1.2,0.0010939826285308
MLC1,CXXC4,0.0010938576337728
IFI27L2,RP11-276E15.4,0.0010779257594176
NFKBID,ACKR2,0.0010740884218958
S100A6,RP1-261D10.2,0.0010734026764432
TSPAN13,RP11-29H23.4,0.0010674256724317
GCHFR,RP11-358L4.1,0.001057262547358
KLRB1,HM13-AS1,0.0010524395708694
HLA-DRB5,PDE1A,0.0010488525384244
DYM,RP11-524F11.2,0.0010475206913138
HLA-A,AC108025.2,0.0010469694958482
PLAUR,COL1A1,0.0010468951030281
DYM,RP11-665G4.1,0.0010439599907087
PRF1,KRBOX1-1,0.0010430123969686
PREX1,CCR8,0.0010425076736898
BCL2L1,EPAS1,0.0010403918508041
VASH1,HSPA12B,0.0010363995452673
MS4A6A,GYPE,0.001021219450696
SFSWAP,ADAM20,0.0010098478806188
RPP25L,CTD-2620I22.7,0.0009960989975053
BLK,ACKR2,0.000994640510387
FAM110A,EPAS1,0.0009943974732273
HLA-DRA,GYPE,0.0009911313099045
MT-ND1,RIPK4,0.0009909947921729
ANXA2,DDR2,0.0009895817477921
TCTEX1D4,RP11-769O8.2,0.0009891603722736
H1FX,FOXE1,0.000984094257581
ANXA2,VSTM2B,0.0009840714191293
RALGPS2,FAM47E,0.0009839464641895
ZNF320,JAG2,0.0009839444353364
NEXN,RP11-511B23.2,0.0009827517248906
IGF2R,RP11-769O8.2,0.0009822325774887
NT5C3A,LHX1,0.0009699358808877
SPHK1,CTD-2620I22.7,0.000969011190047
VTI1B,HCG20,0.0009668445576487
ZNF593,ADAM20,0.000963728773777
RALBP1,AP3B2,0.0009578035377031
UPF1,LHX1,0.0009455598837504
SRPK2,NLGN3,0.0009426682475602
RRP12,JAG2,0.0009405994731343
CYB561A3,CYB5R2,0.0009375151699142
KIR3DL2,HCG20,0.0009360251297934
KRT86,C1orf111,0.0009352355336102
CPVL,EPN2-AS1,0.0009311325459631
MPST,NLGN3,0.0009309602817294
COL6A2,RP11-118K6.3,0.0009304863060858
PRSS23,VNN3,0.000929370628379
TUBA4A,RP1-86C11.7,0.0009258603258491
SCARF1,CLDN23,0.0009251013835735
HBEGF,RP4-655J12.4,0.000924556265118
IFI6,RP11-168O16.1,0.0009220848083443
POU2F2,AL049829.1,0.0009191286060078
TUG1,CCR8,0.000918772509629
TP53BP2,CTC-503J8.4,0.0009171544592982
FTH1,EPAS1,0.0008941535747917
RASSF4,CLDN23,0.000888838046789
RHOQ,AC015971.2,0.0008862237808511
HSCB,RP11-276E15.4,0.0008832274984323
PFN1,STRIP2,0.0008830075946629
RRBP1,PDE1A,0.0008812409681715
SYTL2,CXXC4,0.0008797786679883
RPL34,FAM47E,0.0008755362972987
FADS1,CLDN23,0.0008743346256929
HIST1H1B,IQSEC3,0.0008740513619845
BCL3,CTC-503J8.4,0.0008732169262761
LYPD2,CTD-2620I22.7,0.0008710986657455
NGFRAP1,RIPK4,0.0008698148747767
LYAR,KRBOX1-1,0.0008684663463395
HAVCR2,MST1R,0.0008675273165835
GAK,CTC-503J8.4,0.0008666663830638
KLB,RP11-769O8.2,0.0008661041857031
ZDHHC8,KRBOX1-1,0.0008633030368885
PSAP,BBS5,0.0008624253021092
TYK2,AL049829.1,0.0008587517425702
CTSA,RP11-276E15.4,0.000858183062188
F2R,HM13-AS1,0.000854417285777
MTMR11,CTD-2620I22.7,0.0008533853990494
FCRL6,ESPL1,0.0008465692321729
UPK3A,CLDN23,0.000837165146462
NUP214,EPN2-AS1,0.00083602418703
FTL,AC015971.2,0.0008332270650138
MXD1,CAPN9,0.0008310198415263
ZNF362,C1orf101,0.0008308495768029
CD79A,GYPE,0.0008265684538232
SLC46A2,CLDN23,0.0008245667617293
TULP3,C2orf48,0.0008245088158537
NKG7,C2orf48,0.0008208216392386
GZMH,IQSEC3,0.0008207924555214
SLC10A3,RP11-787I22.3,0.0008199251133299
NLRP7,HM13-AS1,0.0008190790201435
AOAH,HM13-AS1,0.0008146198690665
IL4R,XX-FW83128A1.2,0.000811303139222
LRCH3,HM13-AS1,0.0008105197444333
PFN1,RP11-665G4.1,0.0008084968686256
IFITM2,MST1R,0.0008079381620133
CSF2RA,RIPK4,0.0008071096243907
MYOM2,RP11-769O8.2,0.0007935858138681
MYBL1,AC108025.2,0.0007907644864179
SMCO4,EPN2-AS1,0.0007906841585206
ITM2C,RP11-665G4.1,0.0007862531004099
IFITM2,RP11-511B23.2,0.0007849131070086
PRR5L,SNRK-AS1,0.0007799855440476
COTL1,RP11-29H23.4,0.000776047939971
SNORD3A,C1orf101,0.0007746313843574
RPL34,RP11-276E15.4,0.0007703044637572
NHLRC1,GRIN2C,0.0007676031538823
JUN,CTC-498J12.3,0.0007669664415469
TBC1D10B,SNRK-AS1,0.0007635790759715
ALOX5AP,AC009312.1,0.0007626585897649
HLA-DQA1,RP11-29H23.4,0.0007626548867076
MLXIP,NLGN3,0.0007610421401421
ACTN1,C11orf45,0.0007584790147168
HLA-DRB1,HM13-AS1,0.0007538071807153
ARHGAP4,CASC2,0.0007532312980807
LINC01137,RP11-54O7.1,0.0007519166690412
IL32,RP11-787I22.3,0.000751747138074
ZBTB16,FOXE1,0.0007379954381777
TSC22D1,AC108025.2,0.0007284325317106
FAM129A,RFX8,0.0007240470482548
SUPT6H,RFX8,0.0007196399504513
GZMA,RP11-118K6.3,0.0007170506864376
ENDOD1,PDE1A,0.0007156123558632
JUN,HCG20,0.0007080041135586
ENKD1,STRIP2,0.0007071620033213
DENND5A,JAG2,0.0006943891477125
NFKBIA,LHX1,0.0006912326311297
FGFBP2,MST1R,0.0006901058895349
CTIF,RFX8,0.0006897693350629
TP53,PTPRR,0.0006831379396615
TUBB4B,COL1A1,0.0006815736924922
ACTN1,RP1-261D10.2,0.0006756566285867
JUN,RP11-358L4.1,0.0006749497810522
PEX11A,RFX8,0.0006748766603399
GPATCH2,EPAS1,0.0006738026724767
CTSA,HSPA12B,0.0006737393584799
JUN,RP11-54O7.1,0.0006683647222297
DUSP6,ZNF572,0.0006660863018087
RPP25L,CAPN9,0.0006654755047531
MB21D1,ARNTL2,0.0006650572945828
IRF7,RIPK4,0.0006633612850082
GALNT7,ARNTL2,0.0006626246014114
RP11-295P9.3,ESPL1,0.000658979464957
GPX1,RP11-29H23.4,0.0006580116140031
SCAPER,CXXC4,0.0006573836278515
LAG3,ARNTL2,0.000656365938596
IFI6,PAPL,0.0006535801784887
MXD1,IQSEC3,0.0006507262410335
HLA-A,RP11-665G4.1,0.0006501920888137
BRI3,RP11-29H23.4,0.0006498099430565
RUFY1,HM13-AS1,0.00064516711345
HLA-C,GYPE,0.0006440618659261
RSU1,RP11-168O16.1,0.0006416160447279
HHEX,CTD-2620I22.7,0.0006401606001723
XCL1,RP11-118K6.3,0.0006392537872136
MARCH2,EPAS1,0.0006389187297964
TUBA8,GRIN2C,0.0006367122393116
PLXNB2,RP11-511B23.2,0.0006351706150262
ECE1,HCG20,0.0006350859236807
TRIM24,CTRC,0.0006346078898678
C7orf50,EPN2-AS1,0.000630213419245
CSF3R,CLDN23,0.0006296521599724
WASF2,CTD-2620I22.7,0.0006292314885273
SNAP23,KRBOX1-1,0.0006279340914559
HLA-DQA2,EPN2-AS1,0.0006250194891994
IL2RB,AC000068.5,0.0006246973449641
IQGAP2,RP11-787I22.3,0.0006211987820445
SEMA4A,RP11-196O16.1,0.0006208090602855
DYNLT1,RP1-261D10.2,0.0006156726404744
SPHK1,AC000068.5,0.0006142000657962
TK1,STRIP2,0.0006141675544989
SMARCD2,VSTM2B,0.0006092563607668
MFSD2A,RHOV,0.000608903217828
HIST1H2AC,CAPN9,0.0006069143978777
MZB1,HM13-AS1,0.0006050845160961
GLIPR1,RP1-86C11.7,0.0006050094914946
FCER2,RP1-261D10.2,0.0006008494240623
PLEKHF1,SNRK-AS1,0.000599700707674
CD72,CTD-2620I22.7,0.0005995675798492
TMEM205,GYPE,0.0005990735890662
IFI27L2,RP11-362K14.7,0.0005968943977914
KIAA0368,RP11-524F11.2,0.0005962797119506
MATK,RP11-358L4.1,0.000592899972876
SMPD3,CYB5R2,0.0005927437769527
RP11-427H3.3,AL049829.1,0.0005909937848297
TMSB10,RFX8,0.0005906016266715
BCL3,RP11-362K14.7,0.00058821894623
PDCD7,FAM47E,0.0005837848776405
MYO9A,HCG20,0.0005826921524776
TYMS,RP11-769O8.2,0.0005805191604104
TREM1,GYPE,0.0005790300080587
PACSIN2,RP11-276E15.4,0.0005764242317665
SNAI3,HCG20,0.0005753817595532
LTB,AC000068.5,0.0005751495896668
BRD3,MST1R,0.0005721403009427
WASF2,RIPK4,0.0005720074405081
LILRB1,LHX1,0.0005719938709974
ZC3H13,AL049829.1,0.0005591931425889
AC104655.3,RP11-511B23.2,0.0005541587618753
HES4,RP11-511B23.2,0.0005531130444886
FAM26F,RHOV,0.0005505405136589
IER2,LHX1,0.0005384180549107
IFI27L2,HCG20,0.000535695467357
MARCH2,HM13-AS1,0.0005346206622192
SH2D2A,VNN3,0.0005341278467264
SMARCD2,C1orf111,0.0005328882700719
C1orf35,RIPK4,0.0005325626332256
TET3,RP11-196O16.1,0.0005316389431926
CYP27A1,RHOV,0.0005305621850992
B2M,CASC2,0.000526998214478
SLA,BBS5,0.0005258562335517
MS4A7,RP1-261D10.2,0.0005256911481407
KIF2A,RP1-86C11.7,0.000524239067529
CD81,HM13-AS1,0.0005216576363729
MALAT1,CTD-2620I22.7,0.0005195014430127
ALOX5,RP11-511B23.2,0.0005175379688827
TIGIT,RP11-54O7.1,0.0005157694223261
LIMS1,AC009312.1,0.0005077058436244
TMEM159,HM13-AS1,0.0005066590458203
LILRA4,HSPA12B,0.0005026447693167
ZNF683,CXXC4,0.000499225003994
C14orf80,LHX1,0.0004971780201122
ATP2A2,CCR8,0.0004933027363614
FCRLA,CTD-2620I22.7,0.0004886396618487
ENDOD1,AC108025.2,0.0004879773052624
CD19,AC000068.5,0.0004876341228521
MMP23B,LHX1,0.0004871797230472
APOBEC3G,SNRK-AS1,0.0004820704033206
AOAH,RP11-362K14.7,0.0004777955927324
RP11-872J21.3,RP11-713D19.1,0.0004747520186936
BIRC3,RP11-29H23.4,0.0004737351943262
LYAR,RP11-358L4.1,0.0004734090864108
HLA-DQA2,CTD-2620I22.7,0.0004732876378793
PLXDC2,CLDN23,0.0004726715722206
ATG10,HM13-AS1,0.0004718127133141
CXorf21,FOXE1,0.0004712017811048
PRDM15,C1orf111,0.0004695077273403
MOSPD2,RP1-261D10.2,0.0004638376496874
CLEC7A,AC015971.2,0.0004612687230324
PASK,RFX8,0.000460563067768
CCR10,AL049829.1,0.0004589096653007
LINC00152,RP11-54O7.1,0.0004588966726982
F13A1,CLDN23,0.0004583831480835
LAIR2,MST1R,0.0004575684685922
RP11-291B21.2,AC108025.2,0.0004544877630494
PKN2,RP11-118K6.3,0.0004541239463311
SFSWAP,MST1R,0.0004512902800392
MXD4,RP11-787I22.3,0.0004481781426775
ZG16B,CLDN23,0.0004479711612089
KIAA1715,AC009312.1,0.0004445955778734
HIST1H1C,CTC-503J8.4,0.000437252515463
S100A11,TMEM105,0.0004365448905793
AIF1,CLDN23,0.0004359833897745
LMO2,CTD-2620I22.7,0.0004299364110519
ZNF503,RP4-655J12.4,0.0004277227666027
LINC01137,CTD-2619J13.3,0.0004273591717877
IL3RA,HSPA12B,0.0004246062564045
CTSS,RP11-362K14.7,0.0004237766122819
PLEKHF1,VNN3,0.0004213288390606
GGA1,RP11-168O16.1,0.0004139208909966
EXD3,CAPN9,0.0004136693257567
RPGR,RP11-196O16.1,0.0004111536574892
PLAUR,GRIN2C,0.0004079082872912
ZNF683,SNRK-AS1,0.0004069470627573
EED,RFX8,0.0004058050026045
TTC38,NLGN3,0.0004041259061202
MT-ND1,RP4-655J12.4,0.0004039493456376
SLA,DDR2,0.0004025192978743
MT2A,HSPA12B,0.0004019574115505
MNDA,CLDN23,0.0003987268633159
KLRC1,PDE1A,0.0003987187214282
ZCCHC17,VNN3,0.0003979045816818
PILRA,CLDN23,0.0003967345168428
FTH1,STRIP2,0.0003949175679545
CD72,AL049829.1,0.0003943371521185
MALAT1,AC108025.2,0.0003923525611232
HLA-C,HM13-AS1,0.0003913629838019
TMSB4X,RP4-655J12.4,0.0003901130420746
GGA1,AP3B2,0.0003887757845845
ASGR2,RP4-655J12.4,0.0003886007486619
DPP3,AC009312.1,0.0003874703257227
TMEM205,HM13-AS1,0.0003865379423452
HLA-DMB,RP11-511B23.2,0.0003776347040311
MED14,AC108025.2,0.0003718931489755
CTSA,IQSEC3,0.0003711141974788
MAX,RP1-261D10.2,0.000369725643718
IL1RN,RHOV,0.0003694933205155
HLA-DPA1,EPN2-AS1,0.0003678199111304
CD8A,HCG20,0.0003655153018251
AHNAK,SNRK-AS1,0.000362920609119
MB21D1,RP11-665G4.1,0.0003627609370344
PSAP,CTC-498J12.3,0.0003601196679558
NCF1,CTD-2620I22.7,0.0003570355577037
PTPN18,VNN3,0.0003544618902841
LUCAT1,ESPL1,0.0003518309685567
PSRC1,STRIP2,0.000350080151287
RUFY1,RP11-168O16.1,0.0003486697227178
GNGT2,RFX8,0.0003469602480678
GABBR1,RP11-362K14.6,0.0003450944002801
HLA-DQB1,FOXE1,0.0003449017019773
NFKBIA,RP11-524F11.2,0.0003427716973819
GRAMD4,C1orf111,0.0003406994668478
TSPAN2,AC000068.5,0.0003359156692047
IFT81,EPN2-AS1,0.0003316086785629
NELFB,HM13-AS1,0.0003297383178384
LTB,AC009312.1,0.0003278331832879
ATF3,GYPE,0.0003278036017773
MIR4453,EPN2-AS1,0.0003268352685262
SULF2,GYPE,0.0003264311540551
GPX1,RP11-713D19.1,0.0003260117809889
DNAJC1,IQSEC3,0.0003236441549568
CTSD,HSPA12B,0.0003230426162201
LRBA,RP11-362K14.7,0.0003214139324116
ACTB,RFX8,0.0003203408169948
TACC1,KRBOX1-1,0.0003178002481217
IL32,AP3B2,0.0003118546107439
KIF2A,CASC2,0.0003116538666457
S1PR5,RP3-323N1.2,0.0003091577827082
CLIC3,HM13-AS1,0.0003089334075639
GALNT6,RP11-196O16.1,0.0003046037989125
TSPO,PTH2,0.0003028312643166
LYAR,RP11-196O16.1,0.0003006064570701
VCL,PTH2,0.0002995599541884
VMO1,CTD-2620I22.7,0.0002976300717819
RP11-156E8.1,RP1-261D10.2,0.0002947089404861
ENTPD1-AS1,ESPL1,0.0002945151052998
AKAP9,IQSEC3,0.0002929689198848
CCL3L1,RP4-655J12.4,0.0002888007663475
SFSWAP,CAPN9,0.0002884978346387
EED,RP11-196O16.1,0.0002881469844568
IRF5,RP11-511B23.2,0.0002853988891858
B2M,EPN2-AS1,0.0002852848396804
HLA-DQA1,RP3-323N1.2,0.0002830237321117
MYO1F,MST1R,0.0002810293182866
HLA-C,SNRK-AS1,0.0002780214035628
ZEB2,RP11-524F11.2,0.0002731514063847
PASK,FAM47E,0.0002724119977745
MAPKAPK2,IQSEC3,0.0002675862016328
CBX4,AC108025.2,0.0002635651542861
KIAA1598,EPN2-AS1,0.0002584105362571
C1QA,GYPE,0.0002569052214338
RHOQ,HSPA12B,0.0002563512201418
PACSIN2,FAM47E,0.0002536281705687
PVRL2,RIPK4,0.0002527924927288
MYO15B,C1orf111,0.0002519639587241
FAM221B,RP11-196O16.1,0.0002489134897318
BRD2,RP11-769O8.2,0.0002432467228519
FCGR3A,MST1R,0.0002374524396799
PRR3,RP11-524F11.2,0.0002342825745461
GIGYF2,RFX8,0.000231827732185
CELF1,TMEM105,0.0002313668014992
IFITM2,FAM47E,0.0002296462696749
CD68,CLDN23,0.0002287890465199
WDHD1,RP11-769O8.2,0.0002285897944786
PTPRE,RP11-713D19.1,0.0002269915120536
ARHGAP10,AC108025.2,0.0002239032628111
RP11-291B21.2,RIPK4,0.0002227246941658
GALK1,CTD-2619J13.3,0.0002222435698661
CD36,RP11-196O16.1,0.0002219215485882
RBP7,CTD-2620I22.7,0.0002206644737783
ANXA2,RP1-86C11.7,0.0002189121521662
ARHGEF9,RP11-524F11.2,0.000218591384419
MKI67,LHX1,0.0002167928148085
PGRMC1,RP11-196O16.1,0.0002159822377106
TSPO,FOXE1,0.0002129880069566
SLC7A7,CTD-2620I22.7,0.000211927404338
HLA-A,RP11-168O16.1,0.0002115115592375
MXD1,AC108025.2,0.0002113095588267
TMCO3,C1orf111,0.0002111057044968
FOSB,RP3-323N1.2,0.0002097569884349
KPNA6,RP11-665G4.1,0.0002097001746461
PTGER2,VNN3,0.0002080380337783
TET3,STRIP2,0.0002080110648942
PDLIM1,ADAM20,0.0002074392699455
CST7,IQSEC3,0.0002068933703396
IQGAP2,EPN2-AS1,0.0002063374093961
NPC2,RIPK4,0.0002049514091808
MAP10,GYPE,0.0002034516603624
SDSL,RHOV,0.0002032254051746
SRPK2,RP11-168O16.1,0.0002030979092769
S100A4,RP4-655J12.4,0.0002024571862933
TNFRSF8,GYPE,0.0002015485143341
RASGRP4,GRIN2C,0.0001995569088601
PLOD1,RP11-196O16.1,0.0001952939264892
SOCS4,ESPL1,0.0001948285720178
AKAP9,CAPN9,0.0001945599857628
HLA-C,RP11-665G4.1,0.000194247378773
TIMP2,GYPE,0.0001940333845195
TMEM140,PTH2,0.0001928891873359
ANXA2,RP11-787I22.3,0.0001928252628652
IGFBP7,CTD-2619J13.3,0.0001904859181662
MALAT1,IQSEC3,0.0001890938368165
MT-ND1,AP3B2,0.0001875415009492
CTSA,RP11-54O7.1,0.0001872605058543
LAG3,ADAM20,0.0001867896106115
XCL1,HCG20,0.0001867741099112
VIM,RP11-118K6.3,0.0001861436937363
MAP10,RP11-196O16.1,0.0001855433671489
LIMS1,RP11-665G4.1,0.0001831207645096
RASSF2,RP1-261D10.2,0.0001823995318982
OASL,RFX8,0.0001823120867486
PRSS23,ACKR2,0.0001816999934047
CLEC10A,RP3-323N1.2,0.0001749537825271
SAT1,HM13-AS1,0.0001726701208644
ZEB2,IQSEC3,0.0001714229143516
PTGDS,RP11-358L4.1,0.000170674640031
CXCR3,RP11-358L4.1,0.0001701015882185
ADAM15,FOXE1,0.0001697862006127
PLEC,HM13-AS1,0.0001696974504762
ACTB,STRIP2,0.0001696609369206
PRKCDBP,RP11-769O8.2,0.0001695735624523
VAV3,PDE1A,0.0001690412367445
POU2F2,ACKR2,0.0001673201858458
SH2D1B,CTRC,0.0001672474322763
C12orf75,FAM47E,0.0001647367849456
RHOC,VNN3,0.0001637741161722
HLA-DPA1,RP3-323N1.2,0.0001629703601428
EPHB6,RP11-358L4.1,0.0001602180414313
SERPINF2,EPN2-AS1,0.0001599618077602
SNORD3B-2,PDE1A,0.0001594496436193
NAGA,RP11-665G4.1,0.0001593735669802
VIM,CASC2,0.0001589838422899
H1FX,FAM47E,0.0001578181069519
NIN,RP11-54O7.1,0.0001574215613165
ITGAL,ADAM20,0.0001564821319812
ARHGEF12,GYPE,0.0001558515556282
TMSB10,FOXE1,0.0001557053418217
PARPBP,RP11-769O8.2,0.0001554467036746
GAS6,RP4-655J12.4,0.0001553106619918
HLA-DQA1,RIPK4,0.0001550426188894
DNASE1L3,EPN2-AS1,0.0001534848410535
LRIF1,GYPE,0.0001527230817762
RSF1,TMEM105,0.0001525394309703
GAB3,RP11-358L4.1,0.0001521045215293
MALAT1,WWC2-AS2,0.0001516015025276
TOX2,ESPL1,0.0001514275624574
SGK3,C1orf111,0.0001512654334431
CLCN6,CLDN23,0.0001503866464467
DPCD,EPN2-AS1,0.0001502821898537
MYL6,RP11-168O16.1,0.0001485009583648
TNFRSF18,FAM47E,0.0001484211223263
ITGAX,HCG20,0.0001483111707082
MGST1,VNN3,0.0001480749598304
PDCD7,JAG2,0.0001472644420501
CCL4,SNRK-AS1,0.0001466225060505
TNK2,FAM47E,0.0001464994019404
ZNF577,VNN3,0.0001442253682317
JOSD2,MST1R,0.000144077897763
RP11-326F20.5,RP11-54O7.1,0.0001437189307542
ATP2A2,C1orf111,0.0001432407803134
ZNF598,RP11-524F11.2,0.0001426261076353
ZNF618,EPN2-AS1,0.0001421747568228
NIN,CTD-2619J13.3,0.0001420236941557
TP53BP2,C1orf111,0.0001409138492485
TMSB4X,HCG20,0.000140351988422
MEGF9,PTPRR,0.0001398795813139
ZC3H13,RP11-787I22.3,0.0001370670364055
LILRA3,GRIN2C,0.0001364941773676
LRIF1,CAPN9,0.0001363070736738
CORO1C,RP11-524F11.2,0.0001358073365709
MYBL2,RP11-769O8.2,0.0001353172187707
C10orf11,GYPE,0.0001347790076824
GNPTAB,RP11-787I22.3,0.0001344346638346
TPRN,RP11-769O8.2,0.0001322336631188
MATK,RP11-524F11.2,0.0001315785169018
MYBL1,PTH2,0.0001307706835398
DUSP1,AC108025.2,0.0001307682229376
NT5C3A,RP11-168O16.1,0.0001305840669157
GPX1,RP11-362K14.7,0.0001304026274334
HLA-DMB,PDE1A,0.0001289968304459
MT-ND1,ADAM20,0.0001273696873012
MKI67,RP11-769O8.2,0.0001270814348679
ZNF230,C1orf111,0.0001267529398171
AKAP1,RP11-196O16.1,0.0001266524751239
RP11-542M13.3,RP3-323N1.2,0.0001258798170455
FCN1,GRIN2C,0.0001233488363037
PYCARD,CTD-2619J13.3,0.0001231462198336
SYNE2,MST1R,0.0001227272179119
DNASE1L3,RP4-655J12.4,0.0001217792433342
CD74,AC108025.2,0.0001211060491134
TMCO3,PTH2,0.0001208127367816
ADAR,MST1R,0.0001207669877755
PYHIN1,RP11-276E15.4,0.0001206416736703
PTGDS,CTRC,0.0001195618189699
TSEN54,CLDN23,0.0001190526148938
GZMH,RP11-713D19.1,0.0001187280315841
KIR3DL2,RP11-358L4.1,0.0001185997189091
ADRBK1,RP11-168O16.1,0.0001181871518368
PDCD7,AC108025.2,0.0001175424526076
GAPT,MST1R,0.0001171040722724
TUBA1C,RP11-665G4.1,0.0001168871684692
ZNF703,CLDN23,0.0001168435590392
CD300E,CLDN23,0.0001152543351438
TMEM159,CLDN23,0.000114577552263
HIST1H2BJ,C2orf48,0.0001140361696475
GOLIM4,RHOV,0.0001137751611161
TMSB10,HSPA12B,0.000113047827599
SNORD3D,C1orf111,0.0001129472034255
HPSE,ESPL1,0.0001118946174247
JUN,FOXE1,0.0001118360930375
TTC7A,PAPL,0.0001108145683241
CCL5,RP11-118K6.3,0.0001101971764523
NUP188,RFX8,0.0001098779983764
S100A6,PAPL,0.0001085670010073
HIST1H2BK,RP11-787I22.3,0.0001077518111702
HPDL,LHX1,0.0001075699978432
HOXB7,LHX1,0.000107386226982
ADAP2,GRIN2C,0.0001068571624602
MITF,TMEM105,0.0001067668405372
SMPD3,CLDN23,0.0001065460264408
RP11-160H22.3,RP11-196O16.1,0.0001049708693032
CTD-2012K14.3,CTRC,0.000103108905354
MT-CO1,SNRK-AS1,0.0001015147759447
C11orf83,RP11-118K6.3,0.0001011915514572
AC005534.8,CTRC,0.0001011416772434
TNFRSF1B,RP11-769O8.2,0.0001007530691423
TPST2,C1orf111,9.986485609989688e-05
NAB1,STRIP2,9.983330095380392e-05
DUSP1,RP11-29H23.4,9.94590784523503e-05
GZMA,ESPL1,9.94224915429038e-05
CTSS,CTC-498J12.3,9.861186477838736e-05
RAB31,RP4-655J12.4,9.778355879048072e-05
PPM1A,RP11-358L4.1,9.773255674774066e-05
GZMH,RP11-769O8.2,9.641654914689788e-05
NKG7,CCR8,9.46272347927864e-05
TIGIT,CYP46A1,9.404367085966617e-05
HLA-DMB,AC108025.2,9.331796464111102e-05
TUBA4A,RP11-168O16.1,9.279475721468284e-05
EPB41L2,RP3-323N1.2,9.257678751908426e-05
SLC35E1,HM13-AS1,9.091756612992714e-05
NGFRAP1,JAG2,9.06186792699956e-05
FRMD3,BMP6,9.018583355975882e-05
IGFBP7,C1orf111,9.01446395677813e-05
ARID5A,ARNTL2,8.903143994170655e-05
SENCR,CLDN23,8.893510674895729e-05
RPL34,IQSEC3,8.885814205432347e-05
TPM4,LHX1,8.776204716643497e-05
ARHGAP24,HM13-AS1,8.761418410501108e-05
CHAC2,PDE1A,8.74338292279115e-05
GZMH,LHX1,8.734143941157649e-05
RP11-367G6.3,MMP1,8.700543040200765e-05
IL13RA1,VNN3,8.582845704571443e-05
CXCR3,ARNTL2,8.440922247988784e-05
DENND1B,PDE1A,8.413790721344153e-05
RXRA,C11orf45,8.265584780086505e-05
XCL2,C1orf111,8.233057202301915e-05
CAST,PTH2,8.190707751421201e-05
TIMP1,RP1-86C11.7,8.168486363114633e-05
TPP1,C11orf45,8.104924412938893e-05
SEPT5,RP1-86C11.7,8.059648225742678e-05
TESC,RP11-196O16.1,8.003665342683746e-05
UBE2V2,WWC2-AS2,7.99639835952347e-05
PYCARD,WWC2-AS2,7.881669185691171e-05
TYROBP,RP11-358L4.1,7.867286672596305e-05
AOAH,WWC2-AS2,7.85713472451283e-05
HLA-A,AC015971.2,7.84752162634103e-05
MATK,CTRC,7.844089030716557e-05
AC137932.6,MMP1,7.842504112706559e-05
C9orf89,BMP6,7.798782271570975e-05
KLRD1,GYPE,7.792448993362081e-05
PLAC8,CTD-2619J13.3,7.788488412577761e-05
HOPX,C1orf111,7.784564131446698e-05
CST7,RP11-713D19.1,7.734291111182395e-05
RTEL1-TNFRSF6B,FKBP9,7.716635365595382e-05
LAMP5,CTD-3194G12.2,7.617984922679273e-05
ARL6,LHX1,7.55494208239459e-05
RUNX3,GCSAML,7.535307988948845e-05
C19orf33,RIPK4,7.516576615053803e-05
ICAM1,RP4-655J12.4,7.467376458468499e-05
SH2D2A,LHX1,7.430829862286376e-05
MT-CO1,STRIP2,7.427186583028093e-05
SLFN14,MMP1,7.332187299450104e-05
AP1S2,RFX8,7.330949391878854e-05
LGALS1,FKBP9,7.302532777297739e-05
C7orf50,WWC2-AS2,7.274954509525831e-05
NCF2,GRIN2C,7.258910021178034e-05
TNFSF10,FAM47E,7.212265132659147e-05
IER2,AC108025.2,7.201385464519648e-05
MDM1,RP11-358L4.1,7.169396826586462e-05
OAZ1,RP11-168O16.1,7.150200587165689e-05
BARD1,GYPE,7.146503604623759e-05
SAMHD1,AP3B2,7.127979107110426e-05
LMNA,BMP6,7.083227397494045e-05
ASGR2,JAG2,7.052682134006078e-05
COTL1,RP1-86C11.7,7.028667376970153e-05
LURAP1,SNRK-AS1,6.796499763171918e-05
PTGDS,RIPK4,6.780744535265896e-05
CD79A,RP11-511B23.2,6.729637841329861e-05
ITPKC,RP11-511B23.2,6.693026316565222e-05
SNN,IL10,6.56073050733235e-05
RPLP1,AP3B2,6.559820110450621e-05
MT-ND2,RHOV,6.555440095064281e-05
CDKN2D,HSPA12B,6.528098626129636e-05
LDHC,RP4-655J12.4,6.517403706134226e-05
HLA-A,RP11-511B23.2,6.49265995378301e-05
CCER2,RP4-655J12.4,6.467929277855996e-05
HLA-DQA1,RP11-54O7.1,6.452256706477482e-05
PRRG2,FAM47E,6.450088010478354e-05
PRRG4,FKBP9,6.447783337750427e-05
NXF1,CASC2,6.434643882737371e-05
CD200,HM13-AS1,6.413665825503008e-05
RUFY1,GYPE,6.319847453898919e-05
TK2,RP3-323N1.2,6.304774818123854e-05
CARS2,ADAM20,6.248040479349962e-05
SLA,RFX8,6.239269142896521e-05
RAB32,GRIN2C,6.218893067962326e-05
PNPLA6,RP11-358L4.1,6.178148970280887e-05
TSPAN2,RP3-323N1.2,6.160824787783743e-05
PLA2G16,RP11-769O8.2,6.146480380720318e-05
POLE,RP11-713D19.1,6.10732213476017e-05
PDCD7,SNRK-AS1,6.075480484210704e-05
NEAT1,RP11-787I22.3,6.068470477186149e-05
ULK1,STRIP2,6.014864697491839e-05
MT-ND2,CASC2,6.014740336207175e-05
ARID3A,GRIN2C,6.0141253525417374e-05
JUN,AC108025.2,5.9995529719290415e-05
SDS,ADAM20,5.959369807247144e-05
FLNA,MST1R,5.926867479229795e-05
LILRB1,ACKR2,5.921307427454543e-05
S100A6,RP11-769O8.2,5.863539842113343e-05
TSPAN9,CAPN9,5.8427621168659066e-05
SRPK2,ACKR2,5.836606776709582e-05
GNLY,RP11-276E15.4,5.800967351667219e-05
FERMT3,CYB5R2,5.7475282684289125e-05
ENTPD1,RP3-323N1.2,5.7295591464211e-05
MT-ND1,CASC2,5.726984833391485e-05
SAMD14,RP1-86C11.7,5.6785469218049336e-05
MT-ATP6,PAPL,5.644937142029098e-05
BTBD6,RP11-769O8.2,5.641021980467768e-05
BIRC6,RFX8,5.63993203896225e-05
RHOC,AP3B2,5.54112256615229e-05
FAM110A,AP3B2,5.5064869755789336e-05
CFD,AP3B2,5.489471109513368e-05
ANXA2,RP11-713D19.1,5.454625916809415e-05
HLA-A,CTC-503J8.4,5.427550774700878e-05
POMC,PTH2,5.425040084219142e-05
SDS,TMEM105,5.402635985548013e-05
HIST1H2BF,RP11-358L4.1,5.371011746003869e-05
FOS,LHX1,5.356964578553069e-05
CST3,ADAM20,5.354910194676775e-05
IL21R,EPN2-AS1,5.334961503707232e-05
FTH1,SNRK-AS1,5.296569760005492e-05
ANKRD11,RP11-665G4.1,5.2584699729784975e-05
RSF1,SNRK-AS1,5.2326067689104905e-05
PLEKHO1,CYB5R2,5.17294004054573e-05
DUSP1,RP1-86C11.7,5.169863253849408e-05
DGAT1,EPN2-AS1,5.163641087426091e-05
ACTB,FAM47E,5.153145005962704e-05
NBPF10,PAPL,5.118445724777825e-05
MXD4,CYB5R2,4.992849716795226e-05
SCO2,EPN2-AS1,4.983788753598326e-05
RPPH1,RP4-655J12.4,4.893299101306299e-05
HIST1H1C,SNRK-AS1,4.847173033630316e-05
GNLY,C1orf111,4.787777835723442e-05
LYZ,RHOV,4.680743715981641e-05
SLFN14,BMP6,4.554432461455625e-05
ANXA2,RP11-362K14.6,4.551432877730304e-05
FAM129B,AF131215.5,4.50317910266017e-05
CHADL,MMP1,4.485255960517537e-05
SERPINE1,BMP6,4.475604055412909e-05
MYL6,STRIP2,4.470914755712353e-05
MPPED2,SNRK-AS1,4.468910437204434e-05
ENKUR,RHD,4.376129496938558e-05
RPLP1,AC108025.2,4.37411995272111e-05
MS4A1,AC009312.1,4.373056045514787e-05
SNAP23,PTH2,4.316918920008652e-05
ENTPD1-AS1,RP11-769O8.2,4.265563425530235e-05
FAM110A,MMP1,4.263060082884411e-05
ZC3H12A,TNS4,4.2577071178519786e-05
SNX22,RIPK4,4.25758672563904e-05
CD200,PDE1A,4.2223742982487856e-05
CSTA,VNN3,4.214878046536237e-05
PTGER2,RP11-168O16.1,4.211245130624616e-05
MGST2,RP4-655J12.4,4.204048986225824e-05
LRP1,CYB5R2,4.1847929936842674e-05
EPHB6,TNS4,4.1711264467601655e-05
AIF1,GRIN2C,4.114095397273607e-05
CD22,DNAJB5,4.10880479519222e-05
TSPO,CASC2,4.090100494315647e-05
MT-ND2,ADAM20,3.964741112599202e-05
COTL1,RP11-665G4.1,3.953004370490917e-05
SLC15A3,CXXC4,3.951804006519422e-05
RP11-879F14.1,MMP1,3.911777041939829e-05
LTB,FKBP9,3.910976635125634e-05
SNAP23,RP3-323N1.2,3.906716832378473e-05
GZMK,EPN2-AS1,3.902187603728709e-05
OAZ1,PAPL,3.882291799698881e-05
MCOLN1,RP11-362K14.6,3.786687356411147e-05
CCR10,RP11-787I22.3,3.741915608425039e-05
TUBA4A,TMEM105,3.689922984657903e-05
GZMA,RP11-787I22.3,3.687779788830983e-05
SLC19A1,RHOV,3.653909931596822e-05
SENP3,RFX8,3.608154916690216e-05
OXTR,BMP6,3.589109460099784e-05
HLA-DRA,GCSAML,3.5874356397823026e-05
NPC2,RP11-118K6.3,3.584781770982755e-05
NCR3,SNRK-AS1,3.552245234283202e-05
HOTAIRM1,C11orf45,3.552104746732016e-05
RPF2,RFX8,3.5366437536991664e-05
POU2F2,C11orf45,3.520301884873282e-05
DUSP2,VSTM2B,3.48893254106477e-05
IGSF6,JAG2,3.439662306720698e-05
NEAT1,FAM47E,3.392816136968486e-05
ZNF724P,C1orf111,3.312953694764982e-05
GPX1,RP11-665G4.1,3.293471235490396e-05
FAM26F,RP11-665G4.1,3.273788081515928e-05
GRN,TMEM105,3.254569164198992e-05
S100B,RP4-655J12.4,3.2421300253283886e-05
PARPBP,COL1A1,3.2358506385222014e-05
ROCK2,RP11-358L4.1,3.233921494890856e-05
FTL,RP11-168O16.1,3.203159028409145e-05
HLA-DRB5,RP4-655J12.4,3.100699425583521e-05
LIMS1,AC108025.2,3.0911359666900344e-05
CAPNS1,CCR8,3.08823020174298e-05
KIAA1715,FAM47E,3.074564904781604e-05
MMP25,RP11-769O8.2,3.039350260945661e-05
CD74,RP11-787I22.3,3.035054366017373e-05
NRROS,CCR8,3.026286137175013e-05
LYAR,RP11-118K6.3,3.0076222862944677e-05
RP11-885N19.6,ARNTL2,3.005793916057128e-05
SLC35F3,CCR8,2.9951183951760137e-05
ETV6,ADAM20,2.9470049742197263e-05
GLIPR2,FBXO30,2.9183559799354917e-05
AKAP13,EPAS1,2.906333359458039e-05
CCL5,CCR8,2.898175386116112e-05
TBL1X,CAPN9,2.885863755236253e-05
HLA-C,CASC2,2.8762431242159783e-05
NGFRAP1,EPAS1,2.8377574744068445e-05
XPNPEP1,LHX1,2.8156118752752822e-05
CTSA,RP11-713D19.1,2.7905877181844225e-05
DOCK2,LAMB3,2.764404757221717e-05
MESDC2,CTD-2620I22.7,2.7625243989664475e-05
FES,VNN3,2.7017336121807256e-05
MT-ND1,RP11-276E15.4,2.6857886249058885e-05
CTBP2,GRIN2C,2.6643676069114007e-05
FICD,RP11-54O7.1,2.623034615726704e-05
MT-ND1,RP11-713D19.1,2.609982056176933e-05
RUNX3,C1orf111,2.5862713286248507e-05
C11orf83,RP11-665G4.1,2.570265752372096e-05
TNFSF13B,GPR153,2.559703800559163e-05
MT-ND1,CAPN9,2.548738262366469e-05
METTL25,FAM47E,2.5419473332939397e-05
PASK,AC108025.2,2.5374920626851447e-05
HIST1H1B,PAPL,2.5350220743809428e-05
FUOM,FAM47E,2.4977275989414077e-05
CD63,PAPL,2.4633124146196225e-05
MIR181A2HG,C1orf111,2.438320119409156e-05
PFN1,RP11-713D19.1,2.4201439016836604e-05
RETSAT,RP1-261D10.2,2.419740442165512e-05
RPL34,RP11-362K14.7,2.4087222525540463e-05
NAGA,CASC2,2.408035198449447e-05
S100A6,AC000068.5,2.400015949836824e-05
GRB14,MMP1,2.380629977543957e-05
LRIF1,C1orf101,2.37398154877214e-05
GP1BA,BMP6,2.359728562225057e-05
PLEC,ADAM20,2.30049334779755e-05
CCL4,LAMB3,2.2189006701383965e-05
CTC-503J8.6,RP11-524F11.2,2.209197705868576e-05
DHX34,CTD-2619J13.3,2.208181973508002e-05
MS4A1,RP11-524F11.2,2.193160302313656e-05
PHACTR1,ZNF572,2.190684066275812e-05
CTSD,RP11-665G4.1,2.167626467468961e-05
RP11-758M4.4,ZNF572,2.1439800110200444e-05
WBP2,PTH2,2.131126635292045e-05
ARHGEF9,C1orf101,2.102572753101059e-05
ATG10,RHOV,2.1003032450419303e-05
SUPT6H,GYPE,2.0844263351218974e-05
PLCB2,PAPL,2.046734963132376e-05
CD151,STRIP2,2.0310361216295705e-05
LRP12,FOXE1,2.013510927193393e-05
TMSB4X,CXXC4,2.0109239394431785e-05
GZMA,RP11-54O7.1,2.0016192469225863e-05
NFKBIA,FKBP9,1.9739006989077735e-05
BLK,CAPN9,1.9663287954732705e-05
JAKMIP2,PAPL,1.9524393725694264e-05
IGJ,AC000068.5,1.945424714460465e-05
IFITM2,NLGN3,1.945351278143299e-05
GADD45A,AC000068.5,1.942936190524865e-05
MT-CO1,CASC2,1.939343199795399e-05
ARNT,RP11-358L4.1,1.934237268578101e-05
FES,RIPK4,1.933821638065797e-05
TYROBP,AC068282.3,1.926675876485001e-05
AHNAK,FOXE1,1.9123771698623697e-05
IER5,HM13-AS1,1.896880443753605e-05
TNFRSF1B,TMEM105,1.8962708319250546e-05
CD79A,CAPN9,1.889166708082319e-05
TTBK2,CYB5R2,1.8834506175702152e-05
GCHFR,HSPA12B,1.851731189101124e-05
IFITM2,RIPK4,1.838611389356433e-05
C11orf74,AP3B2,1.832875693709531e-05
GLIPR2,SCML2,1.8203298118868477e-05
MT-ND1,CTD-2619J13.3,1.81738198787179e-05
NACC2,TMEM105,1.8170853506064416e-05
GZMA,SCML2,1.8125308948223528e-05
SNCA,MMP1,1.8035621977481213e-05
MYO1F,CASC2,1.7630386346650654e-05
RP11-65J3.1,JAG2,1.7433800737900347e-05
S100A11,JAG2,1.738787631874536e-05
MPEG1,RP11-511B23.2,1.7291331187495696e-05
PLXNA2,FKBP9,1.7107064804924008e-05
VPREB3,CASC2,1.6847058794487555e-05
CCL5,C1orf111,1.6744865540948092e-05
RPP25L,RP11-362K14.7,1.6305096678103576e-05
AP1S2,GCSAML,1.611487741561051e-05
RPLP1,LHX1,1.6114531386712392e-05
KLRF1,RP11-358L4.1,1.5543016655052104e-05
GSTO1,BMP6,1.549462900598426e-05
CDKN1A,CCR8,1.5487317760459055e-05
B2M,RIPK4,1.5373494023336166e-05
PKIG,GYPE,1.5253568120892787e-05
MALAT1,RP11-358L4.1,1.5153587959587498e-05
EIF3B,MST1R,1.4927780017506213e-05
HLA-DPB1,GYPE,1.4910346987105931e-05
PSAP,RP11-713D19.1,1.4656952143345772e-05
GNAI2,RP11-665G4.1,1.4570450575888694e-05
C9orf89,TNS4,1.4545184398319294e-05
STAC3,MST1R,1.4489181788834924e-05
GAS6,MST1R,1.4411914794254356e-05
ITM2C,SCML2,1.438821821115085e-05
GAS2L1,ESPL1,1.4367416057116e-05
HRASLS,MMP1,1.432158396911244e-05
TMEM141,MST1R,1.4260246103609936e-05
SPON2,VNN3,1.3878357491242512e-05
DYM,EPN2-AS1,1.3856361452839946e-05
RSAD2,RP3-323N1.2,1.3817336917600374e-05
S100A11,FKBP9,1.376548089868996e-05
EIF3B,RP11-358L4.1,1.3585349138429776e-05
PRF1,LAMB3,1.3329505016856896e-05
LEMD3,RP11-276E15.4,1.3031335152491324e-05
CHAC2,RP11-276E15.4,1.2837716198476436e-05
COMT,CCR8,1.2780503715020717e-05
HCAR1,RHOV,1.2685045050886127e-05
SYTL2,PAPL,1.2517500029064563e-05
YWHAH,NLGN3,1.2484455840079909e-05
TMSB10,AL049829.1,1.2277957974121565e-05
FAM69B,MMP1,1.2173819552771112e-05
CD7,PAPL,1.2094983223867229e-05
DUSP23,HCG20,1.201681412208717e-05
SUPT6H,AP3B2,1.187991242547198e-05
CAST,CTD-2619J13.3,1.1869956999983866e-05
ACRBP,BMP6,1.182497325217862e-05
CTNNA1,ADAM20,1.1695644571054564e-05
UBA6-AS1,PAPL,1.1596919377317078e-05
FGFBP2,RP11-358L4.1,1.155750479021939e-05
CTD-3064M3.7,PAPL,1.147647653652665e-05
PFN1,PTPRR,1.1299205246353348e-05
APMAP,IQSEC3,1.1293943472710348e-05
BTBD6,ZNF572,1.113367065207801e-05
MT-ND2,EPAS1,1.110924271735423e-05
MT-ATP6,HM13-AS1,1.1096822673638464e-05
ADAM15,NLGN3,1.0984468459060452e-05
LRBA,ZNF572,1.0913345655047474e-05
PRR19,RP11-54O7.1,1.0861901208139236e-05
ADAR,ARNTL2,1.0859938895757508e-05
FAM212A,RP11-54O7.1,1.0843540696916652e-05
MYCBP2,SNRK-AS1,1.0823714952369296e-05
MPST,ESPL1,1.0575714713434966e-05
CSF2RA,SCML2,1.0128051594685837e-05
HLA-DQB1,CTRC,1.0003086767019e-05
CAPN12,CXXC4,9.61056231293656e-06
DGKZ,C1orf111,9.585834710410204e-06
CTSW,RP11-118K6.3,9.250613336682616e-06
NCAM1,RP11-787I22.3,9.035092072240227e-06
FAM26F,RP11-362K14.7,9.0229428802735e-06
DUSP1,CASC2,8.927440621121474e-06
ANKRD9,RP1-86C11.7,8.850303034140719e-06
LRCH3,RP11-665G4.1,8.743643254524208e-06
FYN,RP11-168O16.1,8.721968306392733e-06
NUP214,CCR8,8.702464196408143e-06
GZMA,MST1R,8.651085599915491e-06
USP28,RP11-118K6.3,8.645715949279311e-06
RP11-458N5.1,AL049829.1,8.621936201961094e-06
LDLR,STRIP2,8.611984116761114e-06
CCL5,HCG20,8.547619105383338e-06
PTPLAD1,AC009312.1,8.391348038480097e-06
NUP188,RP11-665G4.1,8.348822234781372e-06
AFAP1L2,RP11-713D19.1,8.346021305385288e-06
RP11-222K16.2,CAPN9,8.252036449391343e-06
CWC25,CASC2,8.245498478038533e-06
GRK4,CXXC4,8.197786090857384e-06
KPNA6,JAG2,8.063004754004916e-06
HLA-DMA,PDE1A,8.05911760708083e-06
IFITM2,C2orf48,8.013696106467869e-06
GNLY,RP11-358L4.1,7.923688933205862e-06
KBTBD11,AP3B2,7.920105225576415e-06
GSTO1,ESPL1,7.878434915285285e-06
PPBP,HSPA12B,7.868578081356874e-06
SPOCD1,BMP6,7.771771676843174e-06
PTPN18,COL1A1,7.766021353053325e-06
JADE3,RP1-86C11.7,7.749072693037e-06
RYK,TNS4,7.745867634648024e-06
ABI3,VSTM2B,7.694571911410397e-06
FADS2,AP3B2,7.653959577971347e-06
ICK,AC108025.2,7.619395917537068e-06
PTRH1,RFX8,7.516943542999781e-06
CTTNBP2NL,FOXE1,7.486261603587816e-06
RP11-164H13.1,FAM47E,7.338981643204133e-06
CHADL,PAPL,7.275835214926959e-06
C1orf35,FOXE1,7.248755281524608e-06
S100A12,RP11-665G4.1,7.069800121109439e-06
ARHGEF12,GRIN2C,6.947987050721351e-06
HLA-C,HCG20,6.941860631459995e-06
GIMAP8,C11orf45,6.87486095199052e-06
FYN,RP11-54O7.1,6.863120433188911e-06
IFITM3,TNS4,6.835851088141117e-06
MT-ND1,RP1-261D10.2,6.777757330437761e-06
RPLP1,C11orf45,6.729157848134885e-06
SH3BP2,PTPRR,6.673843912683304e-06
MEFV,ADAM20,6.643852696944225e-06
EMR2,RP11-118K6.3,6.627028568748288e-06
MALAT1,MST1R,6.587483454602369e-06
MT-ND1,VNN3,6.563622621253394e-06
HOXA10,RP1-261D10.2,6.439275051909256e-06
MT-ND2,RFX8,6.424878443419821e-06
IER5L,CTC-503J8.4,6.413834655680415e-06
PARD3,BMP6,6.3607298513087485e-06
ZGLP1,CTC-503J8.4,6.31500939482838e-06
FCGRT,RP11-118K6.3,6.297125702440377e-06
JUN,FAM47E,6.154056373437763e-06
ZC3H13,ARNTL2,6.12731672231241e-06
LIG4,CASC2,6.094174548121811e-06
CXXC5,AF131215.5,6.071780353058042e-06
MT-ND2,RP11-665G4.1,6.045223766404176e-06
CTSW,RP11-787I22.3,6.042607182950157e-06
EXTL3,GYPE,5.991722817399657e-06
APMAP,C2orf48,5.972658630031841e-06
RASGRP4,RP11-358L4.1,5.943337896072073e-06
LGALS1,FOXE1,5.7836964072404765e-06
TACC1,XX-FW83128A1.2,5.697365395957406e-06
CCL5,GPR153,5.684555755839108e-06
ARID5B,HM13-AS1,5.670033053503845e-06
CCNK,IQSEC3,5.667676833989839e-06
GPD2,AC009312.1,5.650005309314042e-06
SNX22,HCG20,5.605159981397344e-06
ZNF502,VNN3,5.5549693696979945e-06
CDC14B,PTH2,5.438819661904035e-06
BATF,RP11-196O16.1,5.385963748818342e-06
KCTD19,CTRC,5.333531608668126e-06
RALBP1,RP11-769O8.2,5.329142429904935e-06
CDKN2D,RP11-816J6.3,5.325714787599748e-06
PMAIP1,AL049829.1,5.303425115545472e-06
HLA-DQA2,C1orf101,5.254250073430684e-06
H1FX,PTH2,5.240381160115549e-06
IQSEC1,ZNF572,5.195623769389824e-06
CCL5,FOXE1,5.089540130794532e-06
RASSF2,TMEM105,5.031290373425938e-06
FLJ27365,RP11-769O8.2,5.007662619374967e-06
IFITM2,RHOV,4.9660218637179695e-06
ZNF683,AC015971.2,4.867998814980827e-06
XCL1,C1orf111,4.852241978573307e-06
PDE6A,CTD-2620I22.7,4.829597091596047e-06
DOPEY2,RP1-261D10.2,4.800235203660138e-06
MCUR1,HSPA12B,4.795911512589551e-06
KBTBD6,CASC2,4.750629479068789e-06
CD7,COL1A1,4.601731156709471e-06
BID,PAPL,4.54406528984271e-06
MEF2C,PDE1A,4.542282164749123e-06
GRHL1,RP1-86C11.7,4.476816752663567e-06
EPHB6,NLGN3,4.455672809468433e-06
MB21D1,RP11-54O7.1,4.426170045500074e-06
ALOX5AP,RP1-261D10.2,4.307686552177178e-06
SASH1,PAPL,4.233159943500584e-06
KLF6,IQSEC3,4.23281097748476e-06
CD8B,RP4-655J12.4,4.171271465806933e-06
CD63,AL049829.1,4.124303676788889e-06
MAP3K3,CXXC4,4.050581016946384e-06
PTGER2,EPAS1,4.026539316829565e-06
PGRMC2,RP1-261D10.2,4.016404336579797e-06
MOV10L1,CXXC4,3.992015843429952e-06
RP11-160H22.3,CTC-503J8.4,3.974643107985336e-06
MT2A,RP4-655J12.4,3.957720022417409e-06
FGFBP2,RP3-323N1.2,3.931921912329552e-06
SMPD3,RP11-787I22.3,3.9198494037224445e-06
TPM4,CXXC4,3.910360654564213e-06
B2M,KRBOX1-1,3.853677205163285e-06
IFI6,KRBOX1-1,3.760604378045416e-06
CACNA2D4,RFX8,3.754444699131479e-06
CD8A,AL049829.1,3.6618847233251135e-06
WDR70,CAPN9,3.5535124531932007e-06
CYP1B1-AS1,CTD-2619J13.3,3.4667394337839578e-06
CYBB,RP11-769O8.2,3.425169342320451e-06
KIAA0195,AL049829.1,3.3732830972198363e-06
MCFD2,CXXC4,3.3496283045039696e-06
TTC38,RP11-358L4.1,3.325914378912343e-06
HLA-DRB5,RP11-665G4.1,3.321330660221662e-06
RP5-1028K7.2,RP11-168O16.1,3.3078883143497245e-06
PODXL,VNN3,3.258171151604572e-06
GPX1,CTD-2192J16.26,3.1978621057717554e-06
GOLGA6L6,RP11-54O7.1,3.169777624914464e-06
SOD2,RP11-54O7.1,3.1616676668903112e-06
TUBG1,CTRC,3.1378300740318504e-06
RP11-178C3.2,RP11-54O7.1,3.103111119497656e-06
GLIPR2,AP3B2,3.0736954004239617e-06
SDPR,RET,3.040711675341964e-06
PROCR,VNN3,3.0251089362189117e-06
CTSW,CTRC,3.021166820090385e-06
PLEKHO1,RP11-54O7.1,2.9953794891616378e-06
TMSB4X,RP11-54O7.1,2.981388717975703e-06
IL32,BBS5,2.945993803884668e-06
IGF2R,VNN3,2.907234915994113e-06
GOLGA3,FOXE1,2.8795611082638883e-06
IGF2R,RP11-168O16.1,2.872293256275278e-06
HLA-DPA1,CTD-2620I22.7,2.8660104548393107e-06
SLC31A2,RP11-29H23.4,2.8637085924444725e-06
HBEGF,PAPL,2.853160538319153e-06
CD8A,VSTM2B,2.842887350083081e-06
MFSD12,RP11-168O16.1,2.840599183249257e-06
JOSD2,IQSEC3,2.839868910029128e-06
MS4A6A,HM13-AS1,2.803940387774722e-06
HLA-C,PTH2,2.7933083142807917e-06
MLTK,STRIP2,2.7931835927372625e-06
MIDN,GYPE,2.788897817781343e-06
FTH1,RIPK4,2.748013023722241e-06
NR4A1,ARNTL2,2.735529852914076e-06
TESC,SNRK-AS1,2.719119225244062e-06
FTL,RP11-118K6.3,2.7067521303027057e-06
MDN1,RP11-118K6.3,2.6640888006573883e-06
C6orf120,RP11-54O7.1,2.6528103863613998e-06
UTS2,RP11-769O8.2,2.642641646443291e-06
RP11-443B7.1,AP3B2,2.6306292267950457e-06
CACNA2D4,RP11-787I22.3,2.5770166834493045e-06
AP5B1,RP11-713D19.1,2.556905082518855e-06
SERP2,RP3-323N1.2,2.5321680714611688e-06
TST,TMEM105,2.527175270835036e-06
OGFRL1,PAPL,2.505846569519461e-06
FCGRT,DDR2,2.502088425127171e-06
VPS41,CASC2,2.485360221442217e-06
FUOM,RP11-118K6.3,2.473297095901581e-06
PSAP,MST1R,2.3545529927038658e-06
GZMH,CXXC4,2.351822515634753e-06
PACSIN2,RP11-713D19.1,2.3275941306648904e-06
TMEM205,AC015971.2,2.32418299053522e-06
GLIPR2,CXXC4,2.316799330408613e-06
FEZ1,AC068282.3,2.3104595959052764e-06
AP003774.6,EPN2-AS1,2.3072178608884013e-06
NEURL1B,GYPE,2.288476164998337e-06
TMEM163,AL049829.1,2.2763795441197318e-06
NFKBID,PDE1A,2.2548951377664867e-06
PQLC1,SNRK-AS1,2.254773146751473e-06
SLC24A4,RP4-655J12.4,2.2383591780362687e-06
ARC,PAPL,2.230659625480519e-06
GNAZ,BMP6,2.227374665059644e-06
IFNG,RP11-118K6.3,2.2222855003207924e-06
PGRMC2,FOXE1,2.2193744466748605e-06
PYHIN1,FOXE1,2.217156735650229e-06
DAGLA,RP11-118K6.3,2.2103598789965965e-06
GSTP1,BBS5,2.209064601261333e-06
SCO2,RP11-118K6.3,2.208169846140646e-06
WASF2,PAPL,2.199181859781533e-06
RALBP1,RP11-524F11.2,2.19150618228314e-06
DMTN,RP11-358L4.1,2.18910066905862e-06
SLC12A9,DDR2,2.18138590725352e-06
SYTL2,RP11-54O7.1,2.1780060899443377e-06
TYROBP,RP11-168O16.1,2.1688782262544217e-06
CPM,RP11-665G4.1,2.143252820845893e-06
RP11-102N12.3,RP11-118K6.3,2.1197648449335137e-06
ARHGEF12,CTD-2619J13.3,2.087474982557753e-06
MAX,RP4-655J12.4,2.0809356065719086e-06
RP11-138A9.2,RP11-713D19.1,2.0701349151744443e-06
RBM27,VNN3,2.0473255284649857e-06
DPP3,CTD-2620I22.7,2.045062687525543e-06
JOSD2,COL1A1,2.0414692217229137e-06
SEC16A,CTD-2620I22.7,2.01954404766579e-06
NKG7,HCG20,1.984458803729922e-06
FERMT3,RP11-362K14.7,1.976162310693846e-06
SPON2,AC009312.1,1.945367014795583e-06
GM2A,AP3B2,1.9220031332325485e-06
RPL3,RP11-665G4.1,1.907198900735753e-06
APLP2,FOXE1,1.8757504437531777e-06
RPAP3,CTD-2619J13.3,1.8716438777325696e-06
RP11-22N19.2,STRIP2,1.8707056936138752e-06
AP1S2,RP11-118K6.3,1.870700411491679e-06
HLA-DMA,ADAM20,1.864011832708675e-06
MT-ND1,CTD-2192J16.26,1.824403408293797e-06
SMOX,ARNTL2,1.8206735178501424e-06
GOLGA3,CASC2,1.816078954038492e-06
ARAP1,CLDN23,1.805653522927408e-06
HVCN1,ADAM20,1.80206650864392e-06
S100A8,CTD-2192J16.26,1.7866423694031428e-06
NMUR1,RP3-323N1.2,1.7847478228795072e-06
ITPR2,RP11-54O7.1,1.7825042335938322e-06
C14orf80,RFX8,1.7714448443888224e-06
PREX1,PAPL,1.666781163736362e-06
TMSB10,ACKR2,1.6591173557676612e-06
NFIB,ARNTL2,1.6565322207739674e-06
EPB41L2,ADAM20,1.6440521443721229e-06
TUBG1,AC108025.2,1.6235947613860735e-06
FES,RP11-29H23.4,1.6208897173385746e-06
MCOLN1,RP11-168O16.1,1.5889182044163204e-06
CTD-2357A8.3,RP11-713D19.1,1.574271992566347e-06
PROS1,STRIP2,1.5697323296695612e-06
AZU1,ARNTL2,1.5667098130619298e-06
ILK,RP11-196O16.1,1.5630456452869974e-06
TKTL1,RP11-54O7.1,1.5531829836146306e-06
MARCO,RP11-665G4.1,1.5433178455292113e-06
MESDC2,RP11-362K14.6,1.5287063934252411e-06
CD79B,RP11-196O16.1,1.5269574344627507e-06
UBE2Z,AC000068.5,1.5114191634073915e-06
UPK3A,LAMB3,1.469744264199845e-06
COQ7,RP4-655J12.4,1.4650874969948958e-06
MT-ATP6,TTC39A,1.4629834238567676e-06
EAF2,RP11-29H23.4,1.4484568341056717e-06
BLK,PDE1A,1.4483357384850515e-06
TPRN,RP3-323N1.2,1.4331090854561873e-06
C9orf89,STRIP2,1.424343416103147e-06
IFIT3,RP11-769O8.2,1.4230979062547926e-06
APP,RP11-168O16.1,1.4139216171483327e-06
C19orf59,RP11-665G4.1,1.4010363285682391e-06
RP11-1152H14.1,RP11-787I22.3,1.3967158317687337e-06
HLA-DQA2,RP11-276E15.4,1.3646209686199344e-06
SPON2,RHOV,1.3536333400844363e-06
CYBB,XX-FW83128A1.2,1.3514530900424444e-06
DPCD,RP11-168O16.1,1.3490145218187852e-06
SLC35E1,RP11-358L4.1,1.33762640886349e-06
C1orf21,RP11-54O7.1,1.3232369313803872e-06
ACTB,VSTM2B,1.3135994192392298e-06
RBP7,RP11-118K6.3,1.3121029324192054e-06
RP11-73K9.2,PAPL,1.3062950931279848e-06
OPLAH,RP11-118K6.3,1.282010773322631e-06
LRRC36,PDE1A,1.256668032564965e-06
SDPR,BMP6,1.2400168771477978e-06
JUND,PTH2,1.2021595609118824e-06
ARID2,C1orf101,1.1928101209794946e-06
RP11-1007O24.3,C1orf101,1.1813565667786503e-06
RRP12,C1orf101,1.176356751940242e-06
RP11-109G23.3,RP11-665G4.1,1.176267542139859e-06
STRN,C1orf101,1.1734950110289502e-06
PTPN11,HSPA12B,1.1622069143513871e-06
PFN1,RP11-769O8.2,1.1461061627736317e-06
RXRA,PAPL,1.1422743147608554e-06
SAMD3,RP11-787I22.3,1.1422506193038286e-06
AC147651.3,RP11-787I22.3,1.0673172752553453e-06
NAGA,FAM47E,1.0426750007466912e-06
TAF13,RHOV,1.0362390913842035e-06
MYO1F,KRBOX1-1,9.968389989651662e-07
ENTPD1-AS1,PAPL,9.84802215424523e-07
MYCBP2,EPAS1,9.804487765836018e-07
ANKRD16,STRIP2,9.7234573995876e-07
CD4,KRBOX1-1,9.70304273422515e-07
HLA-DMB,ADAM20,9.360951822526708e-07
TSPO,PAPL,9.289520333542712e-07
FLNA,BBS5,9.278339473193852e-07
STK40,CAPN9,9.23003085809038e-07
PPIP5K1,RP1-261D10.2,9.213892531057328e-07
HLA-C,LAMB3,8.866873020320317e-07
PRF1,PAPL,8.664206052035473e-07
BIRC6,RP11-787I22.3,8.654983479114725e-07
NPLOC4,AC015971.2,8.648378220964992e-07
EXD3,CTD-2620I22.7,8.634802494553512e-07
ZYX,C1orf111,8.631020558413503e-07
LCN8,PAPL,8.418235058242175e-07
CYP2F1,PDE1A,8.400616417674512e-07
HDAC6,ADAM20,8.318136170062195e-07
GP9,ARNTL2,8.273290966807821e-07
DNAAF3,MMP1,8.253962966570564e-07
ID1,AC009312.1,8.233677998043855e-07
CATSPER1,CTD-2620I22.7,8.207416165331108e-07
GPR162,RP4-655J12.4,8.204425969611322e-07
AL627309.1,AC108025.2,8.185065351167604e-07
CDYL,RP11-358L4.1,8.14835824056425e-07
MOGS,RP11-358L4.1,8.134902638155976e-07
CD97,RP11-362K14.7,8.102264977774262e-07
XXbac-B135H6.15,RP11-665G4.1,7.936923728870647e-07
AKAP13,C11orf45,7.715569049782009e-07
SIK3,AC009312.1,7.662768605240488e-07
TMSB10,RP11-362K14.6,7.502929182611412e-07
EP400NL,RP11-524F11.2,7.485199822141458e-07
NCKAP5L,RP3-323N1.2,7.471786732287964e-07
DOCK2,KRBOX1-1,7.441464770570172e-07
LAMP5,LHX1,7.418936961993944e-07
SRPK2,LHX1,7.372618921737794e-07
FCRL6,RP11-54O7.1,7.324520794129313e-07
RPL34,BBS5,7.291048062078844e-07
FGFBP2,CTD-2619J13.3,7.25641271284841e-07
CDC14B,RP3-323N1.2,7.247402104997353e-07
RELT,ARNTL2,7.217442533040996e-07
HLA-DRA,CCR8,7.1699903018178e-07
SLK,KRBOX1-1,7.166862928383878e-07
LINC00926,PDE1A,7.108235960540986e-07
LST1,RP11-769O8.2,7.049942873496712e-07
RP1-43E13.2,PAPL,6.98099676288787e-07
SLC15A3,XX-FW83128A1.2,6.941870468526771e-07
NCF2,RP11-29H23.4,6.939079471270878e-07
ZNF683,RHOV,6.935765031390646e-07
SNAI1,PAPL,6.896763683642059e-07
ADAMTSL4,RP11-713D19.1,6.884547245233141e-07
SENCR,RP11-358L4.1,6.80959170524695e-07
SLC11A1,RP11-362K14.7,6.624067233634224e-07
M1AP,RP11-713D19.1,6.538544844450121e-07
AC016757.3,PDE1A,6.500349180467892e-07
PDZD8,RP1-86C11.7,6.461822868834013e-07
RP5-882C2.2,RP11-787I22.3,6.442589021184415e-07
TLR4,HSPA12B,6.31139790139963e-07
ACTB,XX-FW83128A1.2,6.292067618191885e-07
SLC45A4,ADAM20,6.281943492153376e-07
IQGAP1,ADAM20,6.274299588372808e-07
GNAI2,RP11-118K6.3,6.259546021662822e-07
NLRP3,RP11-524F11.2,6.229367538720787e-07
TMSB10,RP11-276E15.4,6.140964459354478e-07
NFE2,ARNTL2,6.001593721185875e-07
IGF2R,CTD-2620I22.7,5.940571034343141e-07
RGS2,LHX1,5.789063454724413e-07
PLEK,RFX8,5.707767863539378e-07
SASH1,ARNTL2,5.57316121505755e-07
HP,RP11-118K6.3,5.542981301513699e-07
RP11-1007O24.3,PDE1A,5.534554030824602e-07
TRAK1,CAPN9,5.514339658070187e-07
FTL,FOXE1,5.484677565768338e-07
ACRBP,MMP1,5.441197617212781e-07
ZNF143,CCDC81,5.393193282151649e-07
F2R,RP11-787I22.3,5.373848222634775e-07
MVB12B,CXXC4,5.35681355412363e-07
IRF7,LHX1,5.350216317629512e-07
PHACTR1,LHX1,5.261650138707827e-07
PODXL,RFX8,5.197295771800626e-07
BLK,CASC2,5.11574407117729e-07
ARHGEF40,NLGN3,5.003850375261527e-07
MYL6,ZNF572,5.000076323614407e-07
STK32C,CASC2,4.958502048137976e-07
ZNF703,RP11-168O16.1,4.954415268827532e-07
FCER1G,ACKR2,4.935793609671159e-07
XCL2,RP11-787I22.3,4.848546897558673e-07
EXD3,AC015971.2,4.815158962550512e-07
AP1S2,NLGN3,4.779767464443165e-07
TNFRSF1A,TMEM105,4.770556197291875e-07
CTSH,HSPA12B,4.687946241571646e-07
MFSD2B,ADAM20,4.676302538986911e-07
PYCARD,CXXC4,4.671797191699807e-07
TBXAS1,PAPL,4.615608515368123e-07
HLA-DPA1,FKBP9,4.6028729581091444e-07
CAPNS1,ADAM20,4.591030160967687e-07
FCER2,CCR8,4.58929234297367e-07
NBAS,GRIN2C,4.528470676107976e-07
PPP1R12C,RP11-362K14.6,4.51248472280987e-07
OAZ1,DDR2,4.5065787627776853e-07
SLA,RP11-713D19.1,4.40827779439077e-07
AP003068.23,RP11-713D19.1,4.390654268207676e-07
HDGF,PAPL,4.363676017894045e-07
CD4,STRIP2,4.3270592528701066e-07
FAM214B,RP11-118K6.3,4.323721449263384e-07
RP11-479G22.8,RFX8,4.310078903190155e-07
IL32,RIPK4,4.303984939850053e-07
DYM,CXXC4,4.302939395643579e-07
MLH3,HSPA12B,4.255696243245029e-07
LILRA3,AC108025.2,4.074000460764263e-07
MESDC2,RP11-196O16.1,4.018279257035734e-07
RP5-1028K7.2,RP11-787I22.3,4.01125093880818e-07
PID1,ARNTL2,4.002483310106373e-07
MYO1B,CTD-2620I22.7,3.968170177129888e-07
TET3,C1orf101,3.900185771948301e-07
CD7,STRIP2,3.871793614630146e-07
CHD6,RP3-323N1.2,3.867097041577257e-07
YWHAH,STRIP2,3.811988796300171e-07
PDE7B,RP11-362K14.7,3.792609562968809e-07
PTTG1,RP11-769O8.2,3.693267307751242e-07
SYTL2,STRIP2,3.604438646030372e-07
SNAP23,GCSAML,3.539892697584733e-07
SYMPK,GPR153,3.443733104108088e-07
MFSD1,EPN2-AS1,3.443693867912892e-07
LAT2,RP11-358L4.1,3.287516206232362e-07
TNFRSF1B,RP11-816J6.3,3.275417845289054e-07
NOL3,RET,3.2296454345156813e-07
UNC93B1,ADAM20,3.1760656458977604e-07
ZNF322,RP4-655J12.4,3.1625796368766145e-07
TPM4,FAM47E,3.105547374629505e-07
GSTP1,CXXC4,3.00902621898737e-07
CD14,GCSAML,2.998365084923889e-07
MT-ND1,AC009312.1,2.972395761750463e-07
PLCH2,RP3-323N1.2,2.966566688792866e-07
FCER1G,LHX1,2.949325399908211e-07
OAZ1,STRIP2,2.921106182686428e-07
EFCAB7,RP11-787I22.3,2.9163155124763944e-07
PTRH1,CTD-2620I22.7,2.909826997426433e-07
KIAA0040,LHX1,2.904138690540132e-07
STX3,CASC2,2.869754332964589e-07
SH3BP2,SNRK-AS1,2.8649203462924864e-07
EIF4EBP1,ARNTL2,2.821676654735507e-07
COMT,ARNTL2,2.8139175838736773e-07
ADAP2,IL10,2.813776277921682e-07
RPLP1,AC009312.1,2.794734860558207e-07
CD74,RP11-276E15.4,2.760899113897145e-07
LRCH3,ZNF572,2.704435806910052e-07
CD97,RP11-54O7.1,2.691946283389874e-07
FAM214B,ARNTL2,2.6624383957304017e-07
CTSW,RHOV,2.653504408945084e-07
CSF1R,RP11-29H23.4,2.648149944077592e-07
TPM2,ACKR2,2.644589505688106e-07
AKAP13,RP11-168O16.1,2.636062682691876e-07
S100A9,XX-FW83128A1.2,2.600348836657513e-07
LST1,RP11-29H23.4,2.5990987497184004e-07
GSTP1,ESPL1,2.56223309112022e-07
MDM1,GRIN2C,2.5195744963584e-07
MIR142,FOXE1,2.4973235466213975e-07
CBX4,CTD-2620I22.7,2.487323351028111e-07
SPI1,CTC-498J12.3,2.471525609878825e-07
AKAP9,XX-FW83128A1.2,2.441447302112098e-07
DKFZP761J1410,CTC-498J12.3,2.4375800136539684e-07
VMO1,AP3B2,2.404882733056443e-07
FLNA,CTC-498J12.3,2.3723293313953426e-07
STXBP2,CCR8,2.33482108524426e-07
CD68,CTC-498J12.3,2.325119978868009e-07
GPX1,CCR8,2.3181386133330335e-07
TMCC2,HSPA12B,2.3157313937393866e-07
MPST,CTC-498J12.3,2.3105630007888482e-07
HLA-DOB,ADAM20,2.3030511045174962e-07
RILP,VSTM2B,2.3015189396875877e-07
KLF6,SNRK-AS1,2.252919472440895e-07
IRF7,AC108025.2,2.1882191432211867e-07
NCF2,CTC-503J8.4,2.168946404722067e-07
TCL1A,RP11-665G4.1,2.1601257455551407e-07
GPX1,C1orf101,2.153622339530226e-07
PKN3,STRIP2,2.1187793429582105e-07
C16orf54,VSTM2B,2.115140844429753e-07
CXCR3,RP11-769O8.2,2.1137756607231484e-07
FUOM,C1orf111,2.0983914849301729e-07
TMEM176B,CTC-503J8.4,2.092747872597382e-07
PTPN18,RP11-118K6.3,2.0601236896315268e-07
COPRS,RP11-54O7.1,2.024727064193431e-07
PF4,RP11-54O7.1,1.988129754597676e-07
CES1,CLDN23,1.959381852821751e-07
DHX34,VNN3,1.9564596608771837e-07
PGPEP1,PDE1A,1.944227903218828e-07
TMEM141,GPR153,1.924691074334409e-07
CLUH,ARNTL2,1.869289072236861e-07
TNFSF13B,TTC39A,1.866093868477519e-07
PCNXL3,STRIP2,1.8437990101574676e-07
MAFK,PTPRR,1.8304167699335608e-07
CALCB,C1orf111,1.787094533588213e-07
GRAP2,CTD-2620I22.7,1.709622999668613e-07
HDGF,CTRC,1.6726557272435398e-07
NPC2,RP11-276E15.4,1.6406132342697052e-07
AC023590.1,RP11-276E15.4,1.6079650309111057e-07
HLA-DPA1,CCR8,1.5972659265922537e-07
SEMA4A,SNRK-AS1,1.5860742213619793e-07
AOAH,SNRK-AS1,1.5208817084749488e-07
UBE2V2,RP11-118K6.3,1.473811621254581e-07
GAA,EPAS1,1.4512102437079428e-07
SLC27A3,C1orf101,1.448058723865854e-07
ISG15,CTC-498J12.3,1.44182201140489e-07
ARHGEF40,C1orf111,1.417903764309945e-07
MALAT1,ADAM20,1.3317789480918586e-07
FOS,RP11-168O16.1,1.3081413467663565e-07
NRGN,RP11-713D19.1,1.2922611070040286e-07
PHF21A,JAG2,1.287867911138089e-07
TCF4,RP11-168O16.1,1.2873750000508636e-07
MMP17,AP3B2,1.267093247446721e-07
GPX1,GPR153,1.2578378487441296e-07
CAST,PDE1A,1.1995684051144646e-07
ENKD1,RP11-358L4.1,1.1933183841383266e-07
KLRC1,RP3-323N1.2,1.1926572145020238e-07
ZGLP1,AC068282.3,1.1898269308128065e-07
C12orf75,PTH2,1.1888782778771113e-07
PARVB,JAG2,1.16895179101691e-07
KCTD2,RP11-769O8.2,1.1553023785807844e-07
IFIT3,C1orf111,1.152887461229444e-07
IGLL5,XX-FW83128A1.2,1.1467870859169386e-07
EED,RP11-358L4.1,1.1367117559323222e-07
ALOX5,CTD-2620I22.7,1.1323013723486201e-07
RUFY1,RIPK4,1.0939730021601292e-07
ROCK2,RP11-713D19.1,1.067068799606206e-07
RPLP1,GRIN2C,1.0603026098634597e-07
FAM217B,RP11-362K14.6,1.0501532411496249e-07
GRAP2,RIPK4,1.0403747444775105e-07
GAB3,PAPL,1.0380021260714705e-07
MZB1,LHX1,1.0249566091199761e-07
RAB32,HSPA12B,1.0006290559214017e-07
CTSH,ADAM20,9.964221379042988e-08
SAMHD1,GRIN2C,9.804366454014212e-08
GSN,PDE1A,9.789688453006349e-08
STAT3,AC015971.2,9.652945346960997e-08
IER5,ARNTL2,9.625052648175857e-08
RGS6,RP11-787I22.3,9.579492256081441e-08
S100A6,COL1A1,9.56919981378859e-08
NCOA4,RHD,9.388475195903977e-08
PLEKHF1,AP3B2,9.325907857539495e-08
JOSD2,ARNTL2,9.322026679764978e-08
ZGLP1,TNS4,9.294944784642601e-08
MB21D1,JAG2,9.271983851024544e-08
AKNA,CAPN9,9.268827108130237e-08
WASF2,FOXE1,9.166963551064777e-08
MAP3K3,CLDN23,9.165618825574809e-08
NCF1,KRBOX1-1,8.95125919486184e-08
MT-ND2,AC015971.2,8.698845159572141e-08
GNLY,TNS4,8.589926608954617e-08
KLRG1,PTPRR,8.522212121370368e-08
SYNE2,RP11-358L4.1,8.497134604149159e-08
PARD3,RET,8.41014623178143e-08
SYTL3,C1orf101,8.36753901082721e-08
IRS2,RP11-362K14.7,8.356895969026804e-08
GTF3C1,GCSAML,8.346868666689543e-08
ARID5A,DDR2,8.32837208627968e-08
HHEX,PDE1A,8.180491224510429e-08
RPP25L,STRIP2,8.168603871766424e-08
ANKRD13D,CTD-2619J13.3,8.120866305830667e-08
C4orf48,AC009312.1,7.981390603862648e-08
CD22,PDE1A,7.972694607465706e-08
EIF3B,AC009312.1,7.849615969633419e-08
MDM1,PAPL,7.537282775162979e-08
HLA-DRA,SNRK-AS1,7.401800733163319e-08
TIMP1,AC108025.2,7.399235220433228e-08
GRAP2,CASC2,7.354556637536555e-08
CD151,AC140481.2,7.255910066350252e-08
HLA-DPB1,EPAS1,7.165548356071084e-08
VIM,GPR153,7.125792014250783e-08
RP11-611D20.2,EPAS1,7.091411384731208e-08
TMEM8B,RHOV,7.081686021756642e-08
SNHG18,CTD-2619J13.3,7.049883010981829e-08
TLR6,LHX1,7.04777849105492e-08
SNAI3,RP11-787I22.3,7.02991527330727e-08
RP1-197B17.3,COL1A1,6.860759947043616e-08
EVC2,HCG20,6.792693513797739e-08
RP11-705O1.8,PAPL,6.699954225502948e-08
FCGR3A,LAMB3,6.530809736866374e-08
MEF2C,FKBP9,6.502361881374858e-08
IFI27L2,RP11-196O16.1,6.455744764622537e-08
IER2,TNS4,6.422335802416302e-08
CAPNS1,HSPA12B,6.329975209583846e-08
GPBAR1,RP11-29H23.4,6.298528393910438e-08
OSCAR,FOXE1,6.020007279657074e-08
MFSD12,RP11-787I22.3,5.940285625690292e-08
IQSEC1,DDR2,5.858124047160304e-08
H1FX,CAPN9,5.7959368310727725e-08
CD151,CTD-2620I22.7,5.783067337418366e-08
POU2F2,CAPN9,5.7790923778110654e-08
KIF13B,AC009312.1,5.71850771858953e-08
ADRBK2,RP11-787I22.3,5.559258468972497e-08
S100A9,RP11-54O7.1,5.541504641326671e-08
RP11-326I11.3,CYB5R2,5.520039105849938e-08
ZNF132,CAPN9,5.498955963274487e-08
UBE2F,XX-FW83128A1.2,5.4826956456832884e-08
BLK,RP11-665G4.1,5.44338212569053e-08
C11orf83,STRIP2,5.38340874425257e-08
SEMA4A,RP11-665G4.1,5.364871540667451e-08
MAGIX,GRIN2C,5.346821580833226e-08
SAT1,ZNF572,5.2397931579378416e-08
KPNA6,CLDN23,5.136741355540176e-08
BRD2,RP11-276E15.4,5.11918341260796e-08
RP11-110I1.14,RP11-362K14.7,4.950153569723889e-08
PLEKHF1,RP11-358L4.1,4.9125458607065944e-08
ISG15,RHOV,4.899327186704436e-08
PACSIN1,RP11-713D19.1,4.82394858681996e-08
TUBA4A,MMP1,4.8023646327286854e-08
TJP2,RP11-511B23.2,4.7938011396085936e-08
MS4A6A,RP11-196O16.1,4.7076482349151255e-08
KDM4B,AC015971.2,4.6686582533644335e-08
C6orf120,CXXC4,4.6312316693618326e-08
TBX21,RP11-118K6.3,4.6206273253169196e-08
STK40,IQSEC3,4.471581258102342e-08
NCF1,RP11-787I22.3,4.4616475453343816e-08
GIMAP8,RP11-54O7.1,4.4454626406289124e-08
TUBA1C,RHOV,4.4363184783481194e-08
GNPTAB,CTRC,4.427016193675925e-08
GLIPR2,HSPA12B,4.302594758390454e-08
NRGN,CTD-2192J16.26,4.222714213150618e-08
PRR24,MST1R,4.1786405808322894e-08
RPPH1,CTC-503J8.4,4.0332264157032144e-08
APP,RP11-54O7.1,4.0164751816994975e-08
DNAJC1,CTD-3194G12.2,3.992584056689178e-08
SIK3,STRIP2,3.9687784545004095e-08
CHAF1A,CTC-498J12.3,3.8858870585037784e-08
NBEAL2,GRIN2C,3.8842665896020854e-08
IQSEC2,CTC-498J12.3,3.875827832648862e-08
MROH1,FKBP9,3.783616769328344e-08
SUGP2,VNN3,3.751238697780113e-08
TMSB4X,EPN2-AS1,3.7214344494319596e-08
ARMC7,RP11-787I22.3,3.7053320105914645e-08
PRR24,KRBOX1-1,3.6797969887157576e-08
HSCB,RP1-261D10.2,3.667067272742803e-08
AC073641.2,PAPL,3.65100314997278e-08
IRAK3,FKBP9,3.645105135908576e-08
NT5C3A,HSPA12B,3.6363697581308766e-08
STAT3,FKBP9,3.63544770100324e-08
TMPRSS13,PAPL,3.618719817143596e-08
ST3GAL6,PAPL,3.6166676701072996e-08
APLP2,GPR153,3.6146324538023273e-08
HHEX,CASC2,3.587390821795228e-08
RP11-552D4.1,RP11-196O16.1,3.5801395085087425e-08
CTSD,CTC-503J8.4,3.5652048833263695e-08
B2M,RP11-196O16.1,3.557975621734185e-08
BOD1L1,FOXE1,3.5513250956775795e-08
PILRA,CASC2,3.518842075397891e-08
ZCCHC17,RP11-276E15.4,3.5081761752119374e-08
APOBEC3A,RP1-261D10.2,3.5078787958730766e-08
UBE2Z,MST1R,3.506937237356913e-08
COQ7,XX-FW83128A1.2,3.4493141479038e-08
MPST,RP11-196O16.1,3.444454252110584e-08
UTP14C,RHOV,3.426087121554338e-08
STK40,MST1R,3.415643180053349e-08
MAPK8IP3,CTD-2192J16.26,3.33396835508686e-08
STXBP2,ACKR2,3.3339517618024885e-08
ARMC7,CTD-2620I22.7,3.333692117673816e-08
FLNA,VNN3,3.2616317673289044e-08
S100A6,CCDC81,3.2288104048398825e-08
CCR10,RP11-196O16.1,3.227575264722077e-08
C19orf38,CASC2,3.207966261627171e-08
MYO9A,RP11-54O7.1,3.1643422184536646e-08
SAT1,ACKR2,3.1642576938501486e-08
ICAM1,CTD-2192J16.26,3.1417415578911873e-08
TNPO2,RP11-362K14.6,3.1171518503221944e-08
RP11-442N24__B.1,VNN3,2.9957522342584e-08
GALK1,VNN3,2.985067484637722e-08
CD74,RP11-29H23.4,2.9102616374378732e-08
TMEM41B,AF131215.5,2.9089077696749862e-08
HIST1H2AC,RP11-276E15.4,2.7864943680650216e-08
S100A8,JAG2,2.7467925365517164e-08
C10orf11,CTD-2620I22.7,2.7312484820745275e-08
MT-CO1,RP11-196O16.1,2.724542898668513e-08
TPCN1,C2orf48,2.677433184956325e-08
AHNAK,DDR2,2.5968871136721955e-08
RPLP1,AC140481.2,2.585470293020191e-08
CENPJ,RIPK4,2.5591450869905552e-08
RP11-332H14.1,VSTM2B,2.5087382368123286e-08
GUCY1A3,RIPK4,2.5010183506079815e-08
DUSP23,CCDC81,2.4597093077022415e-08
NMB,HCG20,2.388293422276012e-08
PARVB,ACKR2,2.365299764230409e-08
ROBO3,PDE1A,2.351062853318168e-08
RCE1,RP3-323N1.2,2.2729976605706307e-08
MT-ND1,EPHB3,2.2678404636627137e-08
ARHGEF12,PTH2,2.2677686926041698e-08
LINC00989,PTPRR,2.2508402652399412e-08
WDHD1,ARNTL2,2.2387325194031003e-08
CD8B,BBS5,2.2260234275528582e-08
ILK,SNRK-AS1,2.2123605299172292e-08
RP11-443B7.1,AL049829.1,2.173581130099173e-08
MYCBP2,XX-FW83128A1.2,2.1710847370274477e-08
RAB31,PTPRR,2.155468135395242e-08
TLE3,TNS4,2.1359671666670385e-08
TUBA4A,STRIP2,2.135749424315159e-08
RPL3,PTPRR,2.128213082070164e-08
MYL6,CTD-2619J13.3,2.1010431293630257e-08
KCNC3,CYP46A1,2.0915089416444448e-08
WDR11,CTD-3194G12.2,2.0660180887220077e-08
LRBA,RIPK4,2.0130802838650272e-08
IER5,RP11-168O16.1,1.9956151170550182e-08
FTH1,EPHB3,1.9519003865825225e-08
PPM1F,RET,1.9079876291539168e-08
NUSAP1,AF131215.5,1.9000903566117648e-08
GTF2I,HCG20,1.8988136994993557e-08
YBX3,ACKR2,1.8888067217718356e-08
ZCCHC18,RP11-54O7.1,1.854144923342178e-08
MYO9A,RP11-168O16.1,1.8356949089675346e-08
ZMYND8,ACKR2,1.8295890914739724e-08
OASL,SNRK-AS1,1.8067248711332583e-08
DYNLT1,MST1R,1.7979709651629037e-08
SNX29,JAG2,1.7756089716500606e-08
GNLY,FKBP9,1.7496912096383293e-08
RFNG,ZNF572,1.72850841091779e-08
SZT2,EPHB3,1.726219546861827e-08
RPL3,RP3-323N1.2,1.6846648933238057e-08
CLEC4E,JAG2,1.6641581346735173e-08
TLK1,JAG2,1.6471045233042845e-08
ACTB,MMP1,1.642526635011522e-08
EIF4EBP1,FOXE1,1.628689484792909e-08
S100A8,RP11-29H23.4,1.6117292902705017e-08
FRMD4B,C2orf48,1.6049253337505544e-08
IL32,EPHB3,1.6004765942963685e-08
PTGDS,LHX1,1.5804599166153456e-08
SAT1,CLDN23,1.5749502782653747e-08
CCL3,GPR153,1.5435353179146968e-08
FZD2,CTRC,1.5351311728986597e-08
MAFB,C2orf48,1.466622292198628e-08
C11orf83,RP11-276E15.4,1.4581229005758628e-08
FTH1,CTD-3194G12.2,1.4503872932035456e-08
LMNA,RP11-787I22.3,1.4400379007626197e-08
MRM1,CTD-2620I22.7,1.439010867082659e-08
CD19,VSTM2B,1.3991009611460332e-08
TIGIT,NLGN3,1.3674912112586188e-08
BACH1,NLGN3,1.3652030370716642e-08
BATF,RP11-787I22.3,1.3316403048868806e-08
LTB,PTPRR,1.3106004222394303e-08
PREX1,XX-FW83128A1.2,1.288692931227518e-08
PLAUR,XX-FW83128A1.2,1.2831805679495165e-08
NEK4,LHX1,1.2774376195116053e-08
TNFRSF13C,RP11-524F11.2,1.2582977118287324e-08
CAPN12,RP11-196O16.1,1.2527821889215402e-08
RAB11FIP1,XX-FW83128A1.2,1.2291232344549285e-08
NPEPL1,JAG2,1.228793182249672e-08
JOSD2,JAG2,1.2146136269341241e-08
S100A9,CTC-503J8.4,1.208063798766573e-08
H1F0,FOXE1,1.1997687413109111e-08
FPR1,XX-FW83128A1.2,1.1974117879193664e-08
LCN8,ACKR2,1.1973219589904728e-08
MCUR1,DDR2,1.1928900295763474e-08
RP11-290F20.3,COL1A1,1.1851000347402164e-08
RPLP1,FBXO30,1.1806128543316436e-08
CTNNA1,RP3-323N1.2,1.1588141279422568e-08
NFKBID,LHX1,1.1512797461787072e-08
KLRB1,RP1-261D10.2,1.118835832756727e-08
CTSS,RP11-168O16.1,1.104781105702287e-08
APMAP,RP1-261D10.2,1.1004176581934464e-08
DDX51,AC009312.1,1.0958954480671483e-08
LINC00877,LAMB3,1.0940969819786558e-08
LRP1,IQSEC3,1.0803075114955361e-08
SLC46A2,RP1-261D10.2,1.0697115980014511e-08
TPM2,RP11-29H23.4,1.0696338028639496e-08
SECTM1,LAMB3,1.0622411464372164e-08
PTMS,RP4-655J12.4,1.035231126216776e-08
RNF19A,FAM47E,1.0251490808062225e-08
MT-ATP6,RP11-168O16.1,1.0205574862470856e-08
RPGR,C1orf101,1.0170596305582828e-08
C9orf89,CTD-3194G12.2,1.010664349894454e-08
RP11-164H13.1,ACKR2,1.0081338407634347e-08
GCLC,RFX8,1.0075353586193932e-08
TLN1,GYPE,1.0049750331665492e-08
ITM2C,IQSEC3,9.982646516653064e-09
EPHB6,RP11-168O16.1,9.833516197437749e-09
RP3-402G11.26,EPHB3,9.794598065157902e-09
RP5-882C2.2,CCDC81,9.722931698584893e-09
LTB,CCDC81,9.701833200561281e-09
RP11-443B7.1,AC015971.2,9.495025439511708e-09
HVCN1,CCDC81,9.411409681448985e-09
RPL3,GCSAML,9.300140844128189e-09
ALDH2,TMEM105,9.280917987344683e-09
PHLDA2,RP4-655J12.4,9.216278374434086e-09
RRBP1,CYP46A1,9.201798665564932e-09
BANK1,RP11-511B23.2,9.193177738296464e-09
PRSS57,CTD-2192J16.26,9.186759603200874e-09
ASIP,DDR2,9.16320519626866e-09
ATG2A,EPHB3,9.067251330066971e-09
FYN,CCDC81,8.959380388434165e-09
ARHGAP21,BMP6,8.888411305041047e-09
RP11-367G6.3,RP3-323N1.2,8.714674692809806e-09
EED,RP11-524F11.2,8.65020461983935e-09
NOL9,COL1A1,8.62571825799215e-09
SMARCD2,C11orf45,8.607447538799852e-09
TIMP1,GCSAML,8.385652659832526e-09
CCL5,RP11-276E15.4,8.336285710719238e-09
FCGR3A,VSTM2B,8.327800960448188e-09
NCF2,VSTM2B,8.274347918874096e-09
KDM5A,RFX8,8.157584487240806e-09
MGST1,AC015971.2,8.135120123091145e-09
CYB561A3,AP3B2,8.033536286648162e-09
NFE2,CYB5R2,7.975942664289327e-09
OXER1,RHD,7.958525860453864e-09
RP1-257A7.5,EPHB3,7.926068559141058e-09
SCT,C2orf48,7.806933029620228e-09
UTF1,RP1-261D10.2,7.69322503198717e-09
PHEX,VNN3,7.682523158417303e-09
MPND,IL10,7.671403136097891e-09
EIF4G3,AC015971.2,7.59827471132788e-09
TMCO3,CTD-2192J16.26,7.543928003686434e-09
EED,CTRC,7.494457896506361e-09
MYO9A,GRIN2C,7.479361731816372e-09
MT-ND2,FBXO30,7.319916762031753e-09
FANK1,RP11-54O7.1,7.280332469084191e-09
CLUH,IL10,7.261158117833327e-09
MAGIX,RP11-358L4.1,6.840279785084414e-09
METTL25,EPHB3,6.771858727005578e-09
NPLOC4,RP11-54O7.1,6.760810323899651e-09
APAF1,ACKR2,6.744463582088243e-09
MT-CO1,BBS5,6.719453387549123e-09
DHX38,COL1A1,6.644430796900103e-09
GNAI2,C2orf48,6.567172996355078e-09
ARHGAP4,BBS5,6.565521400843013e-09
TYMP,GRIN2C,6.496141699454425e-09
RASSF4,COL1A1,6.411316328647879e-09
BMF,HCG20,6.345537210219737e-09
SLC11A1,FOXE1,6.327801252724597e-09
CD68,RP11-511B23.2,6.321267755781348e-09
GADD45A,C1orf101,6.2521559524800235e-09
CHD6,RP11-769O8.2,6.139825446383637e-09
IFI30,GYPE,6.087250578757725e-09
PLD4,ACKR2,5.9479123016469694e-09
KIAA0319L,RET,5.944507886187021e-09
OS9,RP11-769O8.2,5.9153850838486995e-09
ZNF467,CAPN9,5.902820667700972e-09
DGCR2,HCG20,5.862712467761508e-09
OXTR,RP11-362K14.6,5.848901137417698e-09
ADRBK1,WWC2-AS2,5.6303880540625555e-09
RAB31,AL049829.1,5.483422440954738e-09
RPL3,SCML2,5.480710117693364e-09
KIF2A,RP11-168O16.1,5.476297673504249e-09
KIAA0319L,AC068282.3,5.4725348389175105e-09
BID,FKBP9,5.407558957272858e-09
ROBO3,C1orf111,5.376188285124536e-09
RP11-291B21.2,CCR8,5.3682678671501605e-09
TPM4,DDR2,5.359636715960402e-09
PTGDR,CCR8,5.318235521243266e-09
ESAM,NLGN3,5.3109022242357375e-09
DNASE1,C1orf111,5.253176054843329e-09
SAMD3,NLGN3,5.252179594963021e-09
ITM2C,DDR2,5.249994247529893e-09
SH3BP2,RP11-816J6.3,5.247620644089193e-09
RP11-572O17.1,C1orf111,5.111449305249352e-09
IGF2R,NLGN3,5.0887269783561236e-09
BID,RET,5.067472208565764e-09
XPNPEP1,CTD-3194G12.2,5.0597758995416435e-09
FSTL3,AC068282.3,4.920356622282757e-09
TNFRSF1B,IQSEC3,4.91880321270458e-09
SOAT1,RHOV,4.814587452201769e-09
TMEM40,AC108025.2,4.662308289034317e-09
LINC00152,WWC2-AS2,4.513739657737935e-09
YWHAH,RP11-524F11.2,4.511086377212266e-09
SNAP23,RP11-769O8.2,4.456717526493182e-09
SNAI3,RP11-713D19.1,4.4080394703057106e-09
GAPT,C2orf48,4.282084172854728e-09
IER3,TMEM105,4.229218901216697e-09
TMEM205,CTC-503J8.4,4.22265365279306e-09
CAMKK2,CCDC81,4.194441174719775e-09
DNAJC1,RP11-362K14.7,4.156840996275906e-09
CTSD,CTRC,3.855640586762938e-09
KLRG1,EPAS1,3.741686033877317e-09
TYROBP,WWC2-AS2,3.7050545666832196e-09
METRN,DDR2,3.6960627358128473e-09
PRR22,RP11-665G4.1,3.660141593164827e-09
SCO2,RP11-29H23.4,3.615041467020111e-09
ZEB2,C2orf48,3.5391073278971118e-09
CST3,RET,3.535964583468131e-09
MAFB,RP11-524F11.2,3.524386597984353e-09
ARID5B,CCDC81,3.4959321312737404e-09
APP,CCDC81,3.4830347059903803e-09
RNF212,CCDC81,3.447987283381494e-09
TP53BP1,RP11-524F11.2,3.413786871042952e-09
EPDR1,AC000068.5,3.3876452009145012e-09
ATP2A2,WWC2-AS2,3.333996992459546e-09
GSTO1,WWC2-AS2,3.2632773091203874e-09
FUOM,RP11-362K14.6,3.2448619208129843e-09
TUBA1C,RP11-524F11.2,3.221304982486301e-09
TSPO,GYPE,3.1146578801514284e-09
DOCK2,RP11-524F11.2,3.0449662991804987e-09
RP11-61J19.4,C1orf101,3.039283766620496e-09
HLA-C,RP11-816J6.3,3.0095979954244767e-09
BCL2L1,DDR2,2.9875710931568566e-09
AC093627.10,CCR8,2.9816915473241927e-09
MYO1F,C1orf111,2.974118650590154e-09
CD160,ZNF572,2.932026555600832e-09
ADRBK1,C1orf111,2.86726742659163e-09
FCGRT,CTD-2620I22.7,2.834384697818992e-09
PFN1,FKBP9,2.8283445945258357e-09
RP11-291B21.2,ESPL1,2.8243136935643116e-09
CTSW,VSTM2B,2.8014911053496793e-09
TULP3,C1orf111,2.781417601334184e-09
CD63,CTD-2620I22.7,2.7751031936378994e-09
ATG2A,ESPL1,2.741865322907592e-09
SNORD3D,KRBOX1-1,2.708800658815129e-09
CCDC82,MST1R,2.6685246870642316e-09
UBE2F,ZNF572,2.663935486568725e-09
IFITM10,HM13-AS1,2.6151583702518884e-09
BST1,GCSAML,2.610323749026274e-09
SIN3A,JAG2,2.5645360637430764e-09
MYL6,GCSAML,2.558378306491775e-09
CXCR3,CCR8,2.507185897482014e-09
KLRG1,CTRC,2.408129744534509e-09
MSRB1,XX-FW83128A1.2,2.361351790431031e-09
TMSB10,RP3-323N1.2,2.3561198549662463e-09
CWC25,GCSAML,2.346663916031121e-09
RGL2,RP11-196O16.1,2.253724249039461e-09
BAZ2B,JAG2,2.156714947057325e-09
IL32,FAM47E,2.1380355236566707e-09
HIST1H2BK,WWC2-AS2,2.1341953593981222e-09
RUFY1,TMEM105,2.1310459985356603e-09
ADAP2,RP1-261D10.2,2.106209356955651e-09
CDKN2D,RIPK4,2.104844988515517e-09
CTD-2035E11.3,CLDN23,2.0963511858705115e-09
CAPG,RP11-118K6.3,2.088381395994783e-09
HLA-DQA2,C11orf45,2.081403692017304e-09
MT-ND2,IL10,2.063995854952876e-09
ADRBK1,MST1R,2.050720287412172e-09
DERL3,LHX1,2.0222019744890862e-09
ABCA7,RP11-511B23.2,2.0130274802329804e-09
TMEM176A,C11orf45,1.9709179320407118e-09
AKR1C3,CASC2,1.9497850879229813e-09
RPL3,RP11-816J6.3,1.935804352050677e-09
TSPAN13,ACKR2,1.9090635943308614e-09
MIR24-2,RP11-787I22.3,1.883358425095552e-09
ABHD1,RP11-276E15.4,1.8103181594250694e-09
ANKRD11,PTPRR,1.7910535086025227e-09
ITPKC,HCG20,1.7652504400389955e-09
IQSEC1,RIPK4,1.7067991276646615e-09
SLC19A1,RP11-362K14.6,1.6894297842402452e-09
RPLP1,RIPK4,1.6500130756900543e-09
SOD2,RP11-118K6.3,1.6191345069910482e-09
FCGR3A,CTRC,1.6174305549930671e-09
FGR,ADAM20,1.608016654199663e-09
TMSB10,RP11-511B23.2,1.5610399518495291e-09
ATG2A,CAPN9,1.5560711826464875e-09
H1FX,IQSEC3,1.5556244960329775e-09
C1QA,SNRK-AS1,1.5169339268693342e-09
RGS2,HCG20,1.501907122740311e-09
ACTN1,RP11-276E15.4,1.4986005816523304e-09
PARPBP,RP3-323N1.2,1.4860749342174526e-09
MALAT1,ACKR2,1.462422569726827e-09
CAMKK2,CTRC,1.44758966446173e-09
CD68,FOXE1,1.4238330942848203e-09
CMIP,RP4-655J12.4,1.4174310924666692e-09
ZNF468,RP11-362K14.6,1.4105027472741366e-09
NBEAL2,RP11-196O16.1,1.3735739819558144e-09
FTL,JAG2,1.3731535326337331e-09
CTSH,HM13-AS1,1.3546009334478851e-09
MIDN,AC108025.2,1.3325961910350738e-09
DGCR2,RP11-787I22.3,1.3287271617713984e-09
CDKN2B,RP1-86C11.7,1.3279868906010804e-09
BRI3,GRIN2C,1.3214709588937815e-09
KPNA6,RP1-261D10.2,1.2983958848035636e-09
TNFSF10,CTC-498J12.3,1.2770643638370679e-09
SLCO5A1,RP1-86C11.7,1.276370936500574e-09
RP11-496I9.1,RP1-86C11.7,1.276328320681889e-09
S100A9,KRBOX1-1,1.263697428593777e-09
GNLY,ESPL1,1.259579892760251e-09
PLEK,C1orf101,1.254065690208999e-09
CLMN,PDE1A,1.2380740512847272e-09
NCOA4,PDE1A,1.2338625418856015e-09
LTB,RP11-196O16.1,1.2030082040657935e-09
ARID5A,CLDN23,1.1986131366127423e-09
PACSIN1,RP11-29H23.4,1.1984385226585304e-09
RAB34,C1orf101,1.1628207843723387e-09
HLA-DPB1,RP11-524F11.2,1.1602302323354827e-09
HLA-DRA,CTD-2192J16.26,1.1452465439079923e-09
PYHIN1,CTD-2619J13.3,1.1250611482145515e-09
MAFG,GRIN2C,1.1197961692931319e-09
OSCAR,GRIN2C,1.1153140631192423e-09
MIR24-2,CYB5R2,1.1130189249545322e-09
PKIG,PDE1A,1.098857727447274e-09
ARHGAP4,GRIN2C,1.0951459795807524e-09
COQ7,CXXC4,1.0939637847981628e-09
ALOX5AP,ADAM20,1.0894169208035182e-09
F2R,CTD-2619J13.3,1.0868624233568471e-09
RXRA,PDE1A,1.083121780227285e-09
HES4,AP3B2,1.081076321035547e-09
HLA-A,ADAM20,1.0800775084945196e-09
R3HDM2,AP3B2,1.0738453055259794e-09
XCL2,EPAS1,1.0555646304133682e-09
COMT,LHX1,1.0546071178235806e-09
TYROBP,SCML2,1.034373975798097e-09
TOR4A,CTD-2619J13.3,1.0338303886542911e-09
CCDC170,GRIN2C,1.0285989552961875e-09
TRIM25,CTC-498J12.3,1.0236236254483823e-09
ZYX,RP11-362K14.7,1.0077177655284203e-09
CD74,RP11-816J6.3,1.0023653540969504e-09
KIAA0368,CTD-2619J13.3,9.991697214681666e-10
BST1,RP11-29H23.4,9.853049598273644e-10
SYNE2,CTD-2619J13.3,9.765680615187064e-10
AKAP9,CYP46A1,9.733602009568107e-10
SCO2,CTD-2619J13.3,9.729687106323292e-10
LAIR2,CTD-2619J13.3,9.706164264798414e-10
AGTRAP,CAPN9,9.64722201948598e-10
MXD1,CTD-2619J13.3,9.628521717355459e-10
CD1C,FOXE1,9.57440366878105e-10
MZB1,CAPN9,9.559397420810311e-10
IL32,CTD-2619J13.3,9.408712970949478e-10
PTGIR,CTRC,9.020002212019298e-10
HIST1H1C,EPN2-AS1,8.899707124050867e-10
PLEK,GYPE,8.53298670675245e-10
CRIP2,PAPL,8.091486581878355e-10
MCFD2,AC009312.1,7.940316533734554e-10
CTSA,RP11-168O16.1,7.655429185566167e-10
FCER2,ZNF572,7.583785060781431e-10
RPL34,CTRC,7.581308265582253e-10
MBP,WWC2-AS2,7.394864261806391e-10
HLA-DQB1,AP3B2,7.380396926016766e-10
MIR22HG,RP11-168O16.1,7.20076943263707e-10
LRIF1,HM13-AS1,7.195643528649601e-10
BCL2L11,CTD-2620I22.7,7.170157290311472e-10
PLAC8,AC140481.2,7.105790611931934e-10
TYMP,TNS4,7.016961100754564e-10
GZMA,LAMB3,7.008145844673068e-10
THAP6,IQSEC3,6.927409814401582e-10
FOXN2,GCSAML,6.926271169475932e-10
POMC,CAPN9,6.9067713038794e-10
TNFSF10,RP3-323N1.2,6.65279745003546e-10
HLA-DRA,ZNF572,6.649009634669025e-10
SNN,ZNF572,6.522719028031215e-10
APP,BBS5,6.357317404357945e-10
PILRA,TNS4,6.292764932825853e-10
WDR11,C1orf101,6.26547478919147e-10
S100A11,BBS5,6.158155451090687e-10
RPL34,CYB5R2,6.123589234580976e-10
TNFSF13B,RP11-713D19.1,6.087546063350012e-10
SLC19A1,CYB5R2,6.014693267318957e-10
GZMB,TNS4,5.996226418995572e-10
IGFBP7,CYB5R2,5.923246374763553e-10
RPL3,ACKR2,5.883973205491963e-10
IL17RA,CYB5R2,5.773313534483928e-10
COL6A2,AC009312.1,5.762797726154535e-10
TFEB,RP11-276E15.4,5.652690291281857e-10
S100A4,CYB5R2,5.611761354547048e-10
ZNF264,NLGN3,5.57914944009485e-10
CUEDC1,GRIN2C,5.576289992049447e-10
DNAJC1,FOXE1,5.567814913319092e-10
RALBP1,CASC2,5.560919300530167e-10
EHBP1L1,RP11-276E15.4,5.436017017715325e-10
CCDC82,ESPL1,5.362359306361093e-10
PLD2,TMEM105,5.330546956210218e-10
SELPLG,NLGN3,5.329566600985441e-10
ANKRD13D,CYB5R2,5.269895441987184e-10
MB21D1,ESPL1,5.264715872422407e-10
C12orf75,RP11-769O8.2,5.24364135204898e-10
AHCTF1,RP11-787I22.3,5.0795427198854e-10
PTMS,AC009312.1,5.061734709613198e-10
ZEB2,CTD-2619J13.3,4.999780088613249e-10
FCER2,RP11-816J6.3,4.987613260913198e-10
CD7,GRIN2C,4.986185991139131e-10
SRPK2,RP3-323N1.2,4.981149880192253e-10
ARHGAP10,RP11-358L4.1,4.852713705372294e-10
HLA-DPB1,COL1A1,4.827562195222667e-10
TSPAN4,CTD-2619J13.3,4.770219537586483e-10
HLA-DRA,RP11-816J6.3,4.713734005891655e-10
UBR4,AF131215.5,4.6394203068722966e-10
OS9,SCML2,4.6162126126041303e-10
OS9,CTC-503J8.4,4.5878875414725564e-10
ARHGEF40,TMEM105,4.5724651313052956e-10
SLC45A4,AF131215.5,4.519831850534586e-10
IL32,SCML2,4.5130391083064e-10
RP11-539L10.2,RFX8,4.476085778897271e-10
LINC00152,CTD-3194G12.2,4.387266710873567e-10
BRD2,CTC-503J8.4,4.2610377652487046e-10
GZMB,ACKR2,4.163765655132595e-10
KLRF1,MST1R,4.1017440968155407e-10
MLTK,VNN3,4.0462414793761775e-10
SAT1,RP11-511B23.2,4.041943421650008e-10
STAT3,CTRC,3.926459640800876e-10
MYL6,AF131215.5,3.9201036513112e-10
SH3BP2,BBS5,3.871640555773283e-10
MT-ATP6,VSTM2B,3.7657422113455964e-10
RSU1,RP11-713D19.1,3.7655354528271056e-10
C1orf35,C1orf101,3.7409956435028515e-10
PYCARD,JAG2,3.6672620389748414e-10
IFI27L2,RP11-713D19.1,3.6419694500814006e-10
EPB41L2,STRIP2,3.583177844117178e-10
KIAA0040,ACKR2,3.565874525014048e-10
AXIN2,SNRK-AS1,3.528731363713003e-10
FASN,COL1A1,3.5159474664943585e-10
CD300A,RET,3.495605076123884e-10
GZMA,AC140481.2,3.4612979016740023e-10
NEURL4,RP11-713D19.1,3.454542876209709e-10
MFSD1,JAG2,3.3809638283586523e-10
NACC2,RHOV,3.3406190409553217e-10
DUSP18,HCG20,3.3128871808934217e-10
MT-ND2,IQSEC3,3.2596314571932803e-10
OS9,RHOV,3.1904314355925126e-10
NKG7,RIPK4,3.1142074571291327e-10
HLA-DQB1,RP11-816J6.3,3.096919329245909e-10
COQ7,AC108025.2,3.0662617909391964e-10
CEBPD,TMEM105,3.0606983388732105e-10
S100A8,RP11-511B23.2,3.0317269074418874e-10
PPAPDC1B,LHX1,3.0271169067406577e-10
RP9,GRIN2C,3.012897645388921e-10
CD79B,TMEM105,2.935435078839219e-10
WASF2,ACKR2,2.9131065033078917e-10
FTH1,IL10,2.8421304313513807e-10
PLEKHO1,AC015971.2,2.7903208834609985e-10
CLU,RP11-511B23.2,2.7081507427725976e-10
TNFRSF17,RP11-118K6.3,2.706311085012247e-10
HLA-DRB1,CXXC4,2.677633668367856e-10
LYL1,ESPL1,2.6762478592533657e-10
S100A4,IL10,2.6741491538154624e-10
TESC,AC140481.2,2.624921332869504e-10
ULK1,HM13-AS1,2.6131651883807536e-10
AKNA,IL10,2.609853472780643e-10
PLEC,AC068282.3,2.60694622880552e-10
RAB34,CXXC4,2.599489019257477e-10
B2M,DDR2,2.5701193637451513e-10
GSTP1,AC108025.2,2.552625385320189e-10
SCFD2,GPR153,2.501798046128167e-10
HLA-DPA1,RP11-511B23.2,2.4992050760378867e-10
PLEKHF1,AC140481.2,2.476964047684369e-10
PRSS23,FKBP9,2.474168606536605e-10
PLEKHF1,KRBOX1-1,2.473623770364753e-10
ALDH2,ZNF572,2.4705833572628484e-10
MIR24-2,ZNF572,2.461871364825992e-10
MYL6,ESPL1,2.452614240251144e-10
NKAP,FKBP9,2.440723994008778e-10
NKAPL,C1orf111,2.4320488281256114e-10
ZNF618,C1orf111,2.425624719197537e-10
SYTL2,VSTM2B,2.3712752277683286e-10
KIR3DL2,EPN2-AS1,2.3252744097152047e-10
BANK1,EPN2-AS1,2.3196156868823076e-10
TTC38,CASC2,2.307369023566044e-10
GZMA,EPN2-AS1,2.2759831386028528e-10
TDRP,BMP6,2.225904403479966e-10
B2M,RP11-276E15.4,2.2035202990210676e-10
ADAM15,TMEM105,2.1822835242912862e-10
MB21D1,RP11-29H23.4,2.1545125398419638e-10
HLA-DRA,RIPK4,2.1528400161347104e-10
HLA-DRB1,RP1-261D10.2,2.1352872679857812e-10
CTSS,EPHB3,2.1179412611452118e-10
SCRN3,EPN2-AS1,2.1176720978112583e-10
PTPN18,CTD-2619J13.3,2.0483107179126995e-10
SNORD3D,RP11-29H23.4,2.0469647584732307e-10
EIF3B,VNN3,2.0316469962585742e-10
NGFRAP1,CTC-498J12.3,2.027605126710525e-10
MAX,PAPL,2.0218731745712342e-10
TMSB4X,RP11-362K14.7,1.9781039052887643e-10
WASF2,AC015971.2,1.9691891418260406e-10
OAZ1,RP11-769O8.2,1.959520348189728e-10
MT-ATP6,RFX8,1.9279990818516784e-10
CD8A,RP11-168O16.1,1.9131411041945783e-10
LINC00221,RP11-168O16.1,1.9016471478190919e-10
ZDHHC19,RIPK4,1.8707053275727628e-10
KIAA0930,JAG2,1.853367670864279e-10
C1orf21,ACKR2,1.6933806200751802e-10
PYCARD,SNRK-AS1,1.5851797818773704e-10
FUT11,CYB5R2,1.5263182489672622e-10
RP11-291B21.2,WWC2-AS2,1.5086758358767615e-10
ZC3H13,VNN3,1.4897451321441247e-10
MOSPD2,FAM47E,1.4829328902830978e-10
TMEM205,CYP46A1,1.4715246777537156e-10
HSCB,RP11-787I22.3,1.4674195678784455e-10
LILRB4,CYP46A1,1.4332591282199414e-10
BID,RP3-323N1.2,1.4331856615970884e-10
GAPT,NLGN3,1.3885910089247336e-10
TTBK2,RP4-655J12.4,1.3821534101146026e-10
FUOM,RP4-655J12.4,1.3817982613018318e-10
LMNA,GRIN2C,1.376741394830421e-10
AKNA,AC068282.3,1.3743824257511916e-10
AIF1,CYP46A1,1.3715664829217022e-10
CTSZ,RP4-655J12.4,1.3533270005097694e-10
EPHB6,AC068282.3,1.3469727052554168e-10
CD74,RHOV,1.3409700093509654e-10
CENPBD1,RP11-118K6.3,1.3336053519717514e-10
LGALS1,PTH2,1.319289870034296e-10
TBC1D20,LHX1,1.3189388326374868e-10
SNORD3D,CTD-2620I22.7,1.314246014720185e-10
PPP1R14A,RP4-655J12.4,1.2682528237480248e-10
TYMP,LAMB3,1.26790615206971e-10
ZNF683,PTPRR,1.2575398537933078e-10
SYMPK,CTD-2619J13.3,1.25751490191389e-10
MKI67,CTC-503J8.4,1.2495205947548565e-10
LYAR,CTC-503J8.4,1.2307729664276038e-10
TKTL1,CTC-503J8.4,1.2281776173518866e-10
PPAPDC1B,RP11-118K6.3,1.2216866322063012e-10
UTF1,C1orf111,1.2081559554796838e-10
GRN,RP11-787I22.3,1.2035920183145368e-10
EIF4EBP1,GYPE,1.1859872304916676e-10
KIF22,HM13-AS1,1.1692506045873474e-10
TMEM159,CXXC4,1.1552126507469686e-10
CCL5,IQSEC3,1.1469007813772472e-10
CD63,VSTM2B,1.1413235735298279e-10
LGALS1,TMEM105,1.1315514082786216e-10
SLC15A4,GYPE,1.1276803413433468e-10
KPNA6,HM13-AS1,1.1123155678198028e-10
KIF21B,AL049829.1,1.102448265061652e-10
TMEM241,HM13-AS1,1.0877844647408344e-10
MCUR1,PTH2,1.0439774444437387e-10
RBP7,FAM47E,1.0383041222457925e-10
MT-ND1,FKBP9,1.0370048240186026e-10
SUGP2,RP11-769O8.2,1.0318961798069779e-10
TMEM141,RP11-769O8.2,1.0078150891999668e-10
RHOC,RP11-769O8.2,1.0068317389099103e-10
DENND5A,LAMB3,9.990875743100131e-11
SNN,RP1-86C11.7,9.891349629861272e-11
BACH1,ADAM20,9.793959266320652e-11
CD79A,PTPRR,9.793354213654004e-11
RUFY1,TNS4,9.781329654810295e-11
GZMK,AP3B2,9.65808313395022e-11
IFI27L2,PTPRR,9.598466467743416e-11
LINC00936,AL049829.1,9.596700963957599e-11
DTX2,VSTM2B,9.471201074500879e-11
DTX2,RP11-769O8.2,9.263500251318426e-11
MLXIP,CTD-2620I22.7,9.230001968677527e-11
TESC,RP11-769O8.2,9.185863458743486e-11
LTB,EPN2-AS1,9.056513671913052e-11
FAM110A,CTD-2620I22.7,9.037621522268464e-11
IER2,RP11-362K14.7,9.002644467916963e-11
CTSZ,ESPL1,8.441743691398811e-11
SELPLG,RP11-196O16.1,8.367343081365079e-11
SYNM,WWC2-AS2,8.054637702685044e-11
CFP,RP11-713D19.1,7.757744667322182e-11
SCAPER,CAPN9,7.696480835038347e-11
CFD,RP11-29H23.4,7.692234825503232e-11
ODF3B,RIPK4,7.662222512204545e-11
MCOLN1,CAPN9,7.506498390976039e-11
PFN1,CAPN9,7.476735160231916e-11
RPL34,PDE1A,7.457754904419758e-11
CTA-384D8.34,RP4-655J12.4,7.205103910828889e-11
LGALS3,RP11-29H23.4,7.129714393348653e-11
PGRMC1,HSPA12B,6.898073411339309e-11
MFSD1,TMEM105,6.8614275356447e-11
PTRH1,HCG20,6.850299703939493e-11
KIAA0319L,HCG20,6.775093001142006e-11
DYNLT1,IL10,6.555153993473047e-11
CPM,GRIN2C,6.543529294946363e-11
ADRBK1,RP1-86C11.7,6.379909285851729e-11
NIPAL2,EPN2-AS1,6.316344521502085e-11
IER2,RP11-665G4.1,6.103466589759843e-11
RPL3,RP11-29H23.4,6.097260212231053e-11
SUPT6H,EPN2-AS1,5.942115590729193e-11
SYTL2,IQSEC3,5.865438211204222e-11
GYLTL1B,RP11-362K14.6,5.835043934168559e-11
PVR,IQSEC3,5.7573511045646765e-11
POU2F2,RP11-358L4.1,5.6928238865184096e-11
ADRBK1,RP11-787I22.3,5.690505330243447e-11
TMSB10,HCG20,5.526946917293639e-11
PASK,RP11-713D19.1,5.4610354407181734e-11
CBLN3,FAM47E,5.4547470768759226e-11
GPR63,IQSEC3,5.303684783675896e-11
COTL1,RP11-713D19.1,5.2684656915121904e-11
PVR,ESPL1,5.2115600003336746e-11
CST3,IQSEC3,5.181721925258665e-11
NUDT16,IL10,5.154199242090613e-11
SAMHD1,IL10,5.0490115120221177e-11
BCL3,RIPK4,4.8345393644882326e-11
FHL3,RP4-655J12.4,4.585124350561649e-11
RCC2,RFX8,4.510562659472546e-11
ASGR1,RP11-362K14.7,4.424035670432926e-11
CD160,RP11-118K6.3,4.413552679022842e-11
AKR1C3,RP11-511B23.2,4.3654228244083845e-11
AIF1,VNN3,4.3224109171882717e-11
BRD2,RP11-665G4.1,4.272292385921463e-11
COMT,PTH2,4.2526312071277925e-11
GSTO1,KRBOX1-1,4.2447815210145575e-11
RPPH1,PAPL,4.193264129937165e-11
TLK1,AP3B2,4.132910148590784e-11
CLU,BMP6,4.1231712794963436e-11
MT-CO1,RP11-29H23.4,4.114911223334175e-11
TREM1,GPR153,4.021063843982915e-11
FHL3,AP3B2,3.986096169296895e-11
PHC2,AP3B2,3.9704160327594135e-11
SFSWAP,HCG20,3.849963144040675e-11
AKAP9,CTC-498J12.3,3.836744349458267e-11
PPM1F,CTC-498J12.3,3.820081955751915e-11
TTL,FAM47E,3.773114924643494e-11
CD300A,IQSEC3,3.7118017032774656e-11
RP11-624L4.2,ESPL1,3.7005847898279555e-11
MYO1F,VSTM2B,3.631125894337216e-11
PRSS23,RP1-86C11.7,3.5558631505182874e-11
MAPK8IP3,RP11-665G4.1,3.551172717313526e-11
ITGAM,GPR153,3.537118661725159e-11
CACNA2D4,VNN3,3.5079691950000674e-11
CPVL,XX-FW83128A1.2,3.4041599827884516e-11
HLA-C,NLGN3,3.20700297197069e-11
RP11-274B18.2,SNRK-AS1,3.146636816555419e-11
FCRLA,CLDN23,3.1103754130149105e-11
P2RX5,CLDN23,3.0739626387862966e-11
IL3RA,SCML2,3.022343819748005e-11
RP11-392P7.6,IQSEC3,2.980192178315192e-11
AKAP9,ADAM20,2.914057114908389e-11
FAM81B,RP1-86C11.7,2.7478517752793823e-11
HLA-DQB1,AC108025.2,2.7369307396143205e-11
ADRBK1,GRIN2C,2.7000607151153856e-11
UBE2F,ADAM20,2.628917607337104e-11
TBC1D20,RP11-362K14.6,2.6068748799672942e-11
PLEKHF1,RP11-54O7.1,2.3472613145368957e-11
GZMA,VSTM2B,2.1655727171546927e-11
IQCE,VSTM2B,2.0685301521306583e-11
PTPN18,AP3B2,2.0206732961840228e-11
SYTL2,AP3B2,1.9689470857078034e-11
PFN1,HSPA12B,1.9487051631488423e-11
AKAP1,HSPA12B,1.9099259291283674e-11
HLA-DQA1,RP11-816J6.3,1.8533713627211245e-11
MALAT1,EPN2-AS1,1.7629834730771096e-11
SAT1,EPN2-AS1,1.727900098143434e-11
CFP,FOXE1,1.5479131693159608e-11
WBP2,RP11-54O7.1,1.5318446680705618e-11
COTL1,HM13-AS1,1.506620246833515e-11
CD300E,FBXO30,1.459443991834641e-11
UBE2V2,TMEM105,1.4208147025606366e-11
IFI6,SCML2,1.4182436740218676e-11
STAT3,HSPA12B,1.4151404964406988e-11
NR4A1,AC000068.5,1.3752652822142435e-11
BATF,C1orf111,1.2641756237576836e-11
CST7,AC140481.2,1.2623110745831155e-11
TMEM91,FBXO30,1.2467985400095116e-11
SERPINF1,AC000068.5,1.2357641101324783e-11
SLC12A9,VNN3,1.2208177084473599e-11
MZB1,STRIP2,1.1591963869961831e-11
ID1,SCML2,1.1572050512985331e-11
CST3,STRIP2,1.141503673804337e-11
RYK,AC000068.5,1.0995429605263944e-11
SELPLG,AP3B2,1.0750380113182171e-11
HLA-DRB5,FBXO30,1.061831589468157e-11
MT-ND1,PTH2,1.0522943700253147e-11
CST7,STRIP2,1.046412534751163e-11
ZNF624,STRIP2,1.0253500003484858e-11
MEFV,RP11-358L4.1,9.801208551237754e-12
GAPT,FAM47E,8.9640222653216e-12
BST1,RP11-168O16.1,8.318283224700616e-12
PPM1L,CTD-2192J16.26,8.041268936556192e-12
HEBP2,FBXO30,7.505712310049889e-12
NEURL4,LHX1,7.410025304138605e-12
FHL3,RP11-168O16.1,7.0005881506734e-12
CTSS,RFX8,6.926134607331725e-12
NXF1,RP11-665G4.1,6.712578450315151e-12
TNFSF13B,ADAM20,6.555700668445096e-12
TMEM141,SCML2,6.409092888072333e-12
MALAT1,RFX8,6.270702321828127e-12
MT-CO1,EPN2-AS1,6.223499738230001e-12
ISG15,VNN3,5.777969992951341e-12
NAGK,VNN3,5.660060141843973e-12
DGKZ,HCG20,5.545096056705076e-12
S100A6,GRIN2C,5.4102960307801776e-12
SERPINF1,FKBP9,5.2825286298315815e-12
PRR5L,EPN2-AS1,5.186913045849269e-12
HLA-DRB5,GRIN2C,4.0686545310242706e-12
ADRBK1,RP11-816J6.3,3.674652515446847e-12
KIAA0930,CASC2,3.493532591895932e-12
CLDN5,CASC2,3.432589595067629e-12
PPM1A,CASC2,3.364283049798102e-12
AP001189.4,CASC2,3.2956151757922763e-12
STAT3,AF131215.5,3.179288883722353e-12
CCDC82,HCG20,3.1720791804198165e-12
APOBEC3A,JAG2,3.1468534278930707e-12
DOCK2,GPR153,2.6499587630330826e-12
ZNF185,PAPL,2.592786782728556e-12
FHL3,PTH2,2.538710721987462e-12
PDXK,PTH2,2.495976205313262e-12
C1orf21,PTH2,2.479344845261118e-12
TMSB10,CXXC4,2.4753046281498408e-12
SLC19A1,CTD-2619J13.3,2.44859461801043e-12
UBA6-AS1,RP11-358L4.1,2.4432641658314976e-12
TAF4,PTH2,2.4386753840650946e-12
DOCK2,PTH2,2.410824537616892e-12
RP11-339B21.13,PTH2,2.3945689029183733e-12
MS4A1,AL049829.1,2.376509904217708e-12
FMO5,AL049829.1,2.328328890217229e-12
KLRG1,PTH2,2.2509938654188123e-12
EDEM3,RP3-323N1.2,1.866575840624438e-12
SERPINF2,RP11-665G4.1,1.8139508636445105e-12
GLIPR2,PTH2,1.6774275648443248e-12
MS4A1,CTD-3194G12.2,1.580169742169468e-12
TMSB10,RP11-816J6.3,1.5705788355880133e-12
CD101,RP11-816J6.3,1.527579185922912e-12
IRF7,KRBOX1-1,1.5106342156355933e-12
KLF6,GRIN2C,1.4664805036623873e-12
RALGPS2,AL049829.1,1.403907843818416e-12
PFN1,CTC-498J12.3,1.391261660417493e-12
KHNYN,PTH2,1.3441577465654374e-12
IL4R,PTH2,1.3400837652636702e-12
SAMHD1,RFX8,1.2877999368663629e-12
TUBB4B,GRIN2C,1.2814451060164697e-12
EFHD2,ARNTL2,1.2698096901769944e-12
DUSP1,AF131215.5,1.265186065139173e-12
HSCB,AC009312.1,1.2591739518169717e-12
DNAJC1,CYP46A1,1.2510940541113609e-12
PDLIM1,PTH2,1.155448435406071e-12
AOAH,CTD-2192J16.26,8.36212770178495e-13
PLAC8,RP11-713D19.1,7.076284085450935e-13
FGFBP2,AC068282.3,6.942569430816469e-13
APMAP,FAM47E,6.940340435869763e-13
RPL34,TMEM105,6.543125991009575e-13
MT-ND1,TNS4,6.514971084632823e-13
PFN1,PTH2,5.866592552720118e-13
MT-ND2,RP1-86C11.7,5.581067470336809e-13
CSF2RA,EPHB3,5.472940084996747e-13
CD63,RP11-54O7.1,4.558834735824879e-13
FGR,AC000068.5,4.482599673649901e-13
BRD3,SNRK-AS1,4.27967440026476e-13
SHD,RP11-276E15.4,4.0991235052623254e-13
PMAIP1,LAMB3,3.7272172147934653e-13
RPLP1,RP1-86C11.7,3.5050189745498544e-13
MAFG,CCR8,3.500685774356019e-13
YBX3,AC000068.5,3.465565895789822e-13
RGS2,CXXC4,3.4224688688633574e-13
WBP2,AC000068.5,3.406786162804845e-13
NBPF11,AC000068.5,3.3850318754878e-13
PSAP,RP11-769O8.2,3.342325925031861e-13
CTDNEP1,C11orf45,3.3021145492104e-13
GNPTAB,CTD-3194G12.2,3.070765636575799e-13
TCL1A,CCR8,2.9191893823409813e-13
DUSP1,CCR8,2.871032730006973e-13
DGKZ,CTC-498J12.3,2.759527253615549e-13
CD74,BBS5,2.538329874208182e-13
NFKBIA,EPAS1,2.494283020576778e-13
OGFRL1,RIPK4,2.474682268397829e-13
DLG3,RP11-362K14.6,2.380125128996656e-13
MT-CO1,CTD-2619J13.3,2.30186258363698e-13
CST7,COL1A1,2.2767143570613737e-13
MALAT1,C11orf45,2.2395006494945815e-13
PPAPDC1B,COL1A1,2.2314078370362527e-13
LAIR2,CTD-3194G12.2,2.1116385713835594e-13
DPP3,CTD-2192J16.26,2.0863517516483462e-13
ACTN1,CTC-498J12.3,2.0847088918488065e-13
CD8B,JAG2,2.018671436392993e-13
MT-ND2,C11orf45,1.9475549508605918e-13
CAPNS1,AC000068.5,1.900408910593506e-13
RUNX3,DDR2,1.8626927622928418e-13
ACSL3,RP11-362K14.7,1.5332263472293865e-13
LGALS12,C11orf45,1.527159380417078e-13
GZMK,STRIP2,1.4647982658231838e-13
CCL3,RP3-323N1.2,1.315950466306651e-13
GAA,C11orf45,1.21032122295796e-13
RP11-164H13.1,WWC2-AS2,1.1863992713399236e-13
HLA-A,AL049829.1,9.4177131847426e-14
NCF1,CYB5R2,6.613716292536584e-14
TYROBP,CCR8,6.473036539139171e-14
FHL3,RFX8,6.463972436193764e-14
DUSP18,CYB5R2,5.970505070581449e-14
MFSD12,RP11-54O7.1,5.851872894798026e-14
NEAT1,CYB5R2,5.524747902804342e-14
PARVB,AC009312.1,5.499488175097594e-14
NBEAL2,RP11-54O7.1,5.2772723025461616e-14
GRN,IQSEC3,5.078261243391556e-14
CTSD,JAG2,4.5299071373765386e-14
CHRNA2,ARNTL2,4.5091514209476175e-14
HLA-A,IQSEC3,4.038573733374421e-14
SAT1,RP1-261D10.2,3.605067212136252e-14
MYL6,CTC-503J8.4,3.3470762434894994e-14
KLF6,CCR8,3.1776393447322615e-14
SMPD3,C2orf48,2.8861160013815323e-14
CD79B,HM13-AS1,2.797951966347348e-14
ETV6,HM13-AS1,2.6184073136596265e-14
GNA15,GCSAML,2.5498571358949932e-14
PANK3,PAPL,2.5313414818508916e-14
BID,RP11-196O16.1,2.488546636437099e-14
C7orf50,NLGN3,2.2133651592504592e-14
NRG1,AC015971.2,2.153165596783385e-14
VIM,BBS5,2.119643329246506e-14
RPLP1,C2orf48,2.1006034653914504e-14
RP11-488L18.10,GCSAML,1.726292942685339e-14
MYBL1,RP11-54O7.1,1.6949051384689116e-14
CCL5,RP1-261D10.2,1.1718413978914524e-14
ARID5A,CTC-503J8.4,1.0474254707607444e-14
CD8A,RP11-769O8.2,8.498132815473534e-15
S100A4,CXXC4,7.769550650108262e-15
SLK,CTD-2619J13.3,7.501974199917388e-15
RP11-572O17.1,CTD-2619J13.3,7.501149956032548e-15
KDM5A,ACKR2,7.168094776457464e-15
IRF5,ESPL1,6.41435736473033e-15
NEAT1,C11orf45,6.4033120208116155e-15
OAZ1,SNRK-AS1,6.374340201810573e-15
MYCBP2,RP11-196O16.1,5.382292790272242e-15
ATF3,FKBP9,5.347767118562939e-15
STK11,CAPN9,5.054879364473621e-15
ZC3H13,RHOV,3.826769224405629e-15
TSPO,FKBP9,3.799793008064832e-15
C14orf80,RP4-655J12.4,2.966871994291127e-15
MALAT1,RP11-54O7.1,1.5672978691174625e-15
FOS,RHOV,5.134480971519132e-16
EAF2,RP11-54O7.1,3.050596952627392e-16
NKG7,CTRC,2.9161778526663784e-16
LDLR,RP11-118K6.3,2.3975307738338865e-16
S100A4,EPN2-AS1,2.340542704870146e-16
CATSPER1,VNN3,2.09837403112044e-16
JUN,BBS5,1.737176346914391e-16
IGSF6,TTC39A,1.5419785419760802e-16
OAZ1,CTD-3194G12.2,1.253296372711961e-16
DNAJC5,BMP6,1.1332471301680223e-16
DDX51,ARNTL2,1.00338607752271e-16
NKG7,RP11-276E15.4,9.66724425143485e-17
BLK,ARNTL2,9.548788939570464e-17
ARRB1,TTC39A,8.392671359661151e-17
CST3,MMP1,7.741841617654021e-17
SYNE2,RP11-769O8.2,6.703690816063676e-17
SPON2,RP4-655J12.4,4.8120261672556304e-17
OAZ1,WWC2-AS2,4.6163283422835176e-17
MYL6,BMP6,4.230479880749372e-17
RPL34,GRIN2C,3.577915826598655e-17
TSPO,GPR153,2.832696250122061e-17
KDM4B,SNRK-AS1,2.5626009598234904e-17
XPNPEP1,RIPK4,2.1560711772478254e-17
S100A4,RP11-511B23.2,1.9623647591375618e-17
SLC15A3,DNAJB5,1.9481031414367746e-17
AP1S2,ARNTL2,1.576716398874009e-17
CCDC82,ARNTL2,1.5324975857590556e-17
TSPO,RP11-29H23.4,1.4617244936454722e-17
CLDN5,STRIP2,1.3923153327930994e-17
DUSP1,CTC-498J12.3,1.0578020316540001e-17
RPP25L,RP11-54O7.1,8.513309406788944e-18
S100A4,AC000068.5,8.308678316354024e-18
SAMD3,STRIP2,8.306400572311414e-18
SNCA,BMP6,5.7882986851694815e-18
VIM,FKBP9,4.7917391651378384e-18
APOBEC3G,RP4-655J12.4,4.474112804977662e-18
TMSB4X,SNRK-AS1,3.9518538347687176e-18
HLA-DRB1,FBXO30,3.2774279989827906e-18
ICAM1,RP11-29H23.4,3.1834045786426777e-18
FTL,RP1-86C11.7,3.1163364973510563e-18
S100A4,ESPL1,2.6391150075382563e-18
TSPO,RP11-713D19.1,2.239477417925084e-18
COMT,STRIP2,1.960431258678817e-18
NAP1L5,FBXO30,1.9330131122652185e-18
DDX42,VNN3,1.65994729852756e-18
BLVRB,STRIP2,1.6311652212645463e-18
HLA-DRB1,RP11-665G4.1,1.4461338974097506e-18
FCER1G,RP11-29H23.4,1.356387186386694e-18
ATF5,CTRC,7.462783018009466e-19
VIM,RFX8,6.168226213705699e-19
ACTB,GPR153,6.031722039834345e-19
SETD5-AS1,DNAJB5,4.673332241696754e-19
RGS2,RP11-524F11.2,4.124180408591888e-19
MYL6,SCML2,4.0006270253196257e-19
CCL5,EPHB3,3.3848100757934423e-19
FTH1,RP11-816J6.3,3.187524701078472e-19
S100A6,BBS5,3.043705345983053e-19
S100A4,XX-FW83128A1.2,2.8924138325566125e-19
PSAP,PTPRR,2.35528628449181e-19
CD79B,CCDC81,2.2429757570732413e-19
RPL34,RIPK4,1.9995375724111282e-19
PFN1,AF131215.5,1.9576252187628308e-19
MYO1F,IL10,1.9243984569285693e-19
RPL3,CCDC81,1.6670080004492302e-19
HLA-DRB1,RIPK4,1.5014794469374145e-19
SOD2,IL10,1.4967543553888877e-19
S100A6,CYP46A1,1.440726990899093e-19
RRP12,EPAS1,1.2348858711220193e-19
IL32,EPAS1,1.232365695874832e-19
RSU1,SCML2,1.1178427789339254e-19
TPM4,CYP46A1,7.711208149121164e-20
GPX1,FBXO30,7.185554103067253e-20
GPX1,EPAS1,6.779271414935168e-20
BTBD6,FBXO30,5.52441858401247e-20
DGKZ,KRBOX1-1,5.473318666012536e-20
IL32,DNAJB5,3.528058386412516e-20
CD97,KRBOX1-1,3.436734976333453e-20
NUP214,DNAJB5,3.2692828620641773e-20
